response_id,source_type,source_id,station_id,date_key,acknowledged_minutes,dispatch_minutes,site_arrival_minutes,resolution_minutes,sla_breached_flag
RT000001,Incident,INC000001,ST003,20250101,3,5,7,252,N
RT000002,Incident,INC000002,ST012,20250101,1,1,1,20,N
RT000003,Incident,INC000003,ST004,20250101,4,6,12,457,Y
RT000004,Incident,INC000004,ST004,20250102,2,7,9,,Y
RT000005,Incident,INC000005,ST002,20250103,4,7,11,81,Y
RT000006,Incident,INC000006,ST010,20250104,1,1,1,1182,N
RT000007,Incident,INC000007,ST016,20250105,19,23,49,350,Y
RT000008,Incident,INC000008,ST001,20250105,8,8,15,110,Y
RT000009,Incident,INC000009,ST013,20250105,4,7,13,442,Y
RT000010,Incident,INC000010,ST003,20250105,6,8,15,101,N
RT000011,Incident,INC000011,ST007,20250105,3,4,5,33,N
RT000012,Incident,INC000012,ST008,20250105,1,1,1,,N
RT000013,Incident,INC000013,ST002,20250106,1,1,1,2469,N
RT000014,Incident,INC000014,ST008,20250106,7,10,14,1735,N
RT000015,Incident,INC000015,ST002,20250106,3,5,7,150,N
RT000016,Incident,INC000016,ST002,20250106,5,12,19,,Y
RT000017,Incident,INC000017,ST003,20250106,4,7,10,1734,N
RT000018,Incident,INC000018,ST011,20250106,5,12,19,,N
RT000019,Incident,INC000019,ST002,20250106,4,10,15,,N
RT000020,Incident,INC000020,ST001,20250107,5,9,15,507,N
RT000021,Incident,INC000021,ST008,20250107,23,53,73,30,Y
RT000022,Incident,INC000022,ST010,20250107,12,18,30,,Y
RT000023,Incident,INC000023,ST003,20250107,1,1,1,,N
RT000024,Incident,INC000024,ST013,20250108,4,11,14,1309,N
RT000025,Incident,INC000025,ST004,20250108,7,13,18,754,N
RT000026,Incident,INC000026,ST006,20250108,28,32,70,401,Y
RT000027,Incident,INC000027,ST007,20250108,48,71,89,1669,Y
RT000028,Incident,INC000028,ST004,20250109,2,2,3,164,N
RT000029,Incident,INC000029,ST002,20250109,3,3,7,1118,Y
RT000030,Incident,INC000030,ST004,20250109,1,2,3,,N
RT000031,Incident,INC000031,ST001,20250109,18,27,57,1329,Y
RT000032,Incident,INC000032,ST002,20250110,21,36,44,414,Y
RT000033,Incident,INC000033,ST011,20250111,4,8,11,1329,N
RT000034,Incident,INC000034,ST005,20250111,27,36,61,2180,Y
RT000035,Incident,INC000035,ST010,20250111,7,22,29,433,Y
RT000036,Incident,INC000036,ST015,20250112,8,13,16,644,N
RT000037,Incident,INC000037,ST004,20250112,4,3,7,2161,N
RT000038,Incident,INC000038,ST013,20250113,16,26,50,1381,Y
RT000039,Incident,INC000039,ST005,20250113,9,16,21,172,Y
RT000040,Incident,INC000040,ST007,20250113,18,25,33,947,Y
RT000041,Incident,INC000041,ST010,20250113,4,4,8,20,N
RT000042,Incident,INC000042,ST016,20250113,20,56,68,230,Y
RT000043,Incident,INC000043,ST008,20250113,14,15,32,466,Y
RT000044,Incident,INC000044,ST004,20250113,7,13,18,309,N
RT000045,Incident,INC000045,ST004,20250114,30,48,74,175,Y
RT000046,Incident,INC000046,ST016,20250114,11,28,39,1963,N
RT000047,Incident,INC000047,ST009,20250114,4,7,10,365,N
RT000048,Incident,INC000048,ST001,20250114,2,3,4,,N
RT000049,Incident,INC000049,ST009,20250114,25,61,77,,Y
RT000050,Incident,INC000050,ST002,20250114,22,23,44,929,Y
RT000051,Incident,INC000051,ST006,20250114,21,32,47,731,Y
RT000052,Incident,INC000052,ST015,20250114,3,5,8,,N
RT000053,Incident,INC000053,ST010,20250114,3,6,7,102,N
RT000054,Incident,INC000054,ST013,20250114,4,12,16,545,Y
RT000055,Incident,INC000055,ST004,20250115,6,7,11,530,N
RT000056,Incident,INC000056,ST014,20250115,3,7,13,407,Y
RT000057,Incident,INC000057,ST015,20250115,3,4,9,69,N
RT000058,Incident,INC000058,ST001,20250115,5,13,18,,N
RT000059,Incident,INC000059,ST004,20250115,12,16,27,429,Y
RT000060,Incident,INC000060,ST007,20250115,14,27,43,610,Y
RT000061,Incident,INC000061,ST007,20250115,3,8,11,257,N
RT000062,Incident,INC000062,ST006,20250115,1,1,2,241,N
RT000063,Incident,INC000063,ST001,20250115,5,10,12,,N
RT000064,Incident,INC000064,ST014,20250116,2,4,6,816,N
RT000065,Incident,INC000065,ST005,20250116,1,2,3,564,N
RT000066,Incident,INC000066,ST008,20250116,5,6,12,297,N
RT000067,Incident,INC000067,ST003,20250116,18,27,41,2719,N
RT000068,Incident,INC000068,ST002,20250117,14,24,30,,N
RT000069,Incident,INC000069,ST002,20250117,1,1,1,725,N
RT000070,Incident,INC000070,ST007,20250117,10,14,22,317,N
RT000071,Incident,INC000071,ST010,20250118,5,11,16,459,N
RT000072,Incident,INC000072,ST012,20250118,19,19,39,20,Y
RT000073,Incident,INC000073,ST010,20250118,4,8,9,95,N
RT000074,Incident,INC000074,ST002,20250118,1,1,1,344,N
RT000075,Incident,INC000075,ST013,20250119,8,13,19,986,N
RT000076,Incident,INC000076,ST010,20250119,5,11,19,391,N
RT000077,Incident,INC000077,ST013,20250119,3,5,8,,Y
RT000078,Incident,INC000078,ST003,20250120,2,5,7,422,N
RT000079,Incident,INC000079,ST014,20250120,3,3,7,105,Y
RT000080,Incident,INC000080,ST008,20250120,20,21,40,994,N
RT000081,Incident,INC000081,ST015,20250121,2,5,6,184,Y
RT000082,Incident,INC000082,ST001,20250121,7,14,23,29,Y
RT000083,Incident,INC000083,ST002,20250121,4,6,12,,N
RT000084,Incident,INC000084,ST015,20250121,4,8,10,20,N
RT000085,Incident,INC000085,ST002,20250121,7,10,19,20,Y
RT000086,Incident,INC000086,ST003,20250121,18,37,45,,Y
RT000087,Incident,INC000087,ST010,20250121,10,27,33,264,Y
RT000088,Incident,INC000088,ST001,20250121,6,8,13,,N
RT000089,Incident,INC000089,ST003,20250121,13,16,27,,Y
RT000090,Incident,INC000090,ST012,20250122,3,3,7,21,N
RT000091,Incident,INC000091,ST003,20250123,15,18,31,1269,Y
RT000092,Incident,INC000092,ST011,20250123,13,22,27,20,Y
RT000093,Incident,INC000093,ST014,20250123,4,7,9,1218,N
RT000094,Incident,INC000094,ST001,20250123,3,7,9,1460,N
RT000095,Incident,INC000095,ST004,20250123,34,39,69,2917,Y
RT000096,Incident,INC000096,ST005,20250123,4,6,12,479,N
RT000097,Incident,INC000097,ST006,20250123,28,42,70,214,Y
RT000098,Incident,INC000098,ST006,20250123,13,19,37,,N
RT000099,Incident,INC000099,ST015,20250123,3,7,10,20,N
RT000100,Incident,INC000100,ST014,20250124,6,13,19,1292,Y
RT000101,Incident,INC000101,ST008,20250124,3,3,5,436,N
RT000102,Incident,INC000102,ST010,20250124,13,12,24,,N
RT000103,Incident,INC000103,ST004,20250124,7,14,17,320,Y
RT000104,Incident,INC000104,ST015,20250125,6,9,14,,N
RT000105,Incident,INC000105,ST005,20250125,10,21,34,869,Y
RT000106,Incident,INC000106,ST015,20250126,15,31,39,413,Y
RT000107,Incident,INC000107,ST007,20250126,4,5,9,176,N
RT000108,Incident,INC000108,ST006,20250126,20,40,67,20,Y
RT000109,Incident,INC000109,ST004,20250126,4,5,8,316,N
RT000110,Incident,INC000110,ST004,20250126,1,1,3,1212,N
RT000111,Incident,INC000111,ST014,20250127,19,25,38,760,Y
RT000112,Incident,INC000112,ST004,20250127,11,18,30,429,Y
RT000113,Incident,INC000113,ST001,20250127,2,4,6,636,N
RT000114,Incident,INC000114,ST001,20250128,6,11,23,,N
RT000115,Incident,INC000115,ST001,20250128,12,15,24,,N
RT000116,Incident,INC000116,ST014,20250128,13,30,42,2406,Y
RT000117,Incident,INC000117,ST013,20250129,4,5,7,539,N
RT000118,Incident,INC000118,ST002,20250130,4,10,13,1330,N
RT000119,Incident,INC000119,ST016,20250130,17,20,32,106,Y
RT000120,Incident,INC000120,ST010,20250130,16,21,34,20,Y
RT000121,Incident,INC000121,ST002,20250130,22,42,59,463,Y
RT000122,Incident,INC000122,ST015,20250130,9,12,21,853,N
RT000123,Incident,INC000123,ST007,20250130,7,10,14,172,N
RT000124,Incident,INC000124,ST008,20250130,36,49,82,390,Y
RT000125,Incident,INC000125,ST011,20250130,5,13,18,202,N
RT000126,Incident,INC000126,ST013,20250130,11,29,41,238,Y
RT000127,Incident,INC000127,ST010,20250130,1,1,1,174,N
RT000128,Incident,INC000128,ST013,20250131,6,10,16,451,Y
RT000129,Incident,INC000129,ST001,20250201,4,5,11,147,N
RT000130,Incident,INC000130,ST010,20250201,9,14,20,345,Y
RT000131,Incident,INC000131,ST005,20250201,5,8,13,,N
RT000132,Incident,INC000132,ST001,20250202,33,36,62,,Y
RT000133,Incident,INC000133,ST015,20250202,10,13,20,848,Y
RT000134,Incident,INC000134,ST013,20250203,35,53,65,699,Y
RT000135,Incident,INC000135,ST002,20250203,12,19,28,,N
RT000136,Incident,INC000136,ST013,20250203,10,14,28,1169,Y
RT000137,Incident,INC000137,ST009,20250204,14,26,38,175,Y
RT000138,Incident,INC000138,ST003,20250204,4,5,7,396,N
RT000139,Incident,INC000139,ST011,20250204,6,16,20,798,N
RT000140,Incident,INC000140,ST010,20250205,28,26,51,1619,Y
RT000141,Incident,INC000141,ST007,20250205,25,42,50,199,Y
RT000142,Incident,INC000142,ST010,20250205,3,3,5,,N
RT000143,Incident,INC000143,ST001,20250205,31,33,58,792,Y
RT000144,Incident,INC000144,ST001,20250205,13,38,50,2281,Y
RT000145,Incident,INC000145,ST002,20250205,3,6,10,64,N
RT000146,Incident,INC000146,ST006,20250206,1,1,1,109,N
RT000147,Incident,INC000147,ST010,20250206,30,43,54,40,Y
RT000148,Incident,INC000148,ST003,20250206,5,9,15,20,N
RT000149,Incident,INC000149,ST009,20250207,6,10,20,224,N
RT000150,Incident,INC000150,ST015,20250207,5,9,13,262,N
RT000151,Incident,INC000151,ST014,20250207,5,11,15,363,Y
RT000152,Incident,INC000152,ST008,20250207,4,13,16,93,Y
RT000153,Incident,INC000153,ST003,20250207,15,25,49,652,Y
RT000154,Incident,INC000154,ST007,20250207,1,2,3,556,N
RT000155,Incident,INC000155,ST001,20250207,1,2,4,20,N
RT000156,Incident,INC000156,ST012,20250207,22,30,50,,Y
RT000157,Incident,INC000157,ST005,20250207,3,5,11,1281,N
RT000158,Incident,INC000158,ST006,20250208,1,1,2,2180,N
RT000159,Incident,INC000159,ST013,20250208,3,5,8,168,Y
RT000160,Incident,INC000160,ST014,20250208,22,29,40,356,Y
RT000161,Incident,INC000161,ST003,20250209,22,46,72,2266,Y
RT000162,Incident,INC000162,ST003,20250210,2,3,5,20,N
RT000163,Incident,INC000163,ST006,20250210,18,37,56,807,Y
RT000164,Incident,INC000164,ST010,20250210,12,18,24,2370,N
RT000165,Incident,INC000165,ST010,20250210,11,9,20,71,N
RT000166,Incident,INC000166,ST010,20250210,21,20,40,512,Y
RT000167,Incident,INC000167,ST006,20250210,22,36,74,125,Y
RT000168,Incident,INC000168,ST014,20250210,18,26,34,,Y
RT000169,Incident,INC000169,ST003,20250210,5,8,10,129,N
RT000170,Incident,INC000170,ST010,20250210,4,5,10,126,N
RT000171,Incident,INC000171,ST001,20250211,2,5,7,1343,N
RT000172,Incident,INC000172,ST015,20250211,1,1,1,,N
RT000173,Incident,INC000173,ST009,20250211,1,2,3,511,N
RT000174,Incident,INC000174,ST013,20250211,13,19,35,685,Y
RT000175,Incident,INC000175,ST013,20250211,14,41,56,93,Y
RT000176,Incident,INC000176,ST015,20250211,4,5,7,594,N
RT000177,Incident,INC000177,ST001,20250212,5,8,14,20,N
RT000178,Incident,INC000178,ST004,20250212,6,14,17,484,Y
RT000179,Incident,INC000179,ST014,20250212,11,21,40,2455,N
RT000180,Incident,INC000180,ST014,20250212,13,22,33,1068,Y
RT000181,Incident,INC000181,ST001,20250213,18,18,39,450,Y
RT000182,Incident,INC000182,ST001,20250213,6,14,23,228,Y
RT000183,Incident,INC000183,ST008,20250213,13,21,27,1135,Y
RT000184,Incident,INC000184,ST001,20250214,35,33,69,1265,Y
RT000185,Incident,INC000185,ST006,20250215,11,22,38,2342,Y
RT000186,Incident,INC000186,ST010,20250215,9,14,20,1584,N
RT000187,Incident,INC000187,ST010,20250215,1,1,1,,N
RT000188,Incident,INC000188,ST004,20250216,8,13,19,20,Y
RT000189,Incident,INC000189,ST006,20250216,4,4,8,786,N
RT000190,Incident,INC000190,ST009,20250216,4,5,10,,N
RT000191,Incident,INC000191,ST006,20250217,8,9,20,1072,Y
RT000192,Incident,INC000192,ST009,20250217,14,16,35,1188,Y
RT000193,Incident,INC000193,ST003,20250217,4,12,15,123,Y
RT000194,Incident,INC000194,ST015,20250217,4,6,9,373,N
RT000195,Incident,INC000195,ST001,20250217,5,7,10,32,Y
RT000196,Incident,INC000196,ST001,20250217,3,9,12,805,N
RT000197,Incident,INC000197,ST015,20250218,15,21,28,266,Y
RT000198,Incident,INC000198,ST002,20250219,2,4,8,361,N
RT000199,Incident,INC000199,ST001,20250219,4,9,12,2970,N
RT000200,Incident,INC000200,ST008,20250219,15,46,57,2264,Y
RT000201,Incident,INC000201,ST014,20250220,1,1,2,348,N
RT000202,Incident,INC000202,ST002,20250220,13,22,37,875,Y
RT000203,Incident,INC000203,ST010,20250220,1,1,2,602,N
RT000204,Incident,INC000204,ST010,20250220,14,23,34,1336,Y
RT000205,Incident,INC000205,ST002,20250220,1,1,1,1471,N
RT000206,Incident,INC000206,ST010,20250220,9,11,16,157,N
RT000207,Incident,INC000207,ST006,20250220,4,5,8,1545,N
RT000208,Incident,INC000208,ST002,20250221,9,10,17,325,Y
RT000209,Incident,INC000209,ST003,20250221,28,40,60,1033,Y
RT000210,Incident,INC000210,ST004,20250221,25,69,83,117,Y
RT000211,Incident,INC000211,ST004,20250221,23,36,62,302,Y
RT000212,Incident,INC000212,ST010,20250222,1,2,3,1464,N
RT000213,Incident,INC000213,ST003,20250222,8,9,16,557,Y
RT000214,Incident,INC000214,ST003,20250222,5,12,15,756,Y
RT000215,Incident,INC000215,ST010,20250223,6,14,18,35,Y
RT000216,Incident,INC000216,ST015,20250223,8,12,18,372,Y
RT000217,Incident,INC000217,ST008,20250224,1,2,3,237,N
RT000218,Incident,INC000218,ST003,20250225,7,11,16,20,Y
RT000219,Incident,INC000219,ST010,20250225,3,4,9,1357,N
RT000220,Incident,INC000220,ST014,20250225,9,11,23,273,Y
RT000221,Incident,INC000221,ST013,20250226,1,2,3,332,N
RT000222,Incident,INC000222,ST014,20250226,7,8,13,902,N
RT000223,Incident,INC000223,ST009,20250226,2,4,6,,N
RT000224,Incident,INC000224,ST001,20250226,23,38,45,943,N
RT000225,Incident,INC000225,ST001,20250226,7,13,21,1187,Y
RT000226,Incident,INC000226,ST001,20250226,34,36,78,1405,Y
RT000227,Incident,INC000227,ST001,20250226,4,11,14,1357,N
RT000228,Incident,INC000228,ST014,20250227,1,1,1,,N
RT000229,Incident,INC000229,ST007,20250227,9,23,30,2739,N
RT000230,Incident,INC000230,ST001,20250227,5,11,15,,N
RT000231,Incident,INC000231,ST012,20250228,7,10,13,,N
RT000232,Incident,INC000232,ST009,20250228,9,8,18,1727,Y
RT000233,Incident,INC000233,ST006,20250228,3,9,11,282,N
RT000234,Incident,INC000234,ST013,20250228,27,36,65,2884,Y
RT000235,Incident,INC000235,ST015,20250301,17,30,67,53,Y
RT000236,Incident,INC000236,ST010,20250301,9,11,21,,N
RT000237,Incident,INC000237,ST002,20250301,11,10,20,461,Y
RT000238,Incident,INC000238,ST013,20250301,2,2,5,,N
RT000239,Incident,INC000239,ST003,20250302,8,20,30,727,N
RT000240,Incident,INC000240,ST002,20250302,5,8,13,578,N
RT000241,Incident,INC000241,ST001,20250302,7,13,21,20,N
RT000242,Incident,INC000242,ST004,20250302,7,15,18,,Y
RT000243,Incident,INC000243,ST006,20250302,10,13,20,1773,N
RT000244,Incident,INC000244,ST008,20250303,5,6,10,424,N
RT000245,Incident,INC000245,ST011,20250304,10,17,28,2686,N
RT000246,Incident,INC000246,ST003,20250304,3,8,10,,N
RT000247,Incident,INC000247,ST010,20250304,2,5,9,973,N
RT000248,Incident,INC000248,ST009,20250304,8,21,27,264,Y
RT000249,Incident,INC000249,ST001,20250304,6,10,13,372,Y
RT000250,Incident,INC000250,ST007,20250304,25,31,56,20,Y
RT000251,Incident,INC000251,ST003,20250305,2,6,7,530,N
RT000252,Incident,INC000252,ST010,20250305,33,55,67,1251,Y
RT000253,Incident,INC000253,ST007,20250305,7,21,26,,Y
RT000254,Incident,INC000254,ST012,20250306,2,3,4,1292,N
RT000255,Incident,INC000255,ST011,20250306,7,10,16,429,N
RT000256,Incident,INC000256,ST015,20250306,11,12,21,1250,Y
RT000257,Incident,INC000257,ST010,20250306,34,79,102,1173,Y
RT000258,Incident,INC000258,ST008,20250306,4,4,8,1850,N
RT000259,Incident,INC000259,ST008,20250306,32,53,82,959,Y
RT000260,Incident,INC000260,ST006,20250307,3,5,8,325,N
RT000261,Incident,INC000261,ST007,20250307,1,1,1,150,N
RT000262,Incident,INC000262,ST010,20250307,2,5,6,20,N
RT000263,Incident,INC000263,ST003,20250308,1,3,4,558,N
RT000264,Incident,INC000264,ST006,20250308,1,1,1,20,N
RT000265,Incident,INC000265,ST009,20250308,3,7,12,498,N
RT000266,Incident,INC000266,ST002,20250308,15,22,28,830,Y
RT000267,Incident,INC000267,ST009,20250309,14,17,29,20,Y
RT000268,Incident,INC000268,ST013,20250309,13,19,29,547,Y
RT000269,Incident,INC000269,ST009,20250310,5,10,16,386,N
RT000270,Incident,INC000270,ST008,20250310,2,2,3,123,N
RT000271,Incident,INC000271,ST011,20250310,47,42,90,1184,Y
RT000272,Incident,INC000272,ST003,20250311,8,17,20,72,Y
RT000273,Incident,INC000273,ST006,20250311,11,29,40,,Y
RT000274,Incident,INC000274,ST008,20250311,5,9,11,,N
RT000275,Incident,INC000275,ST002,20250311,4,4,8,123,N
RT000276,Incident,INC000276,ST015,20250312,1,4,5,20,N
RT000277,Incident,INC000277,ST014,20250312,6,13,20,1374,N
RT000278,Incident,INC000278,ST002,20250312,13,23,42,536,Y
RT000279,Incident,INC000279,ST005,20250312,3,5,10,245,N
RT000280,Incident,INC000280,ST002,20250312,2,3,6,94,N
RT000281,Incident,INC000281,ST016,20250313,2,3,4,273,N
RT000282,Incident,INC000282,ST009,20250313,2,3,5,584,N
RT000283,Incident,INC000283,ST001,20250313,13,22,34,909,Y
RT000284,Incident,INC000284,ST007,20250313,24,58,76,1753,Y
RT000285,Incident,INC000285,ST004,20250314,7,9,15,178,N
RT000286,Incident,INC000286,ST003,20250314,3,5,9,1545,Y
RT000287,Incident,INC000287,ST006,20250314,7,10,15,547,Y
RT000288,Incident,INC000288,ST014,20250314,3,5,10,344,N
RT000289,Incident,INC000289,ST002,20250314,8,14,18,20,N
RT000290,Incident,INC000290,ST007,20250314,10,15,20,,N
RT000291,Incident,INC000291,ST010,20250314,31,45,86,1408,Y
RT000292,Incident,INC000292,ST016,20250314,19,47,56,20,Y
RT000293,Incident,INC000293,ST006,20250315,2,3,6,20,N
RT000294,Incident,INC000294,ST008,20250315,2,5,8,,N
RT000295,Incident,INC000295,ST008,20250315,14,35,41,2485,Y
RT000296,Incident,INC000296,ST003,20250316,1,2,5,432,N
RT000297,Incident,INC000297,ST003,20250317,9,8,17,376,Y
RT000298,Incident,INC000298,ST015,20250317,12,13,23,57,Y
RT000299,Incident,INC000299,ST005,20250317,1,2,2,,N
RT000300,Incident,INC000300,ST008,20250318,13,23,48,333,Y
RT000301,Incident,INC000301,ST015,20250318,1,2,5,235,N
RT000302,Incident,INC000302,ST001,20250318,5,7,10,474,N
RT000303,Incident,INC000303,ST001,20250318,6,11,19,1371,N
RT000304,Incident,INC000304,ST007,20250319,15,16,36,122,Y
RT000305,Incident,INC000305,ST008,20250319,1,1,2,,N
RT000306,Incident,INC000306,ST005,20250319,9,16,28,436,Y
RT000307,Incident,INC000307,ST001,20250319,5,11,14,1373,N
RT000308,Incident,INC000308,ST009,20250319,4,12,15,1721,N
RT000309,Incident,INC000309,ST016,20250319,7,11,17,20,N
RT000310,Incident,INC000310,ST009,20250320,5,10,16,981,N
RT000311,Incident,INC000311,ST013,20250320,17,21,45,2420,Y
RT000312,Incident,INC000312,ST010,20250320,5,11,19,1733,Y
RT000313,Incident,INC000313,ST003,20250320,10,16,27,551,N
RT000314,Incident,INC000314,ST003,20250321,24,36,43,2107,Y
RT000315,Incident,INC000315,ST002,20250321,8,10,20,20,Y
RT000316,Incident,INC000316,ST016,20250321,1,1,2,118,N
RT000317,Incident,INC000317,ST015,20250321,2,2,3,140,N
RT000318,Incident,INC000318,ST009,20250322,7,22,26,570,Y
RT000319,Incident,INC000319,ST005,20250322,3,4,6,152,N
RT000320,Incident,INC000320,ST002,20250323,3,3,5,121,N
RT000321,Incident,INC000321,ST014,20250323,6,9,16,236,Y
RT000322,Incident,INC000322,ST002,20250323,3,5,9,156,Y
RT000323,Incident,INC000323,ST002,20250323,1,1,1,115,N
RT000324,Incident,INC000324,ST015,20250323,6,10,14,2234,N
RT000325,Incident,INC000325,ST004,20250324,4,4,8,144,Y
RT000326,Incident,INC000326,ST007,20250324,4,7,12,387,Y
RT000327,Incident,INC000327,ST010,20250324,8,10,21,363,Y
RT000328,Incident,INC000328,ST003,20250324,8,9,16,536,N
RT000329,Incident,INC000329,ST006,20250325,3,5,8,376,N
RT000330,Incident,INC000330,ST004,20250325,24,21,45,,Y
RT000331,Incident,INC000331,ST010,20250325,16,32,42,1526,N
RT000332,Incident,INC000332,ST008,20250326,7,16,21,944,Y
RT000333,Incident,INC000333,ST011,20250326,4,10,14,275,Y
RT000334,Incident,INC000334,ST002,20250326,6,13,21,20,N
RT000335,Incident,INC000335,ST008,20250326,3,3,6,235,N
RT000336,Incident,INC000336,ST010,20250326,1,2,2,35,N
RT000337,Incident,INC000337,ST004,20250327,13,17,28,602,Y
RT000338,Incident,INC000338,ST002,20250328,5,11,16,275,Y
RT000339,Incident,INC000339,ST003,20250328,1,1,2,,N
RT000340,Incident,INC000340,ST015,20250328,14,18,27,856,Y
RT000341,Incident,INC000341,ST015,20250328,2,3,6,674,N
RT000342,Incident,INC000342,ST006,20250328,10,18,33,,Y
RT000343,Incident,INC000343,ST002,20250329,7,10,17,,Y
RT000344,Incident,INC000344,ST003,20250330,10,14,28,1294,Y
RT000345,Incident,INC000345,ST007,20250330,14,15,31,,Y
RT000346,Incident,INC000346,ST005,20250330,4,5,12,558,Y
RT000347,Incident,INC000347,ST012,20250331,39,48,79,,Y
RT000348,Incident,INC000348,ST001,20250401,8,11,17,,N
RT000349,Incident,INC000349,ST015,20250401,21,24,46,573,Y
RT000350,Incident,INC000350,ST010,20250401,4,6,9,518,N
RT000351,Incident,INC000351,ST002,20250401,9,10,20,255,Y
RT000352,Incident,INC000352,ST003,20250402,1,2,4,1570,N
RT000353,Incident,INC000353,ST001,20250403,7,10,13,52,Y
RT000354,Incident,INC000354,ST002,20250403,32,83,107,,Y
RT000355,Incident,INC000355,ST001,20250403,1,1,1,,N
RT000356,Incident,INC000356,ST004,20250404,2,6,8,231,N
RT000357,Incident,INC000357,ST016,20250404,1,1,2,598,N
RT000358,Incident,INC000358,ST010,20250404,12,27,35,780,Y
RT000359,Incident,INC000359,ST009,20250404,5,11,17,1571,Y
RT000360,Incident,INC000360,ST001,20250405,3,5,8,935,N
RT000361,Incident,INC000361,ST001,20250405,7,10,16,857,N
RT000362,Incident,INC000362,ST010,20250405,49,73,94,863,Y
RT000363,Incident,INC000363,ST013,20250405,12,18,22,555,Y
RT000364,Incident,INC000364,ST010,20250405,13,18,24,1637,Y
RT000365,Incident,INC000365,ST003,20250406,12,27,38,1347,Y
RT000366,Incident,INC000366,ST007,20250406,6,12,15,,Y
RT000367,Incident,INC000367,ST012,20250407,2,4,7,36,N
RT000368,Incident,INC000368,ST015,20250408,2,4,6,278,N
RT000369,Incident,INC000369,ST007,20250408,3,7,11,20,Y
RT000370,Incident,INC000370,ST001,20250408,5,7,12,182,N
RT000371,Incident,INC000371,ST003,20250409,4,6,8,702,N
RT000372,Incident,INC000372,ST008,20250409,15,23,48,390,Y
RT000373,Incident,INC000373,ST010,20250409,1,1,3,860,N
RT000374,Incident,INC000374,ST007,20250409,2,4,7,67,Y
RT000375,Incident,INC000375,ST004,20250410,12,22,33,,Y
RT000376,Incident,INC000376,ST009,20250410,31,38,74,2608,Y
RT000377,Incident,INC000377,ST012,20250410,6,11,15,477,N
RT000378,Incident,INC000378,ST004,20250410,7,9,13,50,Y
RT000379,Incident,INC000379,ST002,20250410,6,11,13,,N
RT000380,Incident,INC000380,ST002,20250411,14,27,39,405,Y
RT000381,Incident,INC000381,ST001,20250411,1,1,1,426,N
RT000382,Incident,INC000382,ST015,20250411,6,13,19,20,N
RT000383,Incident,INC000383,ST011,20250412,43,66,97,574,Y
RT000384,Incident,INC000384,ST003,20250412,1,1,2,865,N
RT000385,Incident,INC000385,ST013,20250413,15,30,39,1736,Y
RT000386,Incident,INC000386,ST005,20250414,2,4,5,295,N
RT000387,Incident,INC000387,ST001,20250414,34,62,79,379,Y
RT000388,Incident,INC000388,ST010,20250414,2,5,9,20,N
RT000389,Incident,INC000389,ST016,20250414,17,25,35,1108,Y
RT000390,Incident,INC000390,ST012,20250415,25,37,76,231,Y
RT000391,Incident,INC000391,ST016,20250415,12,17,22,1780,Y
RT000392,Incident,INC000392,ST006,20250415,12,16,34,771,N
RT000393,Incident,INC000393,ST002,20250415,24,24,45,65,Y
RT000394,Incident,INC000394,ST013,20250415,26,38,55,237,Y
RT000395,Incident,INC000395,ST016,20250415,15,16,34,669,Y
RT000396,Incident,INC000396,ST009,20250415,2,3,5,121,N
RT000397,Incident,INC000397,ST016,20250415,4,5,10,98,N
RT000398,Incident,INC000398,ST010,20250416,8,22,28,514,Y
RT000399,Incident,INC000399,ST014,20250416,6,13,22,808,Y
RT000400,Incident,INC000400,ST002,20250416,9,11,21,192,Y
RT000401,Incident,INC000401,ST002,20250416,33,42,85,230,Y
RT000402,Incident,INC000402,ST006,20250416,20,41,50,2531,Y
RT000403,Incident,INC000403,ST002,20250416,15,22,31,445,Y
RT000404,Incident,INC000404,ST014,20250416,2,3,4,391,N
RT000405,Incident,INC000405,ST001,20250416,19,23,38,1832,Y
RT000406,Incident,INC000406,ST008,20250417,1,2,4,20,N
RT000407,Incident,INC000407,ST001,20250417,27,35,62,,Y
RT000408,Incident,INC000408,ST010,20250417,2,2,4,20,N
RT000409,Incident,INC000409,ST004,20250418,13,20,33,3637,Y
RT000410,Incident,INC000410,ST002,20250418,16,32,45,,Y
RT000411,Incident,INC000411,ST006,20250418,2,5,7,967,N
RT000412,Incident,INC000412,ST009,20250418,2,3,7,524,N
RT000413,Incident,INC000413,ST010,20250418,1,4,5,369,N
RT000414,Incident,INC000414,ST013,20250419,6,8,13,1262,N
RT000415,Incident,INC000415,ST010,20250419,12,20,24,20,N
RT000416,Incident,INC000416,ST007,20250419,6,6,13,,Y
RT000417,Incident,INC000417,ST010,20250419,22,23,46,,Y
RT000418,Incident,INC000418,ST016,20250419,1,3,4,133,N
RT000419,Incident,INC000419,ST006,20250420,2,3,5,,N
RT000420,Incident,INC000420,ST010,20250420,7,12,17,596,N
RT000421,Incident,INC000421,ST004,20250421,8,16,30,260,Y
RT000422,Incident,INC000422,ST014,20250421,4,7,13,,Y
RT000423,Incident,INC000423,ST009,20250421,15,13,28,1211,Y
RT000424,Incident,INC000424,ST006,20250422,4,5,8,221,Y
RT000425,Incident,INC000425,ST015,20250423,8,9,19,299,Y
RT000426,Incident,INC000426,ST010,20250424,9,13,19,1612,Y
RT000427,Incident,INC000427,ST015,20250424,8,10,17,26,Y
RT000428,Incident,INC000428,ST001,20250424,1,2,3,,N
RT000429,Incident,INC000429,ST007,20250424,4,4,8,109,Y
RT000430,Incident,INC000430,ST001,20250425,20,33,44,294,Y
RT000431,Incident,INC000431,ST004,20250425,2,3,5,204,N
RT000432,Incident,INC000432,ST015,20250425,1,1,1,1423,N
RT000433,Incident,INC000433,ST012,20250426,6,10,17,1757,N
RT000434,Incident,INC000434,ST014,20250426,6,7,11,,N
RT000435,Incident,INC000435,ST006,20250427,46,70,85,830,Y
RT000436,Incident,INC000436,ST013,20250427,6,11,17,,Y
RT000437,Incident,INC000437,ST002,20250428,4,10,12,175,N
RT000438,Incident,INC000438,ST009,20250428,5,6,11,350,N
RT000439,Incident,INC000439,ST008,20250428,5,8,11,2132,N
RT000440,Incident,INC000440,ST003,20250428,6,9,20,20,Y
RT000441,Incident,INC000441,ST004,20250428,11,34,45,1788,Y
RT000442,Incident,INC000442,ST007,20250429,8,14,19,447,Y
RT000443,Incident,INC000443,ST004,20250429,11,22,41,,Y
RT000444,Incident,INC000444,ST014,20250429,6,11,16,1124,N
RT000445,Incident,INC000445,ST002,20250429,14,15,33,37,N
RT000446,Incident,INC000446,ST004,20250430,5,9,16,,N
RT000447,Incident,INC000447,ST014,20250501,5,8,10,,N
RT000448,Incident,INC000448,ST009,20250501,3,8,11,,N
RT000449,Incident,INC000449,ST004,20250501,8,11,15,1544,N
RT000450,Incident,INC000450,ST010,20250502,6,9,12,,N
RT000451,Incident,INC000451,ST001,20250503,13,16,26,2583,N
RT000452,Incident,INC000452,ST006,20250504,1,1,1,,N
RT000453,Incident,INC000453,ST002,20250504,11,26,37,2123,Y
RT000454,Incident,INC000454,ST009,20250504,1,1,1,288,N
RT000455,Incident,INC000455,ST003,20250505,7,12,23,131,Y
RT000456,Incident,INC000456,ST001,20250505,6,7,13,606,N
RT000457,Incident,INC000457,ST010,20250505,2,3,4,311,N
RT000458,Incident,INC000458,ST001,20250506,4,5,9,805,N
RT000459,Incident,INC000459,ST010,20250506,17,34,59,,Y
RT000460,Incident,INC000460,ST009,20250506,7,9,20,20,Y
RT000461,Incident,INC000461,ST003,20250506,13,17,36,1096,Y
RT000462,Incident,INC000462,ST001,20250506,5,5,10,445,N
RT000463,Incident,INC000463,ST001,20250507,32,65,88,297,Y
RT000464,Incident,INC000464,ST007,20250508,5,6,14,673,Y
RT000465,Incident,INC000465,ST009,20250508,2,5,9,,N
RT000466,Incident,INC000466,ST006,20250508,3,5,8,434,N
RT000467,Incident,INC000467,ST001,20250508,5,8,11,62,Y
RT000468,Incident,INC000468,ST010,20250508,16,17,37,,Y
RT000469,Incident,INC000469,ST010,20250508,3,6,9,399,N
RT000470,Incident,INC000470,ST014,20250509,1,1,2,,N
RT000471,Incident,INC000471,ST002,20250509,1,3,4,127,N
RT000472,Incident,INC000472,ST001,20250509,2,5,8,261,N
RT000473,Incident,INC000473,ST014,20250509,2,4,6,442,N
RT000474,Incident,INC000474,ST010,20250510,25,29,51,51,Y
RT000475,Incident,INC000475,ST011,20250510,7,13,17,1021,N
RT000476,Incident,INC000476,ST006,20250511,45,50,85,450,Y
RT000477,Incident,INC000477,ST001,20250511,37,67,92,283,Y
RT000478,Incident,INC000478,ST007,20250511,34,54,67,360,Y
RT000479,Incident,INC000479,ST002,20250512,1,1,1,,N
RT000480,Incident,INC000480,ST010,20250512,5,8,15,92,Y
RT000481,Incident,INC000481,ST007,20250512,27,49,103,322,Y
RT000482,Incident,INC000482,ST001,20250512,6,12,18,1363,N
RT000483,Incident,INC000483,ST005,20250512,4,5,9,1144,N
RT000484,Incident,INC000484,ST007,20250513,8,10,20,539,N
RT000485,Incident,INC000485,ST012,20250513,2,3,6,602,N
RT000486,Incident,INC000486,ST015,20250513,2,4,7,2226,N
RT000487,Incident,INC000487,ST015,20250514,1,1,1,201,N
RT000488,Incident,INC000488,ST004,20250515,4,6,9,25,N
RT000489,Incident,INC000489,ST002,20250515,25,37,49,1020,Y
RT000490,Incident,INC000490,ST001,20250515,5,7,10,90,N
RT000491,Incident,INC000491,ST007,20250516,2,4,6,20,N
RT000492,Incident,INC000492,ST009,20250516,14,16,33,956,Y
RT000493,Incident,INC000493,ST003,20250516,2,5,7,1562,N
RT000494,Incident,INC000494,ST012,20250516,14,32,50,1693,Y
RT000495,Incident,INC000495,ST011,20250517,1,2,3,221,N
RT000496,Incident,INC000496,ST014,20250517,11,28,33,1196,Y
RT000497,Incident,INC000497,ST006,20250518,27,35,61,1222,Y
RT000498,Incident,INC000498,ST006,20250518,1,1,2,1578,N
RT000499,Incident,INC000499,ST002,20250519,8,12,15,402,Y
RT000500,Incident,INC000500,ST014,20250519,4,9,14,680,N
RT000501,Incident,INC000501,ST012,20250519,10,17,25,226,Y
RT000502,Incident,INC000502,ST015,20250519,6,5,11,724,Y
RT000503,Incident,INC000503,ST016,20250519,6,7,12,339,N
RT000504,Incident,INC000504,ST001,20250520,20,35,55,593,Y
RT000505,Incident,INC000505,ST010,20250521,2,3,5,62,N
RT000506,Incident,INC000506,ST014,20250521,4,6,11,114,Y
RT000507,Incident,INC000507,ST001,20250521,3,5,10,965,N
RT000508,Incident,INC000508,ST008,20250521,3,4,7,731,N
RT000509,Incident,INC000509,ST008,20250521,1,1,1,1207,N
RT000510,Incident,INC000510,ST016,20250522,3,4,8,195,Y
RT000511,Incident,INC000511,ST004,20250523,3,9,11,242,Y
RT000512,Incident,INC000512,ST009,20250523,12,15,29,1179,N
RT000513,Incident,INC000513,ST008,20250523,3,4,6,69,Y
RT000514,Incident,INC000514,ST004,20250524,20,22,46,20,Y
RT000515,Incident,INC000515,ST006,20250524,25,29,60,20,Y
RT000516,Incident,INC000516,ST010,20250524,23,31,45,1302,N
RT000517,Incident,INC000517,ST004,20250524,1,4,5,1242,N
RT000518,Incident,INC000518,ST003,20250524,7,19,23,75,N
RT000519,Incident,INC000519,ST002,20250525,15,23,30,1691,N
RT000520,Incident,INC000520,ST002,20250525,13,16,32,2043,Y
RT000521,Incident,INC000521,ST001,20250525,5,7,10,433,N
RT000522,Incident,INC000522,ST006,20250525,3,3,6,246,N
RT000523,Incident,INC000523,ST004,20250525,12,17,25,188,Y
RT000524,Incident,INC000524,ST006,20250526,7,11,14,186,N
RT000525,Incident,INC000525,ST001,20250526,5,7,10,190,N
RT000526,Incident,INC000526,ST002,20250526,9,27,32,894,Y
RT000527,Incident,INC000527,ST006,20250526,5,13,18,2457,N
RT000528,Incident,INC000528,ST003,20250527,8,12,19,644,N
RT000529,Incident,INC000529,ST008,20250527,8,15,29,1789,Y
RT000530,Incident,INC000530,ST001,20250527,11,10,22,290,Y
RT000531,Incident,INC000531,ST009,20250527,12,18,35,1414,Y
RT000532,Incident,INC000532,ST002,20250527,6,11,18,,Y
RT000533,Incident,INC000533,ST006,20250528,4,8,13,1063,N
RT000534,Incident,INC000534,ST009,20250528,1,2,2,486,N
RT000535,Incident,INC000535,ST006,20250528,3,9,11,,N
RT000536,Incident,INC000536,ST009,20250529,17,26,31,1199,Y
RT000537,Incident,INC000537,ST010,20250529,41,47,83,98,Y
RT000538,Incident,INC000538,ST012,20250529,3,9,12,850,N
RT000539,Incident,INC000539,ST013,20250529,2,2,4,,N
RT000540,Incident,INC000540,ST004,20250529,4,6,11,261,N
RT000541,Incident,INC000541,ST006,20250530,25,62,77,,Y
RT000542,Incident,INC000542,ST016,20250530,8,7,16,782,Y
RT000543,Incident,INC000543,ST006,20250530,8,12,20,334,Y
RT000544,Incident,INC000544,ST006,20250531,12,15,21,785,N
RT000545,Incident,INC000545,ST014,20250531,1,1,2,20,N
RT000546,Incident,INC000546,ST002,20250601,13,19,28,1190,Y
RT000547,Incident,INC000547,ST008,20250601,25,38,59,1442,Y
RT000548,Incident,INC000548,ST015,20250602,6,19,25,1683,N
RT000549,Incident,INC000549,ST011,20250602,29,39,63,607,Y
RT000550,Incident,INC000550,ST015,20250602,20,50,70,253,Y
RT000551,Incident,INC000551,ST013,20250602,7,11,14,606,Y
RT000552,Incident,INC000552,ST010,20250602,7,10,16,,Y
RT000553,Incident,INC000553,ST002,20250602,4,5,8,,N
RT000554,Incident,INC000554,ST010,20250603,12,18,33,481,Y
RT000555,Incident,INC000555,ST013,20250603,5,12,14,665,N
RT000556,Incident,INC000556,ST009,20250603,3,5,8,1270,N
RT000557,Incident,INC000557,ST006,20250603,15,33,53,,Y
RT000558,Incident,INC000558,ST007,20250603,1,1,1,1012,N
RT000559,Incident,INC000559,ST009,20250604,5,10,14,,N
RT000560,Incident,INC000560,ST006,20250604,23,46,68,20,Y
RT000561,Incident,INC000561,ST007,20250604,37,59,73,1130,Y
RT000562,Incident,INC000562,ST008,20250604,7,9,17,1176,Y
RT000563,Incident,INC000563,ST008,20250604,11,21,40,1069,Y
RT000564,Incident,INC000564,ST004,20250604,16,21,32,912,Y
RT000565,Incident,INC000565,ST016,20250605,1,1,1,171,N
RT000566,Incident,INC000566,ST002,20250606,11,15,26,2231,N
RT000567,Incident,INC000567,ST010,20250606,14,26,44,1528,Y
RT000568,Incident,INC000568,ST013,20250606,2,4,8,43,N
RT000569,Incident,INC000569,ST002,20250607,6,6,13,,Y
RT000570,Incident,INC000570,ST008,20250607,7,12,15,123,N
RT000571,Incident,INC000571,ST015,20250608,1,1,1,265,N
RT000572,Incident,INC000572,ST013,20250608,9,12,17,315,Y
RT000573,Incident,INC000573,ST001,20250609,14,19,27,1511,N
RT000574,Incident,INC000574,ST013,20250609,32,30,63,1434,Y
RT000575,Incident,INC000575,ST010,20250609,16,30,36,416,Y
RT000576,Incident,INC000576,ST009,20250610,7,20,24,995,N
RT000577,Incident,INC000577,ST001,20250610,27,59,80,20,Y
RT000578,Incident,INC000578,ST008,20250610,2,3,5,20,N
RT000579,Incident,INC000579,ST013,20250610,1,1,1,963,N
RT000580,Incident,INC000580,ST013,20250610,17,36,58,,Y
RT000581,Incident,INC000581,ST007,20250611,4,8,11,806,N
RT000582,Incident,INC000582,ST004,20250612,7,17,20,1316,N
RT000583,Incident,INC000583,ST001,20250613,7,13,18,1417,Y
RT000584,Incident,INC000584,ST002,20250613,7,11,15,20,Y
RT000585,Incident,INC000585,ST002,20250613,7,8,16,131,Y
RT000586,Incident,INC000586,ST002,20250613,4,6,9,42,Y
RT000587,Incident,INC000587,ST010,20250613,7,18,22,20,Y
RT000588,Incident,INC000588,ST004,20250614,6,10,17,1104,N
RT000589,Incident,INC000589,ST001,20250614,14,24,46,,Y
RT000590,Incident,INC000590,ST005,20250615,2,7,9,81,Y
RT000591,Incident,INC000591,ST004,20250615,2,5,7,97,N
RT000592,Incident,INC000592,ST007,20250616,5,9,13,407,Y
RT000593,Incident,INC000593,ST003,20250616,1,1,1,53,N
RT000594,Incident,INC000594,ST009,20250616,2,3,5,587,N
RT000595,Incident,INC000595,ST007,20250617,45,77,98,1276,Y
RT000596,Incident,INC000596,ST004,20250617,5,12,17,356,N
RT000597,Incident,INC000597,ST001,20250617,10,15,21,,Y
RT000598,Incident,INC000598,ST003,20250618,1,1,1,20,N
RT000599,Incident,INC000599,ST012,20250618,8,8,17,,Y
RT000600,Incident,INC000600,ST010,20250618,6,14,21,22,Y
RT000601,Incident,INC000601,ST002,20250618,4,6,8,489,N
RT000602,Incident,INC000602,ST009,20250618,4,8,11,70,Y
RT000603,Incident,INC000603,ST011,20250618,3,7,10,281,N
RT000604,Incident,INC000604,ST003,20250619,1,1,1,,N
RT000605,Incident,INC000605,ST001,20250619,4,5,8,1455,N
RT000606,Incident,INC000606,ST009,20250619,1,2,2,1091,N
RT000607,Incident,INC000607,ST014,20250619,13,31,45,850,Y
RT000608,Incident,INC000608,ST010,20250619,3,3,5,524,N
RT000609,Incident,INC000609,ST009,20250619,10,18,25,366,Y
RT000610,Incident,INC000610,ST014,20250620,16,24,46,366,Y
RT000611,Incident,INC000611,ST015,20250620,10,15,22,1738,N
RT000612,Incident,INC000612,ST004,20250620,10,16,22,651,Y
RT000613,Incident,INC000613,ST015,20250620,9,30,35,1607,Y
RT000614,Incident,INC000614,ST003,20250620,3,5,7,77,N
RT000615,Incident,INC000615,ST006,20250620,10,22,32,1558,Y
RT000616,Incident,INC000616,ST006,20250620,6,7,12,275,N
RT000617,Incident,INC000617,ST010,20250620,2,4,6,175,N
RT000618,Incident,INC000618,ST010,20250621,24,33,51,1394,Y
RT000619,Incident,INC000619,ST005,20250621,10,9,18,681,Y
RT000620,Incident,INC000620,ST003,20250622,44,50,86,775,Y
RT000621,Incident,INC000621,ST003,20250622,4,6,9,88,Y
RT000622,Incident,INC000622,ST009,20250622,11,13,26,,Y
RT000623,Incident,INC000623,ST014,20250622,50,49,91,507,Y
RT000624,Incident,INC000624,ST008,20250623,4,6,9,594,N
RT000625,Incident,INC000625,ST010,20250623,10,13,20,1154,N
RT000626,Incident,INC000626,ST002,20250623,3,6,10,284,N
RT000627,Incident,INC000627,ST005,20250623,3,4,7,300,N
RT000628,Incident,INC000628,ST010,20250624,10,17,21,2079,Y
RT000629,Incident,INC000629,ST010,20250624,1,1,1,313,N
RT000630,Incident,INC000630,ST007,20250624,5,8,13,665,N
RT000631,Incident,INC000631,ST014,20250624,10,14,21,697,Y
RT000632,Incident,INC000632,ST010,20250624,4,5,7,308,N
RT000633,Incident,INC000633,ST010,20250624,38,54,97,2593,Y
RT000634,Incident,INC000634,ST009,20250625,6,9,14,3313,N
RT000635,Incident,INC000635,ST003,20250625,1,1,1,2025,N
RT000636,Incident,INC000636,ST007,20250625,21,24,38,20,N
RT000637,Incident,INC000637,ST011,20250625,22,31,53,1133,Y
RT000638,Incident,INC000638,ST006,20250625,9,9,19,1819,Y
RT000639,Incident,INC000639,ST015,20250626,13,15,28,20,Y
RT000640,Incident,INC000640,ST014,20250626,2,4,8,153,N
RT000641,Incident,INC000641,ST014,20250626,16,26,37,703,Y
RT000642,Incident,INC000642,ST004,20250627,1,2,3,816,N
RT000643,Incident,INC000643,ST007,20250627,2,6,8,3967,N
RT000644,Incident,INC000644,ST009,20250627,2,4,5,72,N
RT000645,Incident,INC000645,ST013,20250627,21,42,71,20,Y
RT000646,Incident,INC000646,ST004,20250627,5,8,13,2103,N
RT000647,Incident,INC000647,ST015,20250628,4,5,8,325,N
RT000648,Incident,INC000648,ST007,20250629,6,9,14,456,N
RT000649,Incident,INC000649,ST007,20250629,4,7,12,1906,N
RT000650,Incident,INC000650,ST016,20250629,4,8,15,89,N
RT000651,Incident,INC000651,ST014,20250629,32,45,71,1031,Y
RT000652,Incident,INC000652,ST001,20250630,12,18,24,727,N
RT000653,Incident,INC000653,ST002,20250630,18,41,55,2574,Y
RT000654,Incident,INC000654,ST013,20250630,4,8,16,,Y
RT000655,Incident,INC000655,ST007,20250630,3,8,11,504,Y
RT000656,Incident,INC000656,ST007,20250630,13,39,50,3387,Y
RT000657,Incident,INC000657,ST016,20250701,9,13,19,590,N
RT000658,Incident,INC000658,ST001,20250701,5,7,11,293,Y
RT000659,Incident,INC000659,ST016,20250701,38,59,110,1505,Y
RT000660,Incident,INC000660,ST001,20250702,10,18,23,,Y
RT000661,Incident,INC000661,ST003,20250702,4,4,8,,N
RT000662,Incident,INC000662,ST016,20250702,10,18,32,2547,Y
RT000663,Incident,INC000663,ST001,20250702,42,54,92,1552,Y
RT000664,Incident,INC000664,ST001,20250702,2,5,6,471,N
RT000665,Incident,INC000665,ST006,20250702,1,1,1,494,N
RT000666,Incident,INC000666,ST005,20250703,1,1,1,,N
RT000667,Incident,INC000667,ST009,20250703,7,19,24,20,Y
RT000668,Incident,INC000668,ST013,20250703,13,20,32,,N
RT000669,Incident,INC000669,ST009,20250704,6,6,13,834,N
RT000670,Incident,INC000670,ST006,20250704,28,26,51,233,Y
RT000671,Incident,INC000671,ST013,20250704,1,1,2,573,N
RT000672,Incident,INC000672,ST011,20250705,16,23,49,1204,Y
RT000673,Incident,INC000673,ST007,20250705,2,3,6,1319,N
RT000674,Incident,INC000674,ST012,20250706,3,9,13,644,N
RT000675,Incident,INC000675,ST010,20250706,23,38,70,153,Y
RT000676,Incident,INC000676,ST002,20250707,17,21,34,,Y
RT000677,Incident,INC000677,ST013,20250707,30,57,89,3312,Y
RT000678,Incident,INC000678,ST010,20250707,1,1,1,367,N
RT000679,Incident,INC000679,ST003,20250708,8,12,16,131,Y
RT000680,Incident,INC000680,ST008,20250708,9,20,25,,Y
RT000681,Incident,INC000681,ST013,20250708,1,1,1,115,N
RT000682,Incident,INC000682,ST007,20250708,5,8,17,497,N
RT000683,Incident,INC000683,ST015,20250708,3,3,7,521,N
RT000684,Incident,INC000684,ST006,20250708,1,1,1,325,N
RT000685,Incident,INC000685,ST008,20250709,33,43,65,1502,Y
RT000686,Incident,INC000686,ST002,20250710,3,3,7,955,N
RT000687,Incident,INC000687,ST002,20250710,8,18,27,675,Y
RT000688,Incident,INC000688,ST003,20250710,23,34,43,1276,N
RT000689,Incident,INC000689,ST015,20250710,8,10,14,599,N
RT000690,Incident,INC000690,ST009,20250711,11,21,29,105,Y
RT000691,Incident,INC000691,ST010,20250711,3,4,9,20,N
RT000692,Incident,INC000692,ST007,20250711,5,10,12,20,N
RT000693,Incident,INC000693,ST010,20250712,12,18,24,41,Y
RT000694,Incident,INC000694,ST014,20250712,5,6,13,320,Y
RT000695,Incident,INC000695,ST003,20250712,7,19,28,187,Y
RT000696,Incident,INC000696,ST002,20250712,7,15,18,389,Y
RT000697,Incident,INC000697,ST010,20250712,12,23,27,,N
RT000698,Incident,INC000698,ST010,20250713,12,18,25,,N
RT000699,Incident,INC000699,ST007,20250713,32,47,80,1436,Y
RT000700,Incident,INC000700,ST001,20250714,5,7,10,711,N
RT000701,Incident,INC000701,ST010,20250714,5,8,10,521,N
RT000702,Incident,INC000702,ST002,20250714,6,7,13,20,Y
RT000703,Incident,INC000703,ST001,20250714,26,40,82,20,Y
RT000704,Incident,INC000704,ST015,20250715,14,17,32,401,Y
RT000705,Incident,INC000705,ST010,20250715,1,3,4,54,N
RT000706,Incident,INC000706,ST004,20250715,2,4,5,754,N
RT000707,Incident,INC000707,ST001,20250715,24,43,53,,Y
RT000708,Incident,INC000708,ST008,20250716,2,2,4,223,N
RT000709,Incident,INC000709,ST003,20250716,17,25,48,906,Y
RT000710,Incident,INC000710,ST014,20250716,7,10,13,808,Y
RT000711,Incident,INC000711,ST003,20250716,13,19,23,1305,Y
RT000712,Incident,INC000712,ST013,20250716,7,20,24,220,Y
RT000713,Incident,INC000713,ST006,20250717,14,31,42,149,Y
RT000714,Incident,INC000714,ST007,20250717,1,1,2,102,N
RT000715,Incident,INC000715,ST013,20250717,30,33,62,151,Y
RT000716,Incident,INC000716,ST014,20250717,3,7,9,,Y
RT000717,Incident,INC000717,ST010,20250717,20,35,53,256,Y
RT000718,Incident,INC000718,ST005,20250718,4,5,9,727,N
RT000719,Incident,INC000719,ST006,20250718,7,11,18,1903,N
RT000720,Incident,INC000720,ST002,20250718,1,1,1,344,N
RT000721,Incident,INC000721,ST001,20250718,12,19,24,209,Y
RT000722,Incident,INC000722,ST013,20250718,5,13,19,20,Y
RT000723,Incident,INC000723,ST007,20250719,6,11,14,1228,N
RT000724,Incident,INC000724,ST002,20250719,4,9,15,510,N
RT000725,Incident,INC000725,ST002,20250719,3,5,9,111,N
RT000726,Incident,INC000726,ST009,20250719,2,4,6,101,N
RT000727,Incident,INC000727,ST013,20250719,9,14,21,408,N
RT000728,Incident,INC000728,ST002,20250720,3,4,6,63,N
RT000729,Incident,INC000729,ST001,20250720,13,18,29,1618,Y
RT000730,Incident,INC000730,ST006,20250720,3,6,7,20,Y
RT000731,Incident,INC000731,ST004,20250720,6,13,16,43,Y
RT000732,Incident,INC000732,ST015,20250720,4,9,13,252,N
RT000733,Incident,INC000733,ST002,20250721,8,11,18,1454,Y
RT000734,Incident,INC000734,ST003,20250721,10,16,30,20,N
RT000735,Incident,INC000735,ST010,20250721,10,22,32,533,Y
RT000736,Incident,INC000736,ST008,20250721,3,6,11,558,N
RT000737,Incident,INC000737,ST003,20250722,22,43,72,1044,Y
RT000738,Incident,INC000738,ST004,20250722,16,31,38,1639,Y
RT000739,Incident,INC000739,ST003,20250722,25,47,59,2916,Y
RT000740,Incident,INC000740,ST007,20250722,2,2,3,120,N
RT000741,Incident,INC000741,ST008,20250722,4,7,11,1650,Y
RT000742,Incident,INC000742,ST004,20250723,7,13,21,20,N
RT000743,Incident,INC000743,ST008,20250724,20,27,51,2086,Y
RT000744,Incident,INC000744,ST009,20250724,2,3,5,200,N
RT000745,Incident,INC000745,ST013,20250724,11,33,42,20,N
RT000746,Incident,INC000746,ST006,20250725,7,10,14,529,Y
RT000747,Incident,INC000747,ST014,20250725,15,24,33,2356,N
RT000748,Incident,INC000748,ST007,20250725,2,6,9,,N
RT000749,Incident,INC000749,ST001,20250725,27,32,57,1122,Y
RT000750,Incident,INC000750,ST004,20250726,7,16,21,405,Y
RT000751,Incident,INC000751,ST007,20250726,6,11,22,20,Y
RT000752,Incident,INC000752,ST006,20250727,63,92,115,1910,Y
RT000753,Incident,INC000753,ST003,20250728,15,32,45,,Y
RT000754,Incident,INC000754,ST011,20250728,43,44,88,515,Y
RT000755,Incident,INC000755,ST003,20250728,1,1,1,180,N
RT000756,Incident,INC000756,ST007,20250729,3,5,9,20,N
RT000757,Incident,INC000757,ST008,20250729,7,16,20,1639,N
RT000758,Incident,INC000758,ST013,20250729,4,6,8,388,N
RT000759,Incident,INC000759,ST009,20250730,12,20,30,843,N
RT000760,Incident,INC000760,ST010,20250730,1,2,3,20,N
RT000761,Incident,INC000761,ST002,20250730,6,9,17,702,N
RT000762,Incident,INC000762,ST009,20250730,4,5,8,130,N
RT000763,Incident,INC000763,ST009,20250731,1,1,1,,N
RT000764,Incident,INC000764,ST001,20250731,3,6,8,,N
RT000765,Incident,INC000765,ST007,20250731,10,11,18,986,N
RT000766,Incident,INC000766,ST010,20250731,2,4,6,,N
RT000767,Incident,INC000767,ST008,20250801,3,6,7,,N
RT000768,Incident,INC000768,ST007,20250801,2,4,5,756,N
RT000769,Incident,INC000769,ST001,20250801,5,11,16,100,Y
RT000770,Incident,INC000770,ST011,20250801,3,5,10,980,N
RT000771,Incident,INC000771,ST002,20250802,5,9,15,20,N
RT000772,Incident,INC000772,ST015,20250803,5,9,11,276,N
RT000773,Incident,INC000773,ST013,20250803,6,10,12,379,Y
RT000774,Incident,INC000774,ST001,20250804,36,61,92,53,Y
RT000775,Incident,INC000775,ST001,20250804,2,4,7,161,N
RT000776,Incident,INC000776,ST014,20250804,24,41,50,1788,Y
RT000777,Incident,INC000777,ST003,20250805,4,6,9,20,Y
RT000778,Incident,INC000778,ST008,20250805,7,12,20,1195,N
RT000779,Incident,INC000779,ST001,20250805,8,12,21,87,Y
RT000780,Incident,INC000780,ST003,20250805,1,1,1,244,N
RT000781,Incident,INC000781,ST015,20250805,1,1,2,89,N
RT000782,Incident,INC000782,ST002,20250805,4,6,11,724,N
RT000783,Incident,INC000783,ST010,20250805,15,30,36,1849,Y
RT000784,Incident,INC000784,ST013,20250805,3,8,13,312,Y
RT000785,Incident,INC000785,ST011,20250805,5,11,15,1472,Y
RT000786,Incident,INC000786,ST001,20250806,5,5,10,,N
RT000787,Incident,INC000787,ST003,20250806,8,11,19,216,Y
RT000788,Incident,INC000788,ST002,20250806,21,34,43,136,Y
RT000789,Incident,INC000789,ST002,20250807,5,10,12,159,N
RT000790,Incident,INC000790,ST007,20250807,3,3,6,326,N
RT000791,Incident,INC000791,ST009,20250807,3,4,6,169,N
RT000792,Incident,INC000792,ST006,20250808,32,32,62,1798,Y
RT000793,Incident,INC000793,ST010,20250808,19,25,38,2970,N
RT000794,Incident,INC000794,ST010,20250808,9,15,19,1655,N
RT000795,Incident,INC000795,ST006,20250808,3,6,7,,Y
RT000796,Incident,INC000796,ST006,20250808,4,5,7,,N
RT000797,Incident,INC000797,ST001,20250808,2,3,4,1402,N
RT000798,Incident,INC000798,ST008,20250808,4,8,10,,N
RT000799,Incident,INC000799,ST007,20250808,18,17,35,1050,Y
RT000800,Incident,INC000800,ST010,20250809,7,8,15,1070,N
RT000801,Incident,INC000801,ST006,20250810,4,9,15,302,Y
RT000802,Incident,INC000802,ST006,20250810,10,14,21,542,Y
RT000803,Incident,INC000803,ST001,20250811,5,9,19,375,N
RT000804,Incident,INC000804,ST007,20250811,1,1,1,95,N
RT000805,Incident,INC000805,ST001,20250811,5,10,12,20,N
RT000806,Incident,INC000806,ST005,20250812,20,25,43,343,Y
RT000807,Incident,INC000807,ST016,20250813,26,39,56,2487,Y
RT000808,Incident,INC000808,ST013,20250813,2,4,5,47,N
RT000809,Incident,INC000809,ST003,20250813,8,12,20,1264,N
RT000810,Incident,INC000810,ST002,20250813,10,18,33,,Y
RT000811,Incident,INC000811,ST002,20250813,12,15,30,1789,Y
RT000812,Incident,INC000812,ST001,20250813,14,24,37,2014,Y
RT000813,Incident,INC000813,ST015,20250813,1,1,1,412,N
RT000814,Incident,INC000814,ST003,20250813,14,16,29,834,N
RT000815,Incident,INC000815,ST001,20250814,13,15,27,20,Y
RT000816,Incident,INC000816,ST007,20250814,19,29,42,704,Y
RT000817,Incident,INC000817,ST010,20250814,8,10,21,,Y
RT000818,Incident,INC000818,ST002,20250815,5,8,17,160,Y
RT000819,Incident,INC000819,ST008,20250816,8,9,18,,Y
RT000820,Incident,INC000820,ST004,20250817,9,15,18,1369,N
RT000821,Incident,INC000821,ST010,20250817,18,27,48,2537,Y
RT000822,Incident,INC000822,ST003,20250818,34,51,74,1736,Y
RT000823,Incident,INC000823,ST001,20250818,4,8,9,375,N
RT000824,Incident,INC000824,ST008,20250818,25,38,64,3407,Y
RT000825,Incident,INC000825,ST007,20250818,30,81,101,,Y
RT000826,Incident,INC000826,ST014,20250818,14,13,28,1170,Y
RT000827,Incident,INC000827,ST006,20250819,3,8,12,121,N
RT000828,Incident,INC000828,ST009,20250819,9,8,16,854,Y
RT000829,Incident,INC000829,ST013,20250819,18,18,37,502,Y
RT000830,Incident,INC000830,ST014,20250819,3,3,5,1608,N
RT000831,Incident,INC000831,ST003,20250819,30,78,97,426,Y
RT000832,Incident,INC000832,ST005,20250820,3,4,6,40,N
RT000833,Incident,INC000833,ST012,20250820,16,20,30,,N
RT000834,Incident,INC000834,ST006,20250820,1,1,1,,N
RT000835,Incident,INC000835,ST002,20250820,2,6,8,228,N
RT000836,Incident,INC000836,ST004,20250820,4,5,8,20,Y
RT000837,Incident,INC000837,ST015,20250820,5,6,10,1585,N
RT000838,Incident,INC000838,ST010,20250820,9,15,28,,N
RT000839,Incident,INC000839,ST013,20250820,22,39,52,1687,Y
RT000840,Incident,INC000840,ST003,20250821,15,35,42,3550,Y
RT000841,Incident,INC000841,ST009,20250821,5,10,13,,N
RT000842,Incident,INC000842,ST006,20250821,16,18,38,96,Y
RT000843,Incident,INC000843,ST002,20250822,2,4,5,226,N
RT000844,Incident,INC000844,ST002,20250822,1,1,1,372,N
RT000845,Incident,INC000845,ST006,20250822,9,12,17,1066,Y
RT000846,Incident,INC000846,ST015,20250823,5,6,12,1181,N
RT000847,Incident,INC000847,ST001,20250823,5,9,12,20,Y
RT000848,Incident,INC000848,ST002,20250824,1,1,1,602,N
RT000849,Incident,INC000849,ST009,20250824,14,43,56,,Y
RT000850,Incident,INC000850,ST006,20250825,1,3,5,159,N
RT000851,Incident,INC000851,ST005,20250826,16,15,29,832,Y
RT000852,Incident,INC000852,ST001,20250827,6,12,18,,N
RT000853,Incident,INC000853,ST001,20250827,16,37,47,1012,Y
RT000854,Incident,INC000854,ST001,20250827,1,2,3,221,N
RT000855,Incident,INC000855,ST015,20250828,22,39,53,1533,Y
RT000856,Incident,INC000856,ST001,20250828,24,31,51,224,Y
RT000857,Incident,INC000857,ST006,20250828,12,12,26,822,Y
RT000858,Incident,INC000858,ST001,20250828,4,8,13,202,N
RT000859,Incident,INC000859,ST010,20250828,17,46,56,225,Y
RT000860,Incident,INC000860,ST002,20250828,42,70,84,593,Y
RT000861,Incident,INC000861,ST007,20250828,4,6,9,391,N
RT000862,Incident,INC000862,ST001,20250828,3,6,12,1037,N
RT000863,Incident,INC000863,ST015,20250829,16,26,31,20,Y
RT000864,Incident,INC000864,ST001,20250829,2,3,5,1312,N
RT000865,Incident,INC000865,ST003,20250829,7,10,14,1002,N
RT000866,Incident,INC000866,ST001,20250830,4,8,11,228,N
RT000867,Incident,INC000867,ST009,20250831,12,28,43,1225,Y
RT000868,Incident,INC000868,ST006,20250831,1,1,1,140,N
RT000869,Incident,INC000869,ST001,20250901,11,18,30,1926,Y
RT000870,Incident,INC000870,ST002,20250901,2,3,4,41,N
RT000871,Incident,INC000871,ST006,20250901,1,2,2,,N
RT000872,Incident,INC000872,ST015,20250901,1,1,1,168,N
RT000873,Incident,INC000873,ST001,20250902,5,8,11,533,N
RT000874,Incident,INC000874,ST003,20250902,12,20,33,1172,Y
RT000875,Incident,INC000875,ST009,20250902,1,1,2,,N
RT000876,Incident,INC000876,ST014,20250903,5,8,13,126,Y
RT000877,Incident,INC000877,ST012,20250904,6,5,11,122,Y
RT000878,Incident,INC000878,ST003,20250904,8,12,19,590,N
RT000879,Incident,INC000879,ST013,20250904,16,26,47,1699,Y
RT000880,Incident,INC000880,ST011,20250905,5,9,17,20,N
RT000881,Incident,INC000881,ST001,20250905,20,43,75,1593,Y
RT000882,Incident,INC000882,ST009,20250905,4,12,16,332,Y
RT000883,Incident,INC000883,ST015,20250906,10,25,34,2930,Y
RT000884,Incident,INC000884,ST006,20250906,9,18,26,1032,Y
RT000885,Incident,INC000885,ST002,20250907,10,15,19,544,N
RT000886,Incident,INC000886,ST014,20250907,8,10,15,281,Y
RT000887,Incident,INC000887,ST007,20250908,17,34,42,1376,N
RT000888,Incident,INC000888,ST006,20250908,15,36,45,1528,Y
RT000889,Incident,INC000889,ST001,20250908,7,22,26,2009,Y
RT000890,Incident,INC000890,ST003,20250908,8,13,18,142,Y
RT000891,Incident,INC000891,ST001,20250908,7,12,16,,Y
RT000892,Incident,INC000892,ST001,20250909,6,8,12,514,N
RT000893,Incident,INC000893,ST004,20250909,6,7,14,20,N
RT000894,Incident,INC000894,ST002,20250909,18,42,55,2481,Y
RT000895,Incident,INC000895,ST006,20250910,6,7,11,234,N
RT000896,Incident,INC000896,ST009,20250910,2,2,4,569,N
RT000897,Incident,INC000897,ST014,20250910,3,5,10,494,N
RT000898,Incident,INC000898,ST015,20250910,5,5,11,340,N
RT000899,Incident,INC000899,ST010,20250911,3,6,8,1414,Y
RT000900,Incident,INC000900,ST003,20250911,7,20,24,1407,N
RT000901,Incident,INC000901,ST001,20250911,14,22,42,771,Y
RT000902,Incident,INC000902,ST013,20250912,31,52,86,1884,Y
RT000903,Incident,INC000903,ST003,20250912,15,41,58,1415,Y
RT000904,Incident,INC000904,ST001,20250912,11,21,28,1622,Y
RT000905,Incident,INC000905,ST001,20250912,3,4,8,438,N
RT000906,Incident,INC000906,ST002,20250913,10,11,21,86,Y
RT000907,Incident,INC000907,ST004,20250913,1,1,1,69,N
RT000908,Incident,INC000908,ST012,20250913,15,29,36,3148,Y
RT000909,Incident,INC000909,ST002,20250913,2,3,6,20,N
RT000910,Incident,INC000910,ST005,20250914,3,7,10,1406,N
RT000911,Incident,INC000911,ST002,20250914,4,4,9,1673,N
RT000912,Incident,INC000912,ST016,20250915,10,19,37,286,N
RT000913,Incident,INC000913,ST016,20250915,11,16,27,580,Y
RT000914,Incident,INC000914,ST010,20250915,23,35,63,,Y
RT000915,Incident,INC000915,ST004,20250915,2,3,6,449,N
RT000916,Incident,INC000916,ST004,20250916,2,7,9,71,N
RT000917,Incident,INC000917,ST012,20250916,7,12,17,222,Y
RT000918,Incident,INC000918,ST002,20250916,1,2,2,,N
RT000919,Incident,INC000919,ST004,20250917,15,18,29,,Y
RT000920,Incident,INC000920,ST008,20250917,7,19,24,1089,Y
RT000921,Incident,INC000921,ST004,20250917,17,45,54,655,Y
RT000922,Incident,INC000922,ST002,20250918,14,21,41,1839,Y
RT000923,Incident,INC000923,ST015,20250918,12,29,34,246,Y
RT000924,Incident,INC000924,ST002,20250918,21,22,44,146,Y
RT000925,Incident,INC000925,ST013,20250918,15,26,32,172,Y
RT000926,Incident,INC000926,ST012,20250918,2,3,5,64,N
RT000927,Incident,INC000927,ST008,20250918,7,14,21,369,N
RT000928,Incident,INC000928,ST004,20250919,3,3,6,1231,N
RT000929,Incident,INC000929,ST011,20250919,4,5,7,,Y
RT000930,Incident,INC000930,ST007,20250919,3,9,12,519,N
RT000931,Incident,INC000931,ST003,20250919,13,19,26,843,Y
RT000932,Incident,INC000932,ST002,20250919,3,8,11,300,N
RT000933,Incident,INC000933,ST005,20250920,13,25,41,2581,Y
RT000934,Incident,INC000934,ST004,20250920,42,62,83,192,Y
RT000935,Incident,INC000935,ST003,20250921,4,10,13,43,N
RT000936,Incident,INC000936,ST014,20250921,13,13,26,2498,Y
RT000937,Incident,INC000937,ST014,20250922,14,20,27,449,Y
RT000938,Incident,INC000938,ST001,20250922,21,32,40,2721,N
RT000939,Incident,INC000939,ST005,20250922,7,14,18,1087,N
RT000940,Incident,INC000940,ST001,20250922,15,26,48,20,Y
RT000941,Incident,INC000941,ST015,20250922,4,10,16,2308,N
RT000942,Incident,INC000942,ST003,20250922,6,11,16,1998,N
RT000943,Incident,INC000943,ST010,20250922,9,11,18,,Y
RT000944,Incident,INC000944,ST001,20250922,5,9,11,418,Y
RT000945,Incident,INC000945,ST004,20250922,7,10,13,1509,N
RT000946,Incident,INC000946,ST015,20250923,9,11,20,1058,Y
RT000947,Incident,INC000947,ST002,20250923,60,56,121,718,Y
RT000948,Incident,INC000948,ST008,20250923,10,22,34,408,Y
RT000949,Incident,INC000949,ST007,20250923,15,12,27,2230,N
RT000950,Incident,INC000950,ST013,20250923,10,19,25,20,N
RT000951,Incident,INC000951,ST010,20250924,11,15,31,1487,Y
RT000952,Incident,INC000952,ST010,20250925,13,22,34,557,Y
RT000953,Incident,INC000953,ST002,20250925,19,34,54,,Y
RT000954,Incident,INC000954,ST003,20250925,4,4,9,73,N
RT000955,Incident,INC000955,ST007,20250925,2,7,8,64,Y
RT000956,Incident,INC000956,ST008,20250925,1,1,2,120,N
RT000957,Incident,INC000957,ST004,20250925,13,20,24,212,N
RT000958,Incident,INC000958,ST013,20250926,4,5,7,,N
RT000959,Incident,INC000959,ST010,20250926,14,32,39,1783,Y
RT000960,Incident,INC000960,ST008,20250926,17,33,39,1641,Y
RT000961,Incident,INC000961,ST001,20250927,10,12,18,,N
RT000962,Incident,INC000962,ST001,20250927,32,36,76,1281,Y
RT000963,Incident,INC000963,ST001,20250928,9,11,17,542,Y
RT000964,Incident,INC000964,ST003,20250928,2,2,4,3479,N
RT000965,Incident,INC000965,ST010,20250929,18,59,70,446,Y
RT000966,Incident,INC000966,ST001,20250929,9,12,19,756,Y
RT000967,Incident,INC000967,ST008,20250929,4,11,16,2845,N
RT000968,Incident,INC000968,ST009,20250929,40,64,81,2439,Y
RT000969,Incident,INC000969,ST001,20250929,3,9,11,101,N
RT000970,Incident,INC000970,ST002,20250930,5,9,13,647,N
RT000971,Incident,INC000971,ST014,20250930,3,9,11,499,Y
RT000972,Incident,INC000972,ST007,20250930,9,11,17,307,Y
RT000973,Incident,INC000973,ST006,20250930,4,6,12,249,N
RT000974,Incident,INC000974,ST001,20251001,1,2,3,269,N
RT000975,Incident,INC000975,ST007,20251001,8,9,19,208,Y
RT000976,Incident,INC000976,ST007,20251001,6,10,13,,Y
RT000977,Incident,INC000977,ST002,20251001,2,4,5,213,N
RT000978,Incident,INC000978,ST006,20251002,15,20,34,1406,Y
RT000979,Incident,INC000979,ST015,20251002,6,14,22,479,N
RT000980,Incident,INC000980,ST004,20251002,11,23,29,570,Y
RT000981,Incident,INC000981,ST009,20251003,1,4,5,282,N
RT000982,Incident,INC000982,ST014,20251003,8,15,18,1019,N
RT000983,Incident,INC000983,ST006,20251003,1,1,1,347,N
RT000984,Incident,INC000984,ST010,20251003,34,36,69,,Y
RT000985,Incident,INC000985,ST013,20251003,1,1,2,313,N
RT000986,Incident,INC000986,ST003,20251004,2,5,6,108,N
RT000987,Incident,INC000987,ST010,20251004,1,1,1,43,N
RT000988,Incident,INC000988,ST009,20251004,4,5,10,,N
RT000989,Incident,INC000989,ST005,20251005,9,18,22,681,Y
RT000990,Incident,INC000990,ST008,20251005,1,2,3,694,N
RT000991,Incident,INC000991,ST010,20251006,1,2,4,101,N
RT000992,Incident,INC000992,ST010,20251006,4,6,9,346,N
RT000993,Incident,INC000993,ST008,20251006,2,4,5,42,N
RT000994,Incident,INC000994,ST015,20251006,3,5,6,562,N
RT000995,Incident,INC000995,ST003,20251006,2,2,4,322,N
RT000996,Incident,INC000996,ST003,20251006,6,9,20,20,Y
RT000997,Incident,INC000997,ST001,20251007,6,10,12,2532,N
RT000998,Incident,INC000998,ST003,20251007,7,9,16,91,Y
RT000999,Incident,INC000999,ST002,20251007,43,47,84,,Y
RT001000,Incident,INC001000,ST003,20251007,6,10,16,571,N
RT001001,Incident,INC001001,ST006,20251007,1,1,2,109,N
RT001002,Incident,INC001002,ST015,20251007,13,16,26,156,Y
RT001003,Incident,INC001003,ST009,20251007,10,16,28,,N
RT001004,Incident,INC001004,ST014,20251007,5,10,14,344,N
RT001005,Incident,INC001005,ST010,20251007,3,9,13,1060,N
RT001006,Incident,INC001006,ST004,20251008,7,9,15,,N
RT001007,Incident,INC001007,ST005,20251008,5,5,11,237,N
RT001008,Incident,INC001008,ST008,20251008,1,3,4,86,N
RT001009,Incident,INC001009,ST002,20251008,32,30,65,82,Y
RT001010,Incident,INC001010,ST006,20251008,37,48,92,337,Y
RT001011,Incident,INC001011,ST014,20251009,3,7,10,1132,N
RT001012,Incident,INC001012,ST014,20251009,4,4,8,1115,N
RT001013,Incident,INC001013,ST009,20251009,8,14,20,,Y
RT001014,Incident,INC001014,ST010,20251009,1,1,1,176,N
RT001015,Incident,INC001015,ST004,20251009,10,12,21,405,Y
RT001016,Incident,INC001016,ST002,20251010,4,7,9,224,N
RT001017,Incident,INC001017,ST013,20251010,2,4,7,581,N
RT001018,Incident,INC001018,ST002,20251010,7,11,14,543,Y
RT001019,Incident,INC001019,ST002,20251010,4,7,12,381,N
RT001020,Incident,INC001020,ST002,20251011,4,9,14,138,Y
RT001021,Incident,INC001021,ST007,20251011,5,10,15,1226,N
RT001022,Incident,INC001022,ST006,20251011,14,30,45,20,N
RT001023,Incident,INC001023,ST013,20251011,6,8,12,555,Y
RT001024,Incident,INC001024,ST005,20251011,4,8,16,210,Y
RT001025,Incident,INC001025,ST013,20251012,9,13,21,738,Y
RT001026,Incident,INC001026,ST012,20251012,6,11,15,782,Y
RT001027,Incident,INC001027,ST009,20251012,9,15,18,773,N
RT001028,Incident,INC001028,ST009,20251012,4,11,13,425,Y
RT001029,Incident,INC001029,ST002,20251012,7,17,26,1212,N
RT001030,Incident,INC001030,ST015,20251013,9,10,22,826,Y
RT001031,Incident,INC001031,ST007,20251013,16,30,47,20,Y
RT001032,Incident,INC001032,ST014,20251013,7,23,29,1386,Y
RT001033,Incident,INC001033,ST002,20251014,9,20,28,267,Y
RT001034,Incident,INC001034,ST009,20251014,4,4,9,203,N
RT001035,Incident,INC001035,ST005,20251014,5,11,14,479,Y
RT001036,Incident,INC001036,ST002,20251014,29,29,60,845,Y
RT001037,Incident,INC001037,ST009,20251015,17,27,60,1450,Y
RT001038,Incident,INC001038,ST009,20251015,3,3,7,,N
RT001039,Incident,INC001039,ST010,20251015,7,10,16,2307,N
RT001040,Incident,INC001040,ST002,20251015,1,1,1,432,N
RT001041,Incident,INC001041,ST013,20251015,7,18,22,20,Y
RT001042,Incident,INC001042,ST002,20251016,1,2,3,118,N
RT001043,Incident,INC001043,ST010,20251017,17,22,48,363,Y
RT001044,Incident,INC001044,ST003,20251017,9,11,18,99,Y
RT001045,Incident,INC001045,ST009,20251017,4,10,14,514,N
RT001046,Incident,INC001046,ST006,20251018,3,4,7,430,N
RT001047,Incident,INC001047,ST009,20251018,7,10,21,183,Y
RT001048,Incident,INC001048,ST012,20251019,5,6,14,,N
RT001049,Incident,INC001049,ST012,20251019,4,7,10,1286,N
RT001050,Incident,INC001050,ST008,20251019,8,20,29,,N
RT001051,Incident,INC001051,ST013,20251019,13,21,29,1664,N
RT001052,Incident,INC001052,ST001,20251020,25,50,70,68,Y
RT001053,Incident,INC001053,ST009,20251020,1,1,1,,N
RT001054,Incident,INC001054,ST008,20251020,6,7,15,1092,Y
RT001055,Incident,INC001055,ST009,20251021,11,16,30,1129,Y
RT001056,Incident,INC001056,ST013,20251021,3,3,5,409,N
RT001057,Incident,INC001057,ST006,20251021,4,9,11,,Y
RT001058,Incident,INC001058,ST015,20251022,2,2,5,277,N
RT001059,Incident,INC001059,ST007,20251022,13,22,33,1657,N
RT001060,Incident,INC001060,ST008,20251022,24,53,84,70,Y
RT001061,Incident,INC001061,ST003,20251022,3,7,11,53,N
RT001062,Incident,INC001062,ST014,20251022,9,22,26,823,Y
RT001063,Incident,INC001063,ST009,20251023,11,14,30,,Y
RT001064,Incident,INC001064,ST001,20251023,17,30,58,132,Y
RT001065,Incident,INC001065,ST003,20251023,1,2,2,1428,N
RT001066,Incident,INC001066,ST005,20251023,6,11,14,184,Y
RT001067,Incident,INC001067,ST013,20251023,11,20,26,1176,Y
RT001068,Incident,INC001068,ST003,20251023,6,13,20,260,Y
RT001069,Incident,INC001069,ST002,20251023,9,20,31,20,Y
RT001070,Incident,INC001070,ST002,20251023,4,3,7,234,Y
RT001071,Incident,INC001071,ST006,20251024,5,8,13,243,Y
RT001072,Incident,INC001072,ST007,20251024,1,2,3,,N
RT001073,Incident,INC001073,ST012,20251024,18,30,50,,Y
RT001074,Incident,INC001074,ST002,20251024,12,21,32,,Y
RT001075,Incident,INC001075,ST015,20251024,4,5,9,293,Y
RT001076,Incident,INC001076,ST007,20251024,9,13,18,304,N
RT001077,Incident,INC001077,ST002,20251024,16,30,47,1405,Y
RT001078,Incident,INC001078,ST003,20251024,1,3,4,3056,N
RT001079,Incident,INC001079,ST013,20251025,3,4,7,84,N
RT001080,Incident,INC001080,ST009,20251025,1,1,1,2053,N
RT001081,Incident,INC001081,ST003,20251026,5,5,9,224,N
RT001082,Incident,INC001082,ST015,20251027,29,43,57,384,Y
RT001083,Incident,INC001083,ST009,20251028,33,36,72,810,Y
RT001084,Incident,INC001084,ST007,20251028,6,9,18,2754,N
RT001085,Incident,INC001085,ST015,20251028,9,8,18,,Y
RT001086,Incident,INC001086,ST009,20251029,10,16,21,,Y
RT001087,Incident,INC001087,ST004,20251029,5,8,11,460,N
RT001088,Incident,INC001088,ST007,20251029,4,6,8,315,N
RT001089,Incident,INC001089,ST009,20251029,13,26,48,591,Y
RT001090,Incident,INC001090,ST002,20251029,19,21,37,1177,Y
RT001091,Incident,INC001091,ST008,20251029,1,1,2,,N
RT001092,Incident,INC001092,ST006,20251029,13,14,27,737,Y
RT001093,Incident,INC001093,ST004,20251029,13,24,37,2293,Y
RT001094,Incident,INC001094,ST010,20251029,3,4,6,184,Y
RT001095,Incident,INC001095,ST014,20251030,6,8,18,,Y
RT001096,Incident,INC001096,ST001,20251030,37,54,80,36,Y
RT001097,Incident,INC001097,ST015,20251030,15,20,30,,Y
RT001098,Incident,INC001098,ST013,20251030,1,1,1,557,N
RT001099,Incident,INC001099,ST007,20251031,6,10,16,1667,N
RT001100,Incident,INC001100,ST004,20251031,5,14,19,1063,Y
RT001101,Incident,INC001101,ST013,20251031,5,6,10,,N
RT001102,Incident,INC001102,ST005,20251031,1,1,1,,N
RT001103,Incident,INC001103,ST004,20251031,8,14,28,,Y
RT001104,Incident,INC001104,ST007,20251101,1,1,1,92,N
RT001105,Incident,INC001105,ST004,20251101,38,56,76,,Y
RT001106,Incident,INC001106,ST004,20251102,1,2,2,1624,N
RT001107,Incident,INC001107,ST014,20251103,27,42,76,167,Y
RT001108,Incident,INC001108,ST010,20251103,2,3,4,158,N
RT001109,Incident,INC001109,ST003,20251103,3,3,6,258,N
RT001110,Incident,INC001110,ST013,20251103,9,14,23,,N
RT001111,Incident,INC001111,ST003,20251103,1,1,1,58,N
RT001112,Incident,INC001112,ST003,20251103,11,12,27,1774,Y
RT001113,Incident,INC001113,ST013,20251104,1,1,1,141,N
RT001114,Incident,INC001114,ST010,20251104,3,7,9,3926,N
RT001115,Incident,INC001115,ST010,20251104,4,6,10,496,N
RT001116,Incident,INC001116,ST016,20251105,13,21,26,1711,Y
RT001117,Incident,INC001117,ST002,20251106,3,6,8,,Y
RT001118,Incident,INC001118,ST004,20251106,11,18,36,860,Y
RT001119,Incident,INC001119,ST015,20251106,8,17,21,20,N
RT001120,Incident,INC001120,ST001,20251106,7,10,16,20,Y
RT001121,Incident,INC001121,ST014,20251106,8,18,23,174,N
RT001122,Incident,INC001122,ST014,20251106,1,1,1,1473,N
RT001123,Incident,INC001123,ST002,20251107,42,49,81,,Y
RT001124,Incident,INC001124,ST003,20251107,12,17,29,648,Y
RT001125,Incident,INC001125,ST010,20251107,23,46,62,2072,Y
RT001126,Incident,INC001126,ST015,20251107,17,19,31,495,Y
RT001127,Incident,INC001127,ST012,20251107,5,10,13,72,N
RT001128,Incident,INC001128,ST001,20251107,9,14,19,1092,N
RT001129,Incident,INC001129,ST002,20251108,3,8,10,396,N
RT001130,Incident,INC001130,ST012,20251108,4,9,11,,N
RT001131,Incident,INC001131,ST002,20251108,41,49,76,,Y
RT001132,Incident,INC001132,ST007,20251108,2,5,7,103,N
RT001133,Incident,INC001133,ST005,20251109,2,2,4,216,N
RT001134,Incident,INC001134,ST012,20251110,19,24,38,1972,Y
RT001135,Incident,INC001135,ST012,20251110,8,8,16,369,Y
RT001136,Incident,INC001136,ST006,20251110,22,29,57,429,Y
RT001137,Incident,INC001137,ST005,20251110,6,9,15,1883,N
RT001138,Incident,INC001138,ST012,20251110,5,11,15,813,Y
RT001139,Incident,INC001139,ST014,20251110,3,4,8,,Y
RT001140,Incident,INC001140,ST003,20251111,29,61,84,291,Y
RT001141,Incident,INC001141,ST001,20251111,5,5,11,179,N
RT001142,Incident,INC001142,ST013,20251111,2,5,8,57,N
RT001143,Incident,INC001143,ST006,20251112,34,69,122,573,Y
RT001144,Incident,INC001144,ST008,20251112,1,1,1,198,N
RT001145,Incident,INC001145,ST004,20251112,3,4,7,1735,N
RT001146,Incident,INC001146,ST008,20251112,1,1,2,72,N
RT001147,Incident,INC001147,ST016,20251113,12,15,29,726,Y
RT001148,Incident,INC001148,ST009,20251113,5,6,11,227,N
RT001149,Incident,INC001149,ST006,20251113,5,8,11,420,N
RT001150,Incident,INC001150,ST001,20251113,1,1,1,999,N
RT001151,Incident,INC001151,ST008,20251114,4,8,10,196,N
RT001152,Incident,INC001152,ST011,20251114,16,32,43,1465,Y
RT001153,Incident,INC001153,ST001,20251114,28,31,52,402,Y
RT001154,Incident,INC001154,ST013,20251114,12,12,24,352,Y
RT001155,Incident,INC001155,ST016,20251114,1,2,5,200,N
RT001156,Incident,INC001156,ST008,20251114,8,11,24,364,Y
RT001157,Incident,INC001157,ST004,20251115,7,9,14,345,N
RT001158,Incident,INC001158,ST001,20251115,2,5,8,3341,N
RT001159,Incident,INC001159,ST013,20251115,6,7,14,1143,N
RT001160,Incident,INC001160,ST002,20251115,38,56,87,185,Y
RT001161,Incident,INC001161,ST015,20251115,15,32,49,1874,Y
RT001162,Incident,INC001162,ST001,20251116,10,31,37,729,Y
RT001163,Incident,INC001163,ST002,20251116,7,18,24,1148,Y
RT001164,Incident,INC001164,ST015,20251117,5,5,10,159,N
RT001165,Incident,INC001165,ST003,20251117,25,29,48,910,Y
RT001166,Incident,INC001166,ST008,20251117,3,5,7,436,N
RT001167,Incident,INC001167,ST015,20251117,7,10,14,90,N
RT001168,Incident,INC001168,ST011,20251117,1,1,2,887,N
RT001169,Incident,INC001169,ST003,20251117,10,26,32,394,Y
RT001170,Incident,INC001170,ST006,20251117,10,18,22,350,Y
RT001171,Incident,INC001171,ST008,20251118,19,40,53,1470,Y
RT001172,Incident,INC001172,ST002,20251118,1,1,1,867,N
RT001173,Incident,INC001173,ST015,20251118,2,3,5,,N
RT001174,Incident,INC001174,ST003,20251118,7,10,14,107,Y
RT001175,Incident,INC001175,ST002,20251119,14,24,29,,Y
RT001176,Incident,INC001176,ST005,20251119,16,24,32,489,Y
RT001177,Incident,INC001177,ST006,20251119,2,3,5,20,N
RT001178,Incident,INC001178,ST005,20251119,6,9,16,1371,Y
RT001179,Incident,INC001179,ST010,20251120,1,1,2,843,N
RT001180,Incident,INC001180,ST001,20251120,1,3,5,412,N
RT001181,Incident,INC001181,ST008,20251120,3,4,8,3104,N
RT001182,Incident,INC001182,ST001,20251120,13,20,26,1124,Y
RT001183,Incident,INC001183,ST001,20251121,3,8,11,,Y
RT001184,Incident,INC001184,ST006,20251121,12,23,40,364,Y
RT001185,Incident,INC001185,ST013,20251121,2,3,5,3883,N
RT001186,Incident,INC001186,ST013,20251121,9,12,16,162,Y
RT001187,Incident,INC001187,ST008,20251122,23,29,53,20,Y
RT001188,Incident,INC001188,ST009,20251123,5,9,11,355,N
RT001189,Incident,INC001189,ST012,20251123,14,26,40,1033,Y
RT001190,Incident,INC001190,ST008,20251123,5,6,12,59,Y
RT001191,Incident,INC001191,ST013,20251123,5,7,10,254,N
RT001192,Incident,INC001192,ST002,20251123,10,16,20,1766,N
RT001193,Incident,INC001193,ST004,20251124,10,15,28,1435,N
RT001194,Incident,INC001194,ST014,20251124,5,6,10,358,Y
RT001195,Incident,INC001195,ST015,20251124,13,21,34,2176,Y
RT001196,Incident,INC001196,ST009,20251124,3,4,7,223,N
RT001197,Incident,INC001197,ST016,20251124,4,5,8,20,N
RT001198,Incident,INC001198,ST003,20251124,11,17,23,,N
RT001199,Incident,INC001199,ST013,20251125,3,4,8,105,N
RT001200,Incident,INC001200,ST010,20251126,4,5,10,1405,N
RT001201,Incident,INC001201,ST013,20251127,2,2,4,,N
RT001202,Incident,INC001202,ST004,20251127,1,1,1,1864,N
RT001203,Incident,INC001203,ST001,20251127,1,1,1,542,N
RT001204,Incident,INC001204,ST004,20251127,1,1,1,165,N
RT001205,Incident,INC001205,ST013,20251127,3,5,9,849,N
RT001206,Incident,INC001206,ST015,20251127,14,20,26,1066,N
RT001207,Incident,INC001207,ST013,20251127,2,6,8,468,N
RT001208,Incident,INC001208,ST016,20251127,3,6,7,955,N
RT001209,Incident,INC001209,ST007,20251127,11,16,22,520,Y
RT001210,Incident,INC001210,ST007,20251127,1,1,1,20,N
RT001211,Incident,INC001211,ST007,20251128,14,25,36,552,Y
RT001212,Incident,INC001212,ST013,20251128,1,3,4,1274,N
RT001213,Incident,INC001213,ST001,20251128,4,6,8,114,Y
RT001214,Incident,INC001214,ST001,20251128,7,17,25,20,Y
RT001215,Incident,INC001215,ST002,20251129,10,18,22,700,Y
RT001216,Incident,INC001216,ST010,20251130,13,19,29,532,Y
RT001217,Incident,INC001217,ST010,20251201,2,4,7,130,Y
RT001218,Incident,INC001218,ST001,20251201,18,39,66,,Y
RT001219,Incident,INC001219,ST006,20251201,6,15,20,379,Y
RT001220,Incident,INC001220,ST009,20251201,2,6,7,923,N
RT001221,Incident,INC001221,ST003,20251202,8,11,18,393,Y
RT001222,Incident,INC001222,ST004,20251202,7,14,22,1402,N
RT001223,Incident,INC001223,ST016,20251202,3,8,12,275,N
RT001224,Incident,INC001224,ST006,20251202,4,7,12,,Y
RT001225,Incident,INC001225,ST002,20251203,13,20,31,385,Y
RT001226,Incident,INC001226,ST016,20251203,16,24,29,1455,Y
RT001227,Incident,INC001227,ST015,20251203,9,19,23,1077,Y
RT001228,Incident,INC001228,ST002,20251203,16,22,37,1090,Y
RT001229,Incident,INC001229,ST008,20251203,20,21,40,567,Y
RT001230,Incident,INC001230,ST006,20251203,2,3,6,270,N
RT001231,Incident,INC001231,ST009,20251204,8,14,26,20,Y
RT001232,Incident,INC001232,ST007,20251204,20,35,42,690,Y
RT001233,Incident,INC001233,ST015,20251204,1,4,5,139,N
RT001234,Incident,INC001234,ST011,20251204,4,8,10,197,Y
RT001235,Incident,INC001235,ST016,20251204,8,8,16,529,N
RT001236,Incident,INC001236,ST007,20251204,5,14,17,,Y
RT001237,Incident,INC001237,ST001,20251204,1,1,1,226,N
RT001238,Incident,INC001238,ST006,20251205,3,4,6,344,N
RT001239,Incident,INC001239,ST006,20251206,23,30,43,512,Y
RT001240,Incident,INC001240,ST009,20251207,2,5,6,,N
RT001241,Incident,INC001241,ST011,20251207,17,25,45,1721,N
RT001242,Incident,INC001242,ST001,20251207,19,47,57,63,Y
RT001243,Incident,INC001243,ST001,20251207,9,9,19,,N
RT001244,Incident,INC001244,ST007,20251207,13,16,26,20,Y
RT001245,Incident,INC001245,ST006,20251207,23,35,46,375,Y
RT001246,Incident,INC001246,ST001,20251208,6,10,20,20,Y
RT001247,Incident,INC001247,ST005,20251208,3,5,7,,N
RT001248,Incident,INC001248,ST008,20251208,8,15,18,303,Y
RT001249,Incident,INC001249,ST001,20251208,10,9,19,153,Y
RT001250,Incident,INC001250,ST001,20251208,3,5,7,170,Y
RT001251,Incident,INC001251,ST008,20251208,10,15,20,860,N
RT001252,Incident,INC001252,ST009,20251208,1,3,4,,N
RT001253,Incident,INC001253,ST003,20251209,4,5,8,113,N
RT001254,Incident,INC001254,ST007,20251210,2,4,6,498,N
RT001255,Incident,INC001255,ST008,20251210,14,14,26,20,Y
RT001256,Incident,INC001256,ST001,20251210,2,4,7,676,N
RT001257,Incident,INC001257,ST010,20251211,23,27,52,,Y
RT001258,Incident,INC001258,ST005,20251211,5,5,11,319,N
RT001259,Incident,INC001259,ST008,20251211,11,15,20,332,N
RT001260,Incident,INC001260,ST008,20251212,5,8,15,330,Y
RT001261,Incident,INC001261,ST008,20251212,9,11,22,1281,N
RT001262,Incident,INC001262,ST013,20251212,7,13,17,,N
RT001263,Incident,INC001263,ST010,20251212,12,24,29,1518,Y
RT001264,Incident,INC001264,ST006,20251212,5,12,15,,Y
RT001265,Incident,INC001265,ST006,20251212,1,2,2,447,N
RT001266,Incident,INC001266,ST004,20251212,6,6,12,,N
RT001267,Incident,INC001267,ST002,20251212,1,1,1,885,N
RT001268,Incident,INC001268,ST014,20251212,3,7,10,1038,N
RT001269,Incident,INC001269,ST005,20251212,3,7,10,752,N
RT001270,Incident,INC001270,ST014,20251213,16,43,52,2007,Y
RT001271,Incident,INC001271,ST004,20251213,18,33,57,1795,Y
RT001272,Incident,INC001272,ST014,20251213,15,16,28,1016,Y
RT001273,Incident,INC001273,ST009,20251213,7,9,19,336,Y
RT001274,Incident,INC001274,ST005,20251214,9,14,25,520,Y
RT001275,Incident,INC001275,ST004,20251215,7,12,18,20,Y
RT001276,Incident,INC001276,ST012,20251215,2,2,4,335,N
RT001277,Incident,INC001277,ST008,20251215,1,2,3,1317,N
RT001278,Incident,INC001278,ST009,20251215,4,5,8,,N
RT001279,Incident,INC001279,ST001,20251215,34,68,97,1812,Y
RT001280,Incident,INC001280,ST013,20251215,8,8,15,176,Y
RT001281,Incident,INC001281,ST005,20251216,18,35,55,174,Y
RT001282,Incident,INC001282,ST013,20251216,13,22,38,291,Y
RT001283,Incident,INC001283,ST002,20251216,4,8,14,857,Y
RT001284,Incident,INC001284,ST016,20251216,6,9,16,,Y
RT001285,Incident,INC001285,ST005,20251216,1,1,1,343,N
RT001286,Incident,INC001286,ST008,20251216,2,4,5,70,N
RT001287,Incident,INC001287,ST001,20251216,18,37,68,20,Y
RT001288,Incident,INC001288,ST006,20251217,34,51,77,1340,Y
RT001289,Incident,INC001289,ST014,20251217,3,7,11,1120,N
RT001290,Incident,INC001290,ST016,20251217,4,8,10,365,N
RT001291,Incident,INC001291,ST008,20251217,6,18,23,280,N
RT001292,Incident,INC001292,ST002,20251218,4,4,8,31,Y
RT001293,Incident,INC001293,ST009,20251218,1,1,2,268,N
RT001294,Incident,INC001294,ST015,20251218,1,2,3,,N
RT001295,Incident,INC001295,ST010,20251218,2,5,9,20,N
RT001296,Incident,INC001296,ST010,20251218,12,16,24,499,N
RT001297,Incident,INC001297,ST003,20251218,28,37,81,823,Y
RT001298,Incident,INC001298,ST004,20251219,7,15,23,1513,N
RT001299,Incident,INC001299,ST002,20251219,5,8,10,57,N
RT001300,Incident,INC001300,ST006,20251219,9,14,19,97,Y
RT001301,Incident,INC001301,ST010,20251219,1,2,3,1594,N
RT001302,Incident,INC001302,ST009,20251220,1,2,2,337,N
RT001303,Incident,INC001303,ST004,20251220,10,19,28,20,N
RT001304,Incident,INC001304,ST014,20251220,9,8,16,20,N
RT001305,Incident,INC001305,ST013,20251220,24,38,68,2260,Y
RT001306,Incident,INC001306,ST008,20251221,3,5,9,564,N
RT001307,Incident,INC001307,ST004,20251221,25,26,54,443,Y
RT001308,Incident,INC001308,ST001,20251221,4,10,14,,Y
RT001309,Incident,INC001309,ST010,20251222,9,12,22,2552,N
RT001310,Incident,INC001310,ST012,20251222,19,23,40,20,Y
RT001311,Incident,INC001311,ST003,20251222,1,1,1,603,N
RT001312,Incident,INC001312,ST010,20251222,2,4,7,510,N
RT001313,Incident,INC001313,ST013,20251223,15,15,28,20,Y
RT001314,Incident,INC001314,ST006,20251223,5,13,17,20,N
RT001315,Incident,INC001315,ST006,20251223,4,7,12,,Y
RT001316,Incident,INC001316,ST003,20251223,3,4,7,543,N
RT001317,Incident,INC001317,ST007,20251223,9,15,26,1358,N
RT001318,Incident,INC001318,ST010,20251223,5,6,12,299,N
RT001319,Incident,INC001319,ST003,20251224,5,8,13,115,N
RT001320,Incident,INC001320,ST001,20251224,4,7,12,3380,N
RT001321,Incident,INC001321,ST004,20251224,3,7,11,428,N
RT001322,Incident,INC001322,ST002,20251224,19,36,52,1804,Y
RT001323,Incident,INC001323,ST001,20251224,1,1,1,,N
RT001324,Incident,INC001324,ST006,20251224,4,6,7,878,N
RT001325,Incident,INC001325,ST001,20251225,8,13,24,491,N
RT001326,Incident,INC001326,ST002,20251225,7,15,20,,N
RT001327,Incident,INC001327,ST008,20251225,8,18,22,323,Y
RT001328,Incident,INC001328,ST007,20251226,1,2,3,107,N
RT001329,Incident,INC001329,ST013,20251227,22,33,59,292,Y
RT001330,Incident,INC001330,ST011,20251227,5,8,15,20,Y
RT001331,Incident,INC001331,ST006,20251227,4,12,14,234,Y
RT001332,Incident,INC001332,ST001,20251227,6,12,23,442,Y
RT001333,Incident,INC001333,ST006,20251228,4,7,9,422,N
RT001334,Incident,INC001334,ST002,20251228,8,17,24,720,Y
RT001335,Incident,INC001335,ST001,20251229,6,13,25,20,Y
RT001336,Incident,INC001336,ST003,20251229,5,8,12,1665,N
RT001337,Incident,INC001337,ST010,20251229,7,10,16,379,Y
RT001338,Incident,INC001338,ST007,20251229,9,18,26,20,N
RT001339,Incident,INC001339,ST009,20251229,6,13,16,265,Y
RT001340,Incident,INC001340,ST013,20251229,15,22,45,,Y
RT001341,Incident,INC001341,ST001,20251230,4,3,7,705,N
RT001342,Incident,INC001342,ST006,20251230,4,9,15,161,N
RT001343,Incident,INC001343,ST016,20251230,6,8,16,2416,N
RT001344,Incident,INC001344,ST001,20251230,15,33,43,20,Y
RT001345,Incident,INC001345,ST016,20251231,3,7,12,20,Y
RT001346,Incident,INC001346,ST007,20251231,4,6,11,228,N
RT001347,Incident,INC001347,ST001,20251231,1,2,3,772,N
RT001348,Incident,INC001348,ST003,20260101,4,4,8,112,N
RT001349,Incident,INC001349,ST003,20260101,22,28,43,549,Y
RT001350,Incident,INC001350,ST008,20260101,19,21,36,3230,Y
RT001351,Incident,INC001351,ST002,20260101,1,2,2,229,N
RT001352,Incident,INC001352,ST016,20260102,22,64,77,655,Y
RT001353,Incident,INC001353,ST010,20260102,35,33,64,2409,Y
RT001354,Incident,INC001354,ST001,20260102,4,8,11,926,N
RT001355,Incident,INC001355,ST010,20260103,20,30,39,1359,N
RT001356,Incident,INC001356,ST005,20260103,16,21,34,424,Y
RT001357,Incident,INC001357,ST010,20260104,18,22,47,501,Y
RT001358,Incident,INC001358,ST007,20260104,9,14,18,20,Y
RT001359,Incident,INC001359,ST005,20260105,5,7,13,20,Y
RT001360,Incident,INC001360,ST010,20260105,1,1,1,20,N
RT001361,Incident,INC001361,ST015,20260105,20,40,51,1547,Y
RT001362,Incident,INC001362,ST002,20260105,11,20,27,183,Y
RT001363,Incident,INC001363,ST010,20260105,7,14,21,1415,N
RT001364,Incident,INC001364,ST014,20260105,9,16,22,,Y
RT001365,Incident,INC001365,ST009,20260105,11,12,20,1157,N
RT001366,Incident,INC001366,ST016,20260106,14,30,38,2356,Y
RT001367,Incident,INC001367,ST005,20260107,3,3,5,1790,N
RT001368,Incident,INC001368,ST007,20260107,1,4,5,241,N
RT001369,Incident,INC001369,ST010,20260107,4,5,8,279,N
RT001370,Incident,INC001370,ST016,20260107,9,18,29,20,N
RT001371,Incident,INC001371,ST005,20260107,9,15,21,123,Y
RT001372,Incident,INC001372,ST001,20260107,9,12,16,1056,N
RT001373,Incident,INC001373,ST007,20260107,37,50,75,2394,Y
RT001374,Incident,INC001374,ST007,20260108,2,1,3,278,N
RT001375,Incident,INC001375,ST002,20260108,25,69,86,966,Y
RT001376,Incident,INC001376,ST010,20260108,1,2,3,97,N
RT001377,Incident,INC001377,ST006,20260109,2,3,5,113,N
RT001378,Incident,INC001378,ST013,20260109,6,10,16,,N
RT001379,Incident,INC001379,ST013,20260109,17,27,37,268,Y
RT001380,Incident,INC001380,ST002,20260109,4,6,8,475,N
RT001381,Incident,INC001381,ST012,20260110,3,6,9,176,N
RT001382,Incident,INC001382,ST015,20260110,4,8,13,77,N
RT001383,Incident,INC001383,ST014,20260110,8,13,15,1100,Y
RT001384,Incident,INC001384,ST013,20260111,5,17,20,,Y
RT001385,Incident,INC001385,ST004,20260111,3,5,9,368,N
RT001386,Incident,INC001386,ST006,20260112,3,5,7,109,Y
RT001387,Incident,INC001387,ST016,20260112,2,2,3,425,N
RT001388,Incident,INC001388,ST015,20260112,8,12,16,649,Y
RT001389,Incident,INC001389,ST013,20260113,9,11,22,185,Y
RT001390,Incident,INC001390,ST008,20260113,11,15,22,391,Y
RT001391,Incident,INC001391,ST009,20260113,6,6,12,247,N
RT001392,Incident,INC001392,ST007,20260113,14,39,54,535,Y
RT001393,Incident,INC001393,ST010,20260113,10,13,27,1166,Y
RT001394,Incident,INC001394,ST009,20260113,8,16,20,866,N
RT001395,Incident,INC001395,ST001,20260113,3,4,6,206,N
RT001396,Incident,INC001396,ST003,20260113,27,56,77,2004,Y
RT001397,Incident,INC001397,ST004,20260113,7,16,22,978,Y
RT001398,Incident,INC001398,ST013,20260113,2,2,3,23,N
RT001399,Incident,INC001399,ST006,20260114,14,25,52,659,Y
RT001400,Incident,INC001400,ST008,20260114,14,24,45,275,N
RT001401,Incident,INC001401,ST007,20260114,17,26,33,727,Y
RT001402,Incident,INC001402,ST008,20260114,8,17,21,1187,Y
RT001403,Incident,INC001403,ST013,20260114,11,10,21,,Y
RT001404,Incident,INC001404,ST001,20260114,1,1,1,1653,N
RT001405,Incident,INC001405,ST011,20260114,6,7,11,345,N
RT001406,Incident,INC001406,ST008,20260114,8,18,28,466,Y
RT001407,Incident,INC001407,ST004,20260114,6,14,19,1664,N
RT001408,Incident,INC001408,ST014,20260114,3,8,12,1133,N
RT001409,Incident,INC001409,ST013,20260115,4,7,13,697,N
RT001410,Incident,INC001410,ST002,20260115,15,31,51,472,Y
RT001411,Incident,INC001411,ST001,20260115,6,9,14,1189,N
RT001412,Incident,INC001412,ST009,20260115,9,11,16,187,N
RT001413,Incident,INC001413,ST011,20260115,2,3,7,162,Y
RT001414,Incident,INC001414,ST013,20260115,8,10,18,20,N
RT001415,Incident,INC001415,ST005,20260115,1,1,1,487,N
RT001416,Incident,INC001416,ST001,20260115,13,17,33,1523,N
RT001417,Incident,INC001417,ST009,20260115,14,25,33,,Y
RT001418,Incident,INC001418,ST004,20260116,5,10,12,229,N
RT001419,Incident,INC001419,ST013,20260116,15,24,33,91,Y
RT001420,Incident,INC001420,ST007,20260116,13,12,25,,Y
RT001421,Incident,INC001421,ST006,20260116,20,24,38,1237,Y
RT001422,Incident,INC001422,ST004,20260116,8,20,24,1701,Y
RT001423,Incident,INC001423,ST007,20260116,6,6,12,585,N
RT001424,Incident,INC001424,ST004,20260116,16,29,36,29,Y
RT001425,Incident,INC001425,ST001,20260116,6,12,16,1525,N
RT001426,Incident,INC001426,ST003,20260116,1,2,3,55,N
RT001427,Incident,INC001427,ST003,20260116,29,41,55,741,Y
RT001428,Incident,INC001428,ST015,20260117,8,10,16,86,N
RT001429,Incident,INC001429,ST004,20260117,7,14,25,560,N
RT001430,Incident,INC001430,ST002,20260118,19,26,55,179,Y
RT001431,Incident,INC001431,ST011,20260118,10,12,19,1209,N
RT001432,Incident,INC001432,ST013,20260118,7,7,13,432,N
RT001433,Incident,INC001433,ST009,20260118,5,8,14,493,Y
RT001434,Incident,INC001434,ST013,20260119,2,4,5,1144,N
RT001435,Incident,INC001435,ST014,20260120,2,8,9,214,N
RT001436,Incident,INC001436,ST001,20260121,9,16,35,1324,Y
RT001437,Incident,INC001437,ST008,20260121,14,39,47,811,Y
RT001438,Incident,INC001438,ST009,20260121,3,5,7,352,N
RT001439,Incident,INC001439,ST002,20260122,8,11,15,175,Y
RT001440,Incident,INC001440,ST013,20260122,3,4,6,1661,N
RT001441,Incident,INC001441,ST005,20260122,8,13,21,,Y
RT001442,Incident,INC001442,ST015,20260123,2,2,5,128,N
RT001443,Incident,INC001443,ST013,20260123,12,13,22,1475,N
RT001444,Incident,INC001444,ST006,20260123,2,4,6,1412,N
RT001445,Incident,INC001445,ST003,20260124,2,3,6,814,N
RT001446,Incident,INC001446,ST010,20260124,23,20,43,1411,Y
RT001447,Incident,INC001447,ST013,20260124,5,8,10,226,N
RT001448,Incident,INC001448,ST004,20260125,5,6,9,463,N
RT001449,Incident,INC001449,ST009,20260125,6,10,19,1994,N
RT001450,Incident,INC001450,ST003,20260125,14,35,57,257,Y
RT001451,Incident,INC001451,ST007,20260125,2,3,5,129,N
RT001452,Incident,INC001452,ST007,20260126,1,2,3,2027,N
RT001453,Incident,INC001453,ST010,20260126,25,23,48,1086,Y
RT001454,Incident,INC001454,ST002,20260126,1,2,3,167,N
RT001455,Incident,INC001455,ST001,20260126,1,2,3,20,N
RT001456,Incident,INC001456,ST002,20260127,4,7,13,20,N
RT001457,Incident,INC001457,ST013,20260128,1,1,1,,N
RT001458,Incident,INC001458,ST004,20260128,10,15,21,615,N
RT001459,Incident,INC001459,ST006,20260128,14,22,32,1932,Y
RT001460,Incident,INC001460,ST015,20260129,6,11,17,531,N
RT001461,Incident,INC001461,ST003,20260129,5,14,18,302,Y
RT001462,Incident,INC001462,ST002,20260129,13,24,38,1997,Y
RT001463,Incident,INC001463,ST013,20260129,11,16,21,1235,N
RT001464,Incident,INC001464,ST012,20260129,12,13,28,423,Y
RT001465,Incident,INC001465,ST007,20260129,8,11,22,173,Y
RT001466,Incident,INC001466,ST009,20260129,17,25,32,1294,Y
RT001467,Incident,INC001467,ST001,20260130,1,1,1,626,N
RT001468,Incident,INC001468,ST016,20260131,1,1,1,,N
RT001469,Incident,INC001469,ST013,20260201,1,2,4,1138,N
RT001470,Incident,INC001470,ST013,20260201,3,5,6,254,N
RT001471,Incident,INC001471,ST014,20260201,3,5,7,20,Y
RT001472,Incident,INC001472,ST003,20260201,26,49,82,228,Y
RT001473,Incident,INC001473,ST001,20260202,11,21,27,528,Y
RT001474,Incident,INC001474,ST008,20260202,11,14,31,2121,Y
RT001475,Incident,INC001475,ST002,20260202,13,14,27,685,Y
RT001476,Incident,INC001476,ST003,20260202,4,7,12,607,N
RT001477,Incident,INC001477,ST009,20260202,6,6,12,,N
RT001478,Incident,INC001478,ST014,20260202,7,8,14,429,N
RT001479,Incident,INC001479,ST016,20260203,7,12,19,396,Y
RT001480,Incident,INC001480,ST006,20260203,1,1,1,1118,N
RT001481,Incident,INC001481,ST006,20260203,18,36,70,881,Y
RT001482,Incident,INC001482,ST008,20260204,1,1,2,999,N
RT001483,Incident,INC001483,ST010,20260204,30,56,79,2493,Y
RT001484,Incident,INC001484,ST001,20260204,13,12,25,243,N
RT001485,Incident,INC001485,ST016,20260204,12,23,37,20,N
RT001486,Incident,INC001486,ST002,20260205,1,1,1,147,N
RT001487,Incident,INC001487,ST007,20260206,5,6,9,113,Y
RT001488,Incident,INC001488,ST001,20260206,25,41,50,499,Y
RT001489,Incident,INC001489,ST003,20260206,3,4,8,781,N
RT001490,Incident,INC001490,ST004,20260206,19,24,52,1129,Y
RT001491,Incident,INC001491,ST007,20260206,2,2,5,158,N
RT001492,Incident,INC001492,ST006,20260206,28,26,53,2530,Y
RT001493,Incident,INC001493,ST005,20260207,8,11,19,489,Y
RT001494,Incident,INC001494,ST013,20260207,3,3,6,20,N
RT001495,Incident,INC001495,ST001,20260207,4,8,16,668,N
RT001496,Incident,INC001496,ST002,20260207,5,7,13,98,Y
RT001497,Incident,INC001497,ST008,20260208,6,10,20,472,N
RT001498,Incident,INC001498,ST009,20260208,7,13,21,258,Y
RT001499,Incident,INC001499,ST001,20260209,6,19,23,1676,Y
RT001500,Incident,INC001500,ST006,20260209,8,11,21,,Y
RT001501,Incident,INC001501,ST001,20260209,6,17,25,1217,N
RT001502,Incident,INC001502,ST008,20260209,12,20,25,257,Y
RT001503,Incident,INC001503,ST014,20260209,4,8,14,1396,Y
RT001504,Incident,INC001504,ST011,20260209,9,18,28,354,N
RT001505,Incident,INC001505,ST008,20260210,22,41,62,983,Y
RT001506,Incident,INC001506,ST006,20260210,1,2,2,1081,N
RT001507,Incident,INC001507,ST012,20260210,7,19,23,20,Y
RT001508,Incident,INC001508,ST004,20260210,1,1,1,,N
RT001509,Incident,INC001509,ST001,20260211,1,1,1,1735,N
RT001510,Incident,INC001510,ST008,20260211,20,25,40,210,Y
RT001511,Incident,INC001511,ST013,20260211,8,18,26,4147,N
RT001512,Incident,INC001512,ST006,20260211,3,4,8,509,N
RT001513,Incident,INC001513,ST015,20260211,4,10,16,1558,Y
RT001514,Incident,INC001514,ST009,20260211,28,40,75,305,Y
RT001515,Incident,INC001515,ST016,20260211,5,6,9,,N
RT001516,Incident,INC001516,ST014,20260211,4,10,15,1965,N
RT001517,Incident,INC001517,ST001,20260211,23,25,47,1116,Y
RT001518,Incident,INC001518,ST001,20260211,11,23,32,927,N
RT001519,Incident,INC001519,ST004,20260212,21,35,56,1402,Y
RT001520,Incident,INC001520,ST013,20260213,9,14,18,195,Y
RT001521,Incident,INC001521,ST006,20260213,4,7,10,,N
RT001522,Incident,INC001522,ST006,20260213,2,4,6,20,N
RT001523,Incident,INC001523,ST001,20260213,9,10,16,20,Y
RT001524,Incident,INC001524,ST009,20260214,19,24,47,233,Y
RT001525,Incident,INC001525,ST015,20260214,4,6,13,94,N
RT001526,Incident,INC001526,ST001,20260214,30,51,72,2975,Y
RT001527,Incident,INC001527,ST006,20260215,12,16,35,900,Y
RT001528,Incident,INC001528,ST009,20260215,3,6,9,584,N
RT001529,Incident,INC001529,ST014,20260216,19,32,57,190,Y
RT001530,Incident,INC001530,ST002,20260216,14,25,43,973,Y
RT001531,Incident,INC001531,ST010,20260216,17,21,39,1632,Y
RT001532,Incident,INC001532,ST011,20260216,3,4,6,130,N
RT001533,Incident,INC001533,ST010,20260216,9,10,21,701,Y
RT001534,Incident,INC001534,ST006,20260216,3,5,7,192,Y
RT001535,Incident,INC001535,ST006,20260217,2,6,9,2327,N
RT001536,Incident,INC001536,ST006,20260217,35,45,63,904,Y
RT001537,Incident,INC001537,ST014,20260217,2,2,4,586,N
RT001538,Incident,INC001538,ST009,20260217,10,14,23,,N
RT001539,Incident,INC001539,ST011,20260218,12,17,36,1106,N
RT001540,Incident,INC001540,ST014,20260218,3,4,9,1648,N
RT001541,Incident,INC001541,ST009,20260218,9,16,24,1672,Y
RT001542,Incident,INC001542,ST001,20260218,3,4,6,,N
RT001543,Incident,INC001543,ST013,20260218,4,7,8,202,Y
RT001544,Incident,INC001544,ST001,20260218,38,68,115,,Y
RT001545,Incident,INC001545,ST004,20260218,1,1,1,1157,N
RT001546,Incident,INC001546,ST001,20260218,5,10,18,358,Y
RT001547,Incident,INC001547,ST014,20260218,21,30,40,,Y
RT001548,Incident,INC001548,ST010,20260219,23,25,49,2293,Y
RT001549,Incident,INC001549,ST015,20260219,1,1,1,128,N
RT001550,Incident,INC001550,ST007,20260219,12,19,27,,Y
RT001551,Incident,INC001551,ST014,20260219,3,8,12,3303,N
RT001552,Incident,INC001552,ST006,20260220,8,24,32,1321,Y
RT001553,Incident,INC001553,ST012,20260220,2,5,7,305,N
RT001554,Incident,INC001554,ST015,20260220,5,9,12,307,N
RT001555,Incident,INC001555,ST001,20260220,7,12,25,749,N
RT001556,Incident,INC001556,ST007,20260220,8,11,20,20,N
RT001557,Incident,INC001557,ST006,20260220,5,10,17,567,N
RT001558,Incident,INC001558,ST001,20260220,5,7,12,98,N
RT001559,Incident,INC001559,ST003,20260221,2,2,4,,N
RT001560,Incident,INC001560,ST002,20260221,4,11,14,653,N
RT001561,Incident,INC001561,ST010,20260222,2,3,4,,N
RT001562,Incident,INC001562,ST012,20260222,7,14,18,1387,Y
RT001563,Incident,INC001563,ST002,20260223,4,8,11,1413,N
RT001564,Incident,INC001564,ST008,20260223,1,1,1,,N
RT001565,Incident,INC001565,ST010,20260223,7,10,13,20,Y
RT001566,Incident,INC001566,ST002,20260223,15,33,41,2593,Y
RT001567,Incident,INC001567,ST015,20260223,17,27,38,1319,Y
RT001568,Incident,INC001568,ST009,20260223,1,2,2,661,N
RT001569,Incident,INC001569,ST014,20260223,5,8,10,237,N
RT001570,Incident,INC001570,ST012,20260224,1,1,1,170,N
RT001571,Incident,INC001571,ST005,20260224,3,6,7,948,N
RT001572,Incident,INC001572,ST011,20260224,6,11,23,20,Y
RT001573,Incident,INC001573,ST003,20260224,7,9,20,1055,N
RT001574,Incident,INC001574,ST014,20260224,2,1,3,230,N
RT001575,Incident,INC001575,ST015,20260224,3,6,11,1535,N
RT001576,Incident,INC001576,ST010,20260224,4,6,8,530,N
RT001577,Incident,INC001577,ST006,20260224,10,29,35,1377,Y
RT001578,Incident,INC001578,ST013,20260224,15,24,30,1923,N
RT001579,Incident,INC001579,ST009,20260225,7,9,14,1079,N
RT001580,Incident,INC001580,ST008,20260225,7,12,20,87,N
RT001581,Incident,INC001581,ST007,20260225,1,1,1,256,N
RT001582,Incident,INC001582,ST002,20260226,29,39,85,43,Y
RT001583,Incident,INC001583,ST004,20260226,4,7,9,303,N
RT001584,Incident,INC001584,ST001,20260226,3,7,9,291,Y
RT001585,Incident,INC001585,ST001,20260226,9,10,18,474,N
RT001586,Incident,INC001586,ST013,20260226,36,46,76,1557,Y
RT001587,Incident,INC001587,ST010,20260226,10,28,37,351,Y
RT001588,Incident,INC001588,ST002,20260226,9,22,28,473,Y
RT001589,Incident,INC001589,ST006,20260226,5,9,11,131,Y
RT001590,Incident,INC001590,ST003,20260226,7,10,16,20,Y
RT001591,Incident,INC001591,ST007,20260227,18,29,38,429,Y
RT001592,Incident,INC001592,ST006,20260227,6,13,20,1618,N
RT001593,Incident,INC001593,ST013,20260227,5,5,10,345,N
RT001594,Incident,INC001594,ST015,20260227,7,7,15,1487,Y
RT001595,Incident,INC001595,ST002,20260228,8,14,21,139,Y
RT001596,Incident,INC001596,ST016,20260301,6,11,16,,N
RT001597,Incident,INC001597,ST001,20260301,22,59,83,199,Y
RT001598,Incident,INC001598,ST009,20260302,5,11,18,325,Y
RT001599,Incident,INC001599,ST005,20260302,12,22,37,1260,Y
RT001600,Incident,INC001600,ST008,20260302,27,41,65,326,Y
RT001601,Incident,INC001601,ST013,20260303,19,30,53,20,Y
RT001602,Incident,INC001602,ST008,20260303,11,15,20,211,Y
RT001603,Incident,INC001603,ST001,20260303,26,53,77,731,Y
RT001604,Incident,INC001604,ST001,20260304,2,3,5,2012,N
RT001605,Incident,INC001605,ST009,20260304,16,45,53,1332,Y
RT001606,Incident,INC001606,ST011,20260304,3,4,7,293,Y
RT001607,Incident,INC001607,ST013,20260304,15,25,33,20,Y
RT001608,Incident,INC001608,ST001,20260304,1,4,5,106,N
RT001609,Incident,INC001609,ST001,20260305,5,7,14,292,N
RT001610,Incident,INC001610,ST007,20260305,5,12,16,2088,N
RT001611,Incident,INC001611,ST004,20260305,1,1,1,,N
RT001612,Incident,INC001612,ST007,20260305,4,7,12,20,N
RT001613,Incident,INC001613,ST008,20260305,6,9,19,1521,N
RT001614,Incident,INC001614,ST006,20260306,10,12,21,311,Y
RT001615,Incident,INC001615,ST015,20260307,9,17,26,1440,Y
RT001616,Incident,INC001616,ST001,20260307,1,1,1,948,N
RT001617,Incident,INC001617,ST010,20260308,1,1,1,620,N
RT001618,Incident,INC001618,ST004,20260308,6,9,17,1093,N
RT001619,Incident,INC001619,ST010,20260309,1,2,4,77,N
RT001620,Incident,INC001620,ST006,20260310,5,5,11,20,N
RT001621,Incident,INC001621,ST008,20260310,4,11,15,,N
RT001622,Incident,INC001622,ST002,20260310,27,32,54,1150,Y
RT001623,Incident,INC001623,ST009,20260310,4,10,13,1004,N
RT001624,Incident,INC001624,ST010,20260310,29,47,61,,Y
RT001625,Incident,INC001625,ST009,20260311,8,10,17,188,Y
RT001626,Incident,INC001626,ST013,20260311,2,5,6,20,N
RT001627,Incident,INC001627,ST007,20260311,9,10,17,370,Y
RT001628,Incident,INC001628,ST012,20260311,7,10,17,1540,N
RT001629,Incident,INC001629,ST012,20260312,12,23,35,20,Y
RT001630,Incident,INC001630,ST010,20260312,11,15,21,76,Y
RT001631,Incident,INC001631,ST005,20260312,25,34,58,,Y
RT001632,Incident,INC001632,ST008,20260312,10,17,21,1371,N
RT001633,Incident,INC001633,ST005,20260312,4,12,15,20,Y
RT001634,Incident,INC001634,ST006,20260312,12,16,23,1298,N
RT001635,Incident,INC001635,ST013,20260312,3,11,13,,Y
RT001636,Incident,INC001636,ST014,20260312,6,7,12,515,Y
RT001637,Incident,INC001637,ST006,20260312,9,11,16,20,N
RT001638,Incident,INC001638,ST002,20260313,4,7,11,,N
RT001639,Incident,INC001639,ST006,20260313,28,47,63,2663,Y
RT001640,Incident,INC001640,ST015,20260313,6,13,19,234,Y
RT001641,Incident,INC001641,ST011,20260313,16,25,38,1601,Y
RT001642,Incident,INC001642,ST004,20260313,20,24,42,278,Y
RT001643,Incident,INC001643,ST002,20260313,4,4,8,1348,N
RT001644,Incident,INC001644,ST002,20260314,3,5,7,531,N
RT001645,Incident,INC001645,ST005,20260314,3,9,11,,N
RT001646,Incident,INC001646,ST008,20260315,3,6,11,24,N
RT001647,Incident,INC001647,ST013,20260316,6,11,22,1583,N
RT001648,Incident,INC001648,ST013,20260317,2,3,5,20,N
RT001649,Incident,INC001649,ST002,20260318,33,41,82,1636,Y
RT001650,Incident,INC001650,ST015,20260318,4,11,14,32,Y
RT001651,Incident,INC001651,ST015,20260318,6,9,17,293,Y
RT001652,Incident,INC001652,ST003,20260319,18,17,36,20,Y
RT001653,Incident,INC001653,ST012,20260319,11,16,33,,Y
RT001654,Incident,INC001654,ST007,20260319,24,30,61,804,Y
RT001655,Incident,INC001655,ST002,20260320,27,42,55,2117,Y
RT001656,Incident,INC001656,ST013,20260320,3,4,6,,N
RT001657,Incident,INC001657,ST002,20260320,9,24,29,289,Y
RT001658,Incident,INC001658,ST012,20260321,7,14,19,2744,N
RT001659,Incident,INC001659,ST001,20260321,3,6,8,1689,N
RT001660,Incident,INC001660,ST001,20260322,44,67,105,1801,Y
RT001661,Incident,INC001661,ST016,20260323,8,20,24,1049,Y
RT001662,Incident,INC001662,ST004,20260323,15,24,36,,Y
RT001663,Incident,INC001663,ST005,20260323,11,19,27,355,Y
RT001664,Incident,INC001664,ST003,20260324,11,32,41,1205,N
RT001665,Incident,INC001665,ST006,20260324,9,13,25,1561,Y
RT001666,Incident,INC001666,ST008,20260324,6,13,21,553,N
RT001667,Incident,INC001667,ST001,20260324,4,8,13,667,Y
RT001668,Incident,INC001668,ST002,20260324,14,23,28,1010,N
RT001669,Incident,INC001669,ST002,20260324,5,9,18,847,N
RT001670,Incident,INC001670,ST012,20260325,1,1,1,919,N
RT001671,Incident,INC001671,ST014,20260325,1,1,2,,N
RT001672,Incident,INC001672,ST010,20260325,1,1,2,521,N
RT001673,Incident,INC001673,ST015,20260325,1,1,1,,N
RT001674,Incident,INC001674,ST002,20260325,33,53,71,404,Y
RT001675,Incident,INC001675,ST012,20260326,37,62,83,1033,Y
RT001676,Incident,INC001676,ST014,20260326,7,10,18,1844,N
RT001677,Incident,INC001677,ST001,20260326,54,94,111,1634,Y
RT001678,Incident,INC001678,ST009,20260326,4,8,10,168,N
RT001679,Incident,INC001679,ST012,20260326,1,1,1,161,N
RT001680,Incident,INC001680,ST010,20260327,11,20,35,799,Y
RT001681,Incident,INC001681,ST009,20260327,6,11,17,,N
RT001682,Incident,INC001682,ST015,20260327,3,4,7,46,Y
RT001683,Incident,INC001683,ST005,20260327,3,6,9,1956,N
RT001684,Incident,INC001684,ST010,20260327,4,7,14,780,N
RT001685,Incident,INC001685,ST008,20260328,22,47,76,544,Y
RT001686,Incident,INC001686,ST001,20260328,4,12,17,96,Y
RT001687,Incident,INC001687,ST009,20260328,11,18,27,96,Y
RT001688,Incident,INC001688,ST010,20260329,38,47,73,123,Y
RT001689,Incident,INC001689,ST006,20260329,4,8,12,209,N
RT001690,Incident,INC001690,ST010,20260330,12,12,24,89,Y
RT001691,Incident,INC001691,ST016,20260330,38,75,94,,Y
RT001692,Incident,INC001692,ST008,20260330,12,23,39,702,Y
RT001693,Incident,INC001693,ST011,20260330,9,10,20,20,N
RT001694,Incident,INC001694,ST013,20260330,5,5,10,411,N
RT001695,Incident,INC001695,ST015,20260330,5,11,17,1001,N
RT001696,Incident,INC001696,ST015,20260330,41,51,79,1206,Y
RT001697,Incident,INC001697,ST009,20260330,6,17,20,739,N
RT001698,Incident,INC001698,ST002,20260331,33,41,74,585,Y
RT001699,Incident,INC001699,ST014,20260331,14,27,39,1448,N
RT001700,Incident,INC001700,ST014,20260331,6,9,14,413,Y
RT001701,Incident,INC001701,ST015,20260401,2,5,9,20,N
RT001702,Incident,INC001702,ST002,20260401,1,1,1,20,N
RT001703,Incident,INC001703,ST011,20260401,5,12,17,20,Y
RT001704,Incident,INC001704,ST005,20260401,3,6,8,164,Y
RT001705,Incident,INC001705,ST014,20260401,6,6,12,,N
RT001706,Incident,INC001706,ST004,20260401,13,20,38,248,Y
RT001707,Incident,INC001707,ST007,20260401,1,1,1,,N
RT001708,Incident,INC001708,ST007,20260401,3,6,10,42,N
RT001709,Incident,INC001709,ST008,20260402,2,3,4,513,N
RT001710,Incident,INC001710,ST001,20260402,7,11,19,1675,N
RT001711,Incident,INC001711,ST001,20260402,3,4,6,707,N
RT001712,Incident,INC001712,ST014,20260402,9,16,26,2628,N
RT001713,Incident,INC001713,ST002,20260402,4,9,14,356,N
RT001714,Incident,INC001714,ST010,20260403,9,13,22,255,N
RT001715,Incident,INC001715,ST004,20260403,17,32,63,331,Y
RT001716,Incident,INC001716,ST010,20260403,39,37,75,1486,Y
RT001717,Incident,INC001717,ST003,20260404,3,7,11,169,Y
RT001718,Incident,INC001718,ST010,20260404,13,25,42,886,Y
RT001719,Incident,INC001719,ST004,20260404,3,7,9,216,N
RT001720,Incident,INC001720,ST004,20260405,6,7,14,576,N
RT001721,Incident,INC001721,ST008,20260405,4,5,9,53,N
RT001722,Incident,INC001722,ST013,20260405,5,7,12,316,N
RT001723,Incident,INC001723,ST005,20260405,4,10,12,892,N
RT001724,Incident,INC001724,ST002,20260405,23,59,79,20,Y
RT001725,Incident,INC001725,ST006,20260406,5,6,11,1175,Y
RT001726,Incident,INC001726,ST004,20260406,25,44,53,,Y
RT001727,Incident,INC001727,ST005,20260406,5,7,10,295,N
RT001728,Incident,INC001728,ST009,20260406,8,8,17,485,Y
RT001729,Incident,INC001729,ST001,20260406,10,16,27,,Y
RT001730,Incident,INC001730,ST003,20260407,24,35,51,290,Y
RT001731,Incident,INC001731,ST008,20260407,5,8,15,195,Y
RT001732,Incident,INC001732,ST006,20260407,10,25,32,320,Y
RT001733,Incident,INC001733,ST015,20260407,6,8,12,188,N
RT001734,Incident,INC001734,ST001,20260407,14,26,47,1607,Y
RT001735,Incident,INC001735,ST015,20260407,10,15,22,603,N
RT001736,Incident,INC001736,ST010,20260408,1,2,2,1539,N
RT001737,Incident,INC001737,ST009,20260408,2,5,8,897,N
RT001738,Incident,INC001738,ST005,20260408,3,6,11,151,Y
RT001739,Incident,INC001739,ST014,20260408,29,51,69,674,Y
RT001740,Incident,INC001740,ST012,20260408,21,29,61,1136,Y
RT001741,Incident,INC001741,ST002,20260409,1,3,5,70,N
RT001742,Incident,INC001742,ST004,20260409,37,50,90,1414,Y
RT001743,Incident,INC001743,ST010,20260409,6,8,18,177,Y
RT001744,Incident,INC001744,ST007,20260409,33,42,79,105,Y
RT001745,Incident,INC001745,ST010,20260410,9,14,21,298,Y
RT001746,Incident,INC001746,ST006,20260410,34,37,80,,Y
RT001747,Incident,INC001747,ST007,20260410,8,10,23,1788,N
RT001748,Incident,INC001748,ST006,20260410,24,66,85,575,Y
RT001749,Incident,INC001749,ST004,20260410,8,10,21,357,Y
RT001750,Incident,INC001750,ST010,20260410,1,4,5,357,N
RT001751,Incident,INC001751,ST013,20260410,1,1,1,516,N
RT001752,Incident,INC001752,ST002,20260410,26,57,80,228,Y
RT001753,Incident,INC001753,ST009,20260411,10,17,29,605,Y
RT001754,Incident,INC001754,ST007,20260412,4,5,7,,N
RT001755,Incident,INC001755,ST006,20260412,13,14,23,265,Y
RT001756,Incident,INC001756,ST013,20260413,9,14,20,581,N
RT001757,Incident,INC001757,ST002,20260413,8,15,19,,N
RT001758,Incident,INC001758,ST001,20260413,29,41,65,666,Y
RT001759,Incident,INC001759,ST002,20260414,4,8,11,890,N
RT001760,Incident,INC001760,ST007,20260414,9,23,27,853,Y
RT001761,Incident,INC001761,ST010,20260414,5,11,15,171,Y
RT001762,Incident,INC001762,ST013,20260414,5,5,10,113,N
RT001763,Incident,INC001763,ST003,20260415,3,6,10,515,N
RT001764,Incident,INC001764,ST005,20260415,2,6,7,115,Y
RT001765,Incident,INC001765,ST001,20260415,39,53,84,,Y
RT001766,Incident,INC001766,ST016,20260415,34,59,77,,Y
RT001767,Incident,INC001767,ST013,20260415,8,23,29,1576,N
RT001768,Incident,INC001768,ST014,20260416,1,1,1,,N
RT001769,Incident,INC001769,ST001,20260416,25,40,50,252,Y
RT001770,Incident,INC001770,ST005,20260416,19,21,37,,Y
RT001771,Incident,INC001771,ST010,20260417,5,5,9,1607,N
RT001772,Incident,INC001772,ST012,20260417,14,28,48,3501,Y
RT001773,Incident,INC001773,ST001,20260417,17,31,47,74,Y
RT001774,Incident,INC001774,ST010,20260418,7,9,15,181,N
RT001775,Incident,INC001775,ST003,20260419,7,13,16,1162,N
RT001776,Incident,INC001776,ST013,20260419,4,6,10,,N
RT001777,Incident,INC001777,ST002,20260420,2,3,4,210,N
RT001778,Incident,INC001778,ST005,20260420,19,21,38,225,Y
RT001779,Incident,INC001779,ST004,20260420,11,14,24,480,Y
RT001780,Incident,INC001780,ST016,20260420,8,10,16,1593,Y
RT001781,Incident,INC001781,ST008,20260420,5,7,10,124,Y
RT001782,Incident,INC001782,ST015,20260420,26,36,49,1014,Y
RT001783,Incident,INC001783,ST002,20260421,21,46,56,,Y
RT001784,Incident,INC001784,ST009,20260422,1,3,3,1522,N
RT001785,Incident,INC001785,ST007,20260422,6,8,14,258,N
RT001786,Incident,INC001786,ST013,20260422,20,22,38,,Y
RT001787,Incident,INC001787,ST006,20260422,3,6,13,541,Y
RT001788,Incident,INC001788,ST001,20260423,2,4,7,74,N
RT001789,Incident,INC001789,ST010,20260423,30,43,62,,Y
RT001790,Incident,INC001790,ST011,20260423,7,16,23,,Y
RT001791,Incident,INC001791,ST009,20260424,6,10,14,313,Y
RT001792,Incident,INC001792,ST002,20260424,15,16,33,,N
RT001793,Incident,INC001793,ST001,20260424,7,13,22,1514,Y
RT001794,Incident,INC001794,ST002,20260425,14,19,29,,Y
RT001795,Incident,INC001795,ST010,20260425,4,11,17,262,Y
RT001796,Incident,INC001796,ST010,20260425,36,38,75,,Y
RT001797,Incident,INC001797,ST009,20260426,38,39,77,168,Y
RT001798,Incident,INC001798,ST013,20260426,1,1,1,685,N
RT001799,Incident,INC001799,ST010,20260426,7,15,29,20,Y
RT001800,Incident,INC001800,ST003,20260426,3,8,10,1398,N
RT001801,Incident,INC001801,ST015,20260427,16,36,46,20,Y
RT001802,Incident,INC001802,ST001,20260428,6,10,14,,N
RT001803,Incident,INC001803,ST001,20260428,7,8,16,,N
RT001804,Incident,INC001804,ST007,20260428,29,47,69,,Y
RT001805,Incident,INC001805,ST014,20260429,2,3,5,740,N
RT001806,Incident,INC001806,ST011,20260429,1,2,3,,N
RT001807,Incident,INC001807,ST007,20260429,10,14,28,1572,N
RT001808,Incident,INC001808,ST001,20260429,9,14,22,876,Y
RT001809,Incident,INC001809,ST004,20260429,6,7,11,,N
RT001810,Incident,INC001810,ST004,20260429,2,2,5,1039,N
RT001811,Incident,INC001811,ST010,20260429,5,12,19,,N
RT001812,Incident,INC001812,ST008,20260429,4,8,13,,N
RT001813,Incident,INC001813,ST001,20260430,6,7,13,130,N
RT001814,Incident,INC001814,ST010,20260430,5,9,17,,N
RT001815,Incident,INC001815,ST011,20260430,13,26,34,670,Y
RT001816,Incident,INC001816,ST003,20260430,2,3,4,1362,N
RT001817,Incident,INC001817,ST008,20260430,12,25,33,311,Y
RT001818,Incident,INC001818,ST009,20260430,20,27,52,1342,Y
RT001819,Incident,INC001819,ST010,20260430,27,40,87,164,Y
RT001820,Incident,INC001820,ST008,20260430,3,6,10,335,N
RT001821,Support Case,CASE000001,ST010,20250101,900,,,1260,N
RT001822,Support Case,CASE000003,ST006,20250101,1320,,,5400,N
RT001823,Support Case,CASE000007,ST003,20250102,1740,,,,N
RT001824,Support Case,CASE000009,ST005,20250103,360,,,120,N
RT001825,Support Case,CASE000012,ST006,20250103,660,,,3060,N
RT001826,Support Case,CASE000016,ST005,20250104,900,,,8640,Y
RT001827,Support Case,CASE000018,ST013,20250104,1980,,,960,N
RT001828,Support Case,CASE000022,ST016,20250105,1200,,,11820,Y
RT001829,Support Case,CASE000023,ST007,20250105,600,,,,N
RT001830,Support Case,CASE000025,ST001,20250105,960,,,,N
RT001831,Support Case,CASE000028,ST006,20250106,2160,,,9000,Y
RT001832,Support Case,CASE000033,ST011,20250106,1740,,,6120,Y
RT001833,Support Case,CASE000036,ST003,20250107,720,,,300,N
RT001834,Support Case,CASE000037,ST009,20250108,840,,,840,N
RT001835,Support Case,CASE000038,ST016,20250108,1080,,,960,N
RT001836,Support Case,CASE000041,ST004,20250109,780,,,3540,N
RT001837,Support Case,CASE000046,ST004,20250109,1920,,,5040,Y
RT001838,Support Case,CASE000049,ST010,20250110,1920,,,2760,Y
RT001839,Support Case,CASE000050,ST002,20250110,1440,,,8760,Y
RT001840,Support Case,CASE000053,ST001,20250111,2160,,,720,N
RT001841,Support Case,CASE000055,ST014,20250111,1560,,,,N
RT001842,Support Case,CASE000058,ST002,20250112,1680,,,,N
RT001843,Support Case,CASE000064,ST002,20250113,1020,,,1200,N
RT001844,Support Case,CASE000065,ST002,20250113,720,,,720,N
RT001845,Support Case,CASE000070,ST011,20250115,180,,,1740,N
RT001846,Support Case,CASE000071,ST006,20250115,600,,,5340,Y
RT001847,Support Case,CASE000072,ST011,20250115,2040,,,720,N
RT001848,Support Case,CASE000079,ST002,20250116,1020,,,,N
RT001849,Support Case,CASE000083,ST016,20250117,1380,,,4860,Y
RT001850,Support Case,CASE000086,ST008,20250118,420,,,5580,N
RT001851,Support Case,CASE000087,ST002,20250119,1320,,,,N
RT001852,Support Case,CASE000088,ST006,20250119,1680,,,3000,Y
RT001853,Support Case,CASE000095,ST014,20250120,780,,,2460,Y
RT001854,Support Case,CASE000099,ST010,20250121,780,,,,N
RT001855,Support Case,CASE000104,ST014,20250122,2100,,,2940,Y
RT001856,Support Case,CASE000105,ST002,20250122,360,,,7560,Y
RT001857,Support Case,CASE000112,ST003,20250123,1080,,,300,N
RT001858,Support Case,CASE000113,ST006,20250123,1320,,,6000,Y
RT001859,Support Case,CASE000115,ST005,20250124,1860,,,1680,N
RT001860,Support Case,CASE000117,ST010,20250125,1260,,,,N
RT001861,Support Case,CASE000119,ST010,20250125,900,,,8160,Y
RT001862,Support Case,CASE000124,ST003,20250126,720,,,,N
RT001863,Support Case,CASE000125,ST015,20250126,2160,,,,N
RT001864,Support Case,CASE000127,ST015,20250126,420,,,1560,N
RT001865,Support Case,CASE000128,ST014,20250127,1440,,,3900,N
RT001866,Support Case,CASE000130,ST008,20250127,2100,,,1740,Y
RT001867,Support Case,CASE000132,ST004,20250127,1500,,,3300,N
RT001868,Support Case,CASE000137,ST005,20250129,1860,,,,N
RT001869,Support Case,CASE000140,ST003,20250129,1320,,,1680,N
RT001870,Support Case,CASE000141,ST007,20250129,900,,,660,N
RT001871,Support Case,CASE000143,ST003,20250129,1680,,,120,N
RT001872,Support Case,CASE000144,ST005,20250130,1500,,,3720,Y
RT001873,Support Case,CASE000146,ST009,20250130,1920,,,3360,N
RT001874,Support Case,CASE000148,ST012,20250131,120,,,4440,Y
RT001875,Support Case,CASE000154,ST010,20250201,1080,,,2100,N
RT001876,Support Case,CASE000156,ST001,20250202,1320,,,,N
RT001877,Support Case,CASE000161,ST008,20250202,1680,,,1320,N
RT001878,Support Case,CASE000163,ST001,20250203,1380,,,8160,Y
RT001879,Support Case,CASE000164,ST001,20250203,1200,,,10320,Y
RT001880,Support Case,CASE000165,ST004,20250203,1380,,,1080,N
RT001881,Support Case,CASE000169,ST002,20250204,60,,,,N
RT001882,Support Case,CASE000172,ST004,20250204,1560,,,7380,Y
RT001883,Support Case,CASE000173,ST002,20250204,780,,,6900,Y
RT001884,Support Case,CASE000177,ST006,20250205,2100,,,1020,N
RT001885,Support Case,CASE000183,ST012,20250207,900,,,6000,Y
RT001886,Support Case,CASE000184,ST004,20250207,1920,,,420,N
RT001887,Support Case,CASE000185,ST008,20250207,1620,,,,N
RT001888,Support Case,CASE000186,ST010,20250207,600,,,,N
RT001889,Support Case,CASE000192,ST007,20250209,1320,,,3060,Y
RT001890,Support Case,CASE000198,ST014,20250210,780,,,1440,N
RT001891,Support Case,CASE000201,ST011,20250210,1080,,,,N
RT001892,Support Case,CASE000203,ST007,20250210,960,,,6360,Y
RT001893,Support Case,CASE000210,ST010,20250212,2040,,,6060,Y
RT001894,Support Case,CASE000213,ST013,20250212,840,,,720,N
RT001895,Support Case,CASE000215,ST015,20250213,240,,,,N
RT001896,Support Case,CASE000216,ST015,20250213,780,,,1560,N
RT001897,Support Case,CASE000219,ST001,20250214,1500,,,960,Y
RT001898,Support Case,CASE000223,ST013,20250214,1620,,,420,N
RT001899,Support Case,CASE000224,ST006,20250215,180,,,,N
RT001900,Support Case,CASE000247,ST009,20250218,1560,,,4200,N
RT001901,Support Case,CASE000248,ST006,20250218,2100,,,5580,Y
RT001902,Support Case,CASE000249,ST001,20250218,720,,,4740,Y
RT001903,Support Case,CASE000258,ST010,20250221,720,,,,N
RT001904,Support Case,CASE000261,ST007,20250221,780,,,,N
RT001905,Support Case,CASE000263,ST009,20250222,960,,,3480,N
RT001906,Support Case,CASE000265,ST003,20250222,420,,,,N
RT001907,Support Case,CASE000276,ST013,20250224,1860,,,,N
RT001908,Support Case,CASE000280,ST007,20250225,1320,,,,N
RT001909,Support Case,CASE000283,ST010,20250225,1020,,,3660,Y
RT001910,Support Case,CASE000289,ST002,20250226,120,,,3600,N
RT001911,Support Case,CASE000295,ST002,20250227,960,,,3600,N
RT001912,Support Case,CASE000297,ST003,20250228,780,,,5520,Y
RT001913,Support Case,CASE000298,ST010,20250228,660,,,,N
RT001914,Support Case,CASE000299,ST004,20250228,2040,,,2880,N
RT001915,Support Case,CASE000303,ST014,20250302,180,,,1200,N
RT001916,Support Case,CASE000307,ST007,20250302,1080,,,2580,Y
RT001917,Support Case,CASE000308,ST015,20250302,1020,,,8700,Y
RT001918,Support Case,CASE000311,ST010,20250303,600,,,,N
RT001919,Support Case,CASE000313,ST007,20250303,1320,,,1860,Y
RT001920,Support Case,CASE000315,ST010,20250304,1800,,,,N
RT001921,Support Case,CASE000316,ST012,20250304,1320,,,2100,Y
RT001922,Support Case,CASE000320,ST009,20250305,2040,,,5880,Y
RT001923,Support Case,CASE000323,ST008,20250306,900,,,,N
RT001924,Support Case,CASE000324,ST001,20250306,1860,,,780,N
RT001925,Support Case,CASE000326,ST008,20250306,360,,,600,N
RT001926,Support Case,CASE000333,ST015,20250308,1800,,,7380,Y
RT001927,Support Case,CASE000335,ST011,20250309,1320,,,,N
RT001928,Support Case,CASE000338,ST001,20250309,300,,,,N
RT001929,Support Case,CASE000340,ST002,20250310,1860,,,9480,Y
RT001930,Support Case,CASE000345,ST010,20250310,2160,,,4080,Y
RT001931,Support Case,CASE000348,ST015,20250311,1440,,,,N
RT001932,Support Case,CASE000349,ST005,20250311,840,,,,N
RT001933,Support Case,CASE000351,ST006,20250311,1680,,,1320,N
RT001934,Support Case,CASE000354,ST013,20250312,1320,,,,N
RT001935,Support Case,CASE000355,ST001,20250312,1320,,,,N
RT001936,Support Case,CASE000360,ST001,20250313,1920,,,2640,N
RT001937,Support Case,CASE000362,ST009,20250314,1140,,,2640,N
RT001938,Support Case,CASE000365,ST006,20250315,120,,,3180,Y
RT001939,Support Case,CASE000367,ST007,20250316,120,,,,N
RT001940,Support Case,CASE000375,ST002,20250317,240,,,960,N
RT001941,Support Case,CASE000383,ST012,20250319,1680,,,9060,Y
RT001942,Support Case,CASE000388,ST004,20250320,1920,,,7140,Y
RT001943,Support Case,CASE000389,ST009,20250320,2160,,,2220,N
RT001944,Support Case,CASE000391,ST012,20250321,540,,,7380,Y
RT001945,Support Case,CASE000393,ST012,20250321,660,,,3120,N
RT001946,Support Case,CASE000394,ST009,20250321,1920,,,,N
RT001947,Support Case,CASE000397,ST010,20250321,120,,,420,N
RT001948,Support Case,CASE000400,ST010,20250322,180,,,2460,Y
RT001949,Support Case,CASE000401,ST003,20250322,1980,,,2880,N
RT001950,Support Case,CASE000405,ST015,20250323,1860,,,1680,N
RT001951,Support Case,CASE000408,ST015,20250324,420,,,6420,Y
RT001952,Support Case,CASE000413,ST003,20250324,1680,,,3000,N
RT001953,Support Case,CASE000414,ST007,20250324,480,,,60,N
RT001954,Support Case,CASE000415,ST008,20250324,540,,,6600,Y
RT001955,Support Case,CASE000416,ST010,20250325,1440,,,,N
RT001956,Support Case,CASE000419,ST001,20250326,360,,,60,N
RT001957,Support Case,CASE000426,ST001,20250327,1080,,,,N
RT001958,Support Case,CASE000427,ST015,20250327,1440,,,,N
RT001959,Support Case,CASE000428,ST008,20250328,1080,,,,N
RT001960,Support Case,CASE000429,ST007,20250328,720,,,,N
RT001961,Support Case,CASE000430,ST006,20250328,2160,,,240,N
RT001962,Support Case,CASE000431,ST009,20250328,60,,,7140,Y
RT001963,Support Case,CASE000435,ST015,20250328,1140,,,11220,Y
RT001964,Support Case,CASE000437,ST007,20250329,1020,,,5400,N
RT001965,Support Case,CASE000439,ST011,20250329,1260,,,3660,N
RT001966,Support Case,CASE000440,ST010,20250329,1140,,,,N
RT001967,Support Case,CASE000445,ST003,20250330,360,,,1380,N
RT001968,Support Case,CASE000452,ST009,20250331,1440,,,7740,Y
RT001969,Support Case,CASE000458,ST001,20250402,120,,,2220,Y
RT001970,Support Case,CASE000459,ST010,20250403,2100,,,,N
RT001971,Support Case,CASE000460,ST004,20250403,480,,,8460,Y
RT001972,Support Case,CASE000462,ST001,20250403,1320,,,1740,N
RT001973,Support Case,CASE000463,ST010,20250403,960,,,4560,Y
RT001974,Support Case,CASE000465,ST012,20250404,660,,,8700,Y
RT001975,Support Case,CASE000466,ST005,20250404,900,,,,N
RT001976,Support Case,CASE000467,ST002,20250404,1800,,,9360,Y
RT001977,Support Case,CASE000469,ST002,20250404,720,,,1320,N
RT001978,Support Case,CASE000471,ST010,20250404,1440,,,360,N
RT001979,Support Case,CASE000483,ST014,20250407,1200,,,1500,N
RT001980,Support Case,CASE000488,ST011,20250408,1560,,,,N
RT001981,Support Case,CASE000491,ST004,20250409,1740,,,1200,N
RT001982,Support Case,CASE000500,ST010,20250411,780,,,4260,Y
RT001983,Support Case,CASE000507,ST011,20250412,900,,,3360,N
RT001984,Support Case,CASE000508,ST010,20250412,900,,,,N
RT001985,Support Case,CASE000511,ST015,20250413,360,,,60,N
RT001986,Support Case,CASE000512,ST002,20250413,1440,,,3540,N
RT001987,Support Case,CASE000513,ST009,20250413,1920,,,,N
RT001988,Support Case,CASE000515,ST013,20250414,1080,,,4380,Y
RT001989,Support Case,CASE000522,ST010,20250415,960,,,9480,Y
RT001990,Support Case,CASE000524,ST003,20250416,1620,,,,N
RT001991,Support Case,CASE000529,ST013,20250416,1320,,,420,N
RT001992,Support Case,CASE000530,ST008,20250416,1560,,,5340,N
RT001993,Support Case,CASE000532,ST006,20250417,600,,,1980,Y
RT001994,Support Case,CASE000533,ST016,20250417,420,,,,N
RT001995,Support Case,CASE000539,ST011,20250418,1500,,,2580,N
RT001996,Support Case,CASE000540,ST013,20250418,1740,,,,N
RT001997,Support Case,CASE000541,ST010,20250419,1080,,,9960,Y
RT001998,Support Case,CASE000542,ST006,20250419,1440,,,3840,N
RT001999,Support Case,CASE000546,ST001,20250420,1800,,,60,N
RT002000,Support Case,CASE000550,ST010,20250421,1020,,,5880,Y
RT002001,Support Case,CASE000552,ST010,20250421,2100,,,,N
RT002002,Support Case,CASE000553,ST016,20250421,2100,,,2040,N
RT002003,Support Case,CASE000555,ST015,20250421,2160,,,6960,Y
RT002004,Support Case,CASE000559,ST006,20250422,600,,,1260,N
RT002005,Support Case,CASE000560,ST001,20250423,720,,,3120,Y
RT002006,Support Case,CASE000561,ST010,20250423,600,,,420,N
RT002007,Support Case,CASE000567,ST013,20250425,1320,,,8100,Y
RT002008,Support Case,CASE000570,ST006,20250425,1200,,,2640,N
RT002009,Support Case,CASE000571,ST016,20250426,2160,,,2460,N
RT002010,Support Case,CASE000574,ST002,20250426,960,,,,N
RT002011,Support Case,CASE000576,ST003,20250427,1860,,,,N
RT002012,Support Case,CASE000577,ST010,20250427,1260,,,480,N
RT002013,Support Case,CASE000580,ST014,20250427,1980,,,14340,Y
RT002014,Support Case,CASE000583,ST004,20250428,1560,,,11520,Y
RT002015,Support Case,CASE000585,ST004,20250428,1080,,,,N
RT002016,Support Case,CASE000590,ST016,20250430,1140,,,60,N
RT002017,Support Case,CASE000591,ST010,20250430,2040,,,2220,N
RT002018,Support Case,CASE000592,ST004,20250430,480,,,,N
RT002019,Support Case,CASE000593,ST007,20250430,420,,,1380,N
RT002020,Support Case,CASE000605,ST012,20250504,1260,,,,N
RT002021,Support Case,CASE000608,ST003,20250505,1560,,,1380,N
RT002022,Support Case,CASE000610,ST010,20250505,1500,,,120,N
RT002023,Support Case,CASE000617,ST016,20250506,1200,,,1800,N
RT002024,Support Case,CASE000618,ST001,20250506,2160,,,10440,Y
RT002025,Support Case,CASE000619,ST006,20250506,720,,,3720,Y
RT002026,Support Case,CASE000620,ST007,20250506,2160,,,1680,N
RT002027,Support Case,CASE000622,ST003,20250506,480,,,5700,Y
RT002028,Support Case,CASE000625,ST011,20250507,840,,,5580,N
RT002029,Support Case,CASE000626,ST001,20250507,720,,,720,N
RT002030,Support Case,CASE000629,ST010,20250508,2100,,,,N
RT002031,Support Case,CASE000639,ST001,20250510,1440,,,6960,Y
RT002032,Support Case,CASE000640,ST007,20250510,1200,,,2160,N
RT002033,Support Case,CASE000643,ST003,20250511,2160,,,2400,N
RT002034,Support Case,CASE000652,ST001,20250513,1260,,,,N
RT002035,Support Case,CASE000660,ST002,20250514,1020,,,9300,Y
RT002036,Support Case,CASE000662,ST005,20250515,60,,,,N
RT002037,Support Case,CASE000663,ST009,20250515,960,,,4020,Y
RT002038,Support Case,CASE000669,ST007,20250517,1440,,,,N
RT002039,Support Case,CASE000671,ST014,20250517,660,,,,N
RT002040,Support Case,CASE000672,ST013,20250517,1860,,,2760,N
RT002041,Support Case,CASE000677,ST001,20250519,780,,,4320,N
RT002042,Support Case,CASE000680,ST010,20250519,1080,,,120,N
RT002043,Support Case,CASE000681,ST001,20250519,720,,,4440,Y
RT002044,Support Case,CASE000691,ST007,20250521,60,,,60,N
RT002045,Support Case,CASE000692,ST007,20250521,1200,,,3180,Y
RT002046,Support Case,CASE000694,ST016,20250521,840,,,660,N
RT002047,Support Case,CASE000695,ST002,20250521,1980,,,5340,Y
RT002048,Support Case,CASE000698,ST010,20250522,780,,,3480,N
RT002049,Support Case,CASE000711,ST006,20250524,120,,,,N
RT002050,Support Case,CASE000714,ST002,20250525,1140,,,3900,Y
RT002051,Support Case,CASE000719,ST011,20250526,480,,,2940,N
RT002052,Support Case,CASE000726,ST007,20250527,2100,,,1260,Y
RT002053,Support Case,CASE000727,ST009,20250527,360,,,1500,N
RT002054,Support Case,CASE000731,ST001,20250528,60,,,13260,Y
RT002055,Support Case,CASE000733,ST013,20250528,1320,,,5760,Y
RT002056,Support Case,CASE000735,ST012,20250529,1680,,,,N
RT002057,Support Case,CASE000736,ST001,20250529,240,,,3420,Y
RT002058,Support Case,CASE000741,ST014,20250530,2100,,,,N
RT002059,Support Case,CASE000745,ST009,20250531,420,,,4380,Y
RT002060,Support Case,CASE000746,ST004,20250531,1020,,,9060,Y
RT002061,Support Case,CASE000748,ST002,20250601,1080,,,540,N
RT002062,Support Case,CASE000751,ST003,20250602,1560,,,,N
RT002063,Support Case,CASE000752,ST015,20250602,120,,,3720,Y
RT002064,Support Case,CASE000757,ST010,20250602,1320,,,240,N
RT002065,Support Case,CASE000758,ST007,20250602,1680,,,1620,N
RT002066,Support Case,CASE000759,ST006,20250603,2100,,,1920,Y
RT002067,Support Case,CASE000760,ST013,20250603,660,,,180,N
RT002068,Support Case,CASE000761,ST001,20250603,900,,,300,N
RT002069,Support Case,CASE000764,ST006,20250603,1980,,,1860,N
RT002070,Support Case,CASE000765,ST009,20250603,240,,,,N
RT002071,Support Case,CASE000766,ST015,20250604,2160,,,2940,N
RT002072,Support Case,CASE000768,ST011,20250604,300,,,,N
RT002073,Support Case,CASE000770,ST006,20250605,1920,,,1020,Y
RT002074,Support Case,CASE000774,ST001,20250606,360,,,300,N
RT002075,Support Case,CASE000777,ST004,20250606,660,,,60,N
RT002076,Support Case,CASE000780,ST008,20250606,1500,,,2520,N
RT002077,Support Case,CASE000783,ST010,20250607,1620,,,9600,Y
RT002078,Support Case,CASE000788,ST009,20250607,2100,,,2580,N
RT002079,Support Case,CASE000791,ST010,20250608,780,,,,N
RT002080,Support Case,CASE000793,ST013,20250609,1200,,,6000,Y
RT002081,Support Case,CASE000794,ST004,20250609,1860,,,,N
RT002082,Support Case,CASE000796,ST002,20250609,1560,,,60,N
RT002083,Support Case,CASE000802,ST001,20250610,240,,,,N
RT002084,Support Case,CASE000805,ST010,20250611,1800,,,12180,Y
RT002085,Support Case,CASE000806,ST002,20250611,1560,,,540,N
RT002086,Support Case,CASE000810,ST002,20250611,120,,,4020,N
RT002087,Support Case,CASE000817,ST001,20250614,2100,,,7560,Y
RT002088,Support Case,CASE000821,ST006,20250614,1560,,,4320,N
RT002089,Support Case,CASE000823,ST011,20250615,60,,,1020,N
RT002090,Support Case,CASE000824,ST008,20250615,1620,,,3240,Y
RT002091,Support Case,CASE000826,ST010,20250616,1560,,,13980,Y
RT002092,Support Case,CASE000830,ST002,20250617,1080,,,2520,N
RT002093,Support Case,CASE000831,ST003,20250617,180,,,780,N
RT002094,Support Case,CASE000832,ST001,20250617,1080,,,,N
RT002095,Support Case,CASE000836,ST009,20250618,1200,,,1740,Y
RT002096,Support Case,CASE000838,ST013,20250618,1800,,,,N
RT002097,Support Case,CASE000842,ST002,20250619,1800,,,8040,Y
RT002098,Support Case,CASE000845,ST002,20250619,1740,,,,N
RT002099,Support Case,CASE000846,ST001,20250619,1440,,,5640,Y
RT002100,Support Case,CASE000847,ST001,20250620,1740,,,,N
RT002101,Support Case,CASE000849,ST007,20250621,180,,,,N
RT002102,Support Case,CASE000852,ST003,20250621,240,,,1980,N
RT002103,Support Case,CASE000857,ST004,20250622,2040,,,1200,N
RT002104,Support Case,CASE000861,ST010,20250623,1560,,,11100,Y
RT002105,Support Case,CASE000864,ST010,20250623,840,,,5460,N
RT002106,Support Case,CASE000865,ST001,20250624,1800,,,4980,Y
RT002107,Support Case,CASE000871,ST003,20250625,300,,,7620,Y
RT002108,Support Case,CASE000873,ST013,20250625,720,,,2700,N
RT002109,Support Case,CASE000875,ST013,20250626,240,,,,N
RT002110,Support Case,CASE000877,ST001,20250626,1080,,,720,N
RT002111,Support Case,CASE000884,ST006,20250627,1860,,,,N
RT002112,Support Case,CASE000885,ST002,20250627,600,,,3360,N
RT002113,Support Case,CASE000887,ST005,20250628,1200,,,7740,Y
RT002114,Support Case,CASE000889,ST013,20250628,1320,,,660,N
RT002115,Support Case,CASE000892,ST002,20250629,1200,,,,N
RT002116,Support Case,CASE000894,ST010,20250629,120,,,,N
RT002117,Support Case,CASE000898,ST013,20250630,1140,,,540,N
RT002118,Support Case,CASE000903,ST009,20250630,2040,,,2040,N
RT002119,Support Case,CASE000906,ST003,20250630,960,,,3300,N
RT002120,Support Case,CASE000908,ST001,20250701,840,,,2640,N
RT002121,Support Case,CASE000909,ST008,20250701,1860,,,,N
RT002122,Support Case,CASE000911,ST008,20250701,120,,,3120,N
RT002123,Support Case,CASE000915,ST006,20250702,1980,,,1500,N
RT002124,Support Case,CASE000917,ST012,20250702,180,,,,N
RT002125,Support Case,CASE000918,ST001,20250702,1740,,,3960,N
RT002126,Support Case,CASE000920,ST001,20250703,420,,,1860,Y
RT002127,Support Case,CASE000926,ST012,20250704,240,,,,N
RT002128,Support Case,CASE000928,ST006,20250704,1740,,,2700,N
RT002129,Support Case,CASE000929,ST001,20250704,1380,,,14400,Y
RT002130,Support Case,CASE000931,ST001,20250704,840,,,4980,Y
RT002131,Support Case,CASE000932,ST013,20250705,480,,,420,N
RT002132,Support Case,CASE000934,ST001,20250705,240,,,900,N
RT002133,Support Case,CASE000936,ST008,20250705,720,,,1980,N
RT002134,Support Case,CASE000938,ST013,20250706,2160,,,840,Y
RT002135,Support Case,CASE000940,ST015,20250706,180,,,2520,N
RT002136,Support Case,CASE000947,ST004,20250707,1980,,,900,N
RT002137,Support Case,CASE000949,ST010,20250707,60,,,,N
RT002138,Support Case,CASE000950,ST002,20250707,120,,,,N
RT002139,Support Case,CASE000952,ST009,20250708,360,,,3600,Y
RT002140,Support Case,CASE000954,ST010,20250708,1980,,,,N
RT002141,Support Case,CASE000956,ST014,20250708,2100,,,1440,N
RT002142,Support Case,CASE000958,ST007,20250709,600,,,,N
RT002143,Support Case,CASE000960,ST014,20250709,1500,,,,N
RT002144,Support Case,CASE000963,ST002,20250710,300,,,3960,N
RT002145,Support Case,CASE000966,ST014,20250710,600,,,9420,Y
RT002146,Support Case,CASE000973,ST011,20250711,960,,,60,N
RT002147,Support Case,CASE000981,ST012,20250714,1620,,,840,N
RT002148,Support Case,CASE000987,ST006,20250715,540,,,2100,N
RT002149,Support Case,CASE000989,ST006,20250715,1860,,,4500,Y
RT002150,Support Case,CASE000993,ST014,20250716,1440,,,2520,N
RT002151,Support Case,CASE000996,ST013,20250716,1500,,,900,Y
RT002152,Support Case,CASE001000,ST016,20250717,600,,,2100,N
RT002153,Support Case,CASE001001,ST015,20250717,1560,,,,N
RT002154,Support Case,CASE001002,ST004,20250717,1440,,,2520,N
RT002155,Support Case,CASE001003,ST008,20250717,1860,,,,N
RT002156,Support Case,CASE001010,ST009,20250719,120,,,6720,Y
RT002157,Support Case,CASE001012,ST015,20250719,2100,,,5160,Y
RT002158,Support Case,CASE001013,ST001,20250720,180,,,5520,N
RT002159,Support Case,CASE001018,ST011,20250721,1740,,,4620,Y
RT002160,Support Case,CASE001020,ST010,20250721,1380,,,1860,N
RT002161,Support Case,CASE001021,ST002,20250721,1080,,,4380,Y
RT002162,Support Case,CASE001026,ST006,20250723,1260,,,8700,Y
RT002163,Support Case,CASE001030,ST010,20250724,360,,,6360,Y
RT002164,Support Case,CASE001035,ST003,20250725,240,,,1560,Y
RT002165,Support Case,CASE001039,ST014,20250726,600,,,,N
RT002166,Support Case,CASE001041,ST010,20250726,1860,,,,N
RT002167,Support Case,CASE001046,ST006,20250727,540,,,60,N
RT002168,Support Case,CASE001053,ST006,20250728,2040,,,1080,N
RT002169,Support Case,CASE001058,ST007,20250729,1080,,,1620,N
RT002170,Support Case,CASE001059,ST004,20250729,780,,,3720,N
RT002171,Support Case,CASE001062,ST004,20250730,1740,,,3720,N
RT002172,Support Case,CASE001063,ST010,20250730,1380,,,480,N
RT002173,Support Case,CASE001065,ST006,20250730,420,,,,N
RT002174,Support Case,CASE001066,ST010,20250730,60,,,1020,Y
RT002175,Support Case,CASE001067,ST008,20250730,720,,,2400,Y
RT002176,Support Case,CASE001069,ST016,20250730,300,,,,N
RT002177,Support Case,CASE001074,ST010,20250731,60,,,,N
RT002178,Support Case,CASE001075,ST015,20250731,420,,,4020,N
RT002179,Support Case,CASE001077,ST001,20250801,780,,,2700,N
RT002180,Support Case,CASE001080,ST013,20250802,1560,,,420,N
RT002181,Support Case,CASE001083,ST004,20250803,120,,,1380,N
RT002182,Support Case,CASE001084,ST002,20250803,60,,,3540,Y
RT002183,Support Case,CASE001087,ST008,20250803,240,,,3300,N
RT002184,Support Case,CASE001093,ST009,20250804,1860,,,,N
RT002185,Support Case,CASE001100,ST015,20250805,480,,,6420,Y
RT002186,Support Case,CASE001106,ST010,20250806,900,,,900,Y
RT002187,Support Case,CASE001110,ST002,20250807,1620,,,780,Y
RT002188,Support Case,CASE001119,ST001,20250810,1020,,,5100,N
RT002189,Support Case,CASE001120,ST003,20250810,1380,,,120,N
RT002190,Support Case,CASE001122,ST011,20250811,1620,,,6960,Y
RT002191,Support Case,CASE001127,ST001,20250812,180,,,2100,N
RT002192,Support Case,CASE001128,ST004,20250812,1740,,,840,N
RT002193,Support Case,CASE001130,ST009,20250813,1380,,,10740,Y
RT002194,Support Case,CASE001131,ST010,20250813,1800,,,1620,N
RT002195,Support Case,CASE001134,ST001,20250814,480,,,,N
RT002196,Support Case,CASE001135,ST006,20250814,360,,,780,Y
RT002197,Support Case,CASE001136,ST016,20250814,1260,,,1980,N
RT002198,Support Case,CASE001137,ST003,20250814,1500,,,4560,Y
RT002199,Support Case,CASE001140,ST001,20250815,2100,,,1200,N
RT002200,Support Case,CASE001144,ST014,20250816,60,,,1500,N
RT002201,Support Case,CASE001150,ST010,20250817,1560,,,4200,N
RT002202,Support Case,CASE001154,ST006,20250818,840,,,,N
RT002203,Support Case,CASE001159,ST011,20250819,960,,,360,N
RT002204,Support Case,CASE001180,ST006,20250823,1980,,,7980,Y
RT002205,Support Case,CASE001183,ST015,20250824,840,,,6300,Y
RT002206,Support Case,CASE001186,ST013,20250824,1440,,,780,N
RT002207,Support Case,CASE001192,ST009,20250825,1380,,,,N
RT002208,Support Case,CASE001196,ST004,20250826,1800,,,5400,Y
RT002209,Support Case,CASE001198,ST005,20250826,1620,,,1500,Y
RT002210,Support Case,CASE001201,ST002,20250827,660,,,,N
RT002211,Support Case,CASE001202,ST001,20250827,1380,,,3900,N
RT002212,Support Case,CASE001203,ST008,20250827,1020,,,3120,N
RT002213,Support Case,CASE001204,ST005,20250827,1500,,,3120,N
RT002214,Support Case,CASE001205,ST007,20250827,1440,,,12300,Y
RT002215,Support Case,CASE001210,ST006,20250829,1920,,,,N
RT002216,Support Case,CASE001212,ST007,20250829,1200,,,,N
RT002217,Support Case,CASE001213,ST002,20250829,600,,,300,N
RT002218,Support Case,CASE001214,ST006,20250829,600,,,,N
RT002219,Support Case,CASE001215,ST012,20250829,1560,,,,N
RT002220,Support Case,CASE001219,ST007,20250830,1320,,,,N
RT002221,Support Case,CASE001224,ST013,20250831,780,,,60,N
RT002222,Support Case,CASE001225,ST004,20250831,180,,,5280,Y
RT002223,Support Case,CASE001228,ST002,20250901,1320,,,660,N
RT002224,Support Case,CASE001235,ST003,20250902,660,,,,N
RT002225,Support Case,CASE001238,ST002,20250903,300,,,2220,N
RT002226,Support Case,CASE001240,ST008,20250903,360,,,660,N
RT002227,Support Case,CASE001243,ST001,20250904,1320,,,,N
RT002228,Support Case,CASE001249,ST010,20250906,840,,,6300,Y
RT002229,Support Case,CASE001251,ST007,20250906,360,,,,N
RT002230,Support Case,CASE001255,ST014,20250907,660,,,360,N
RT002231,Support Case,CASE001258,ST008,20250908,1140,,,,N
RT002232,Support Case,CASE001261,ST002,20250908,660,,,2940,Y
RT002233,Support Case,CASE001264,ST001,20250908,300,,,,N
RT002234,Support Case,CASE001266,ST007,20250909,1980,,,5040,Y
RT002235,Support Case,CASE001267,ST015,20250909,1140,,,2160,N
RT002236,Support Case,CASE001272,ST004,20250910,720,,,1140,N
RT002237,Support Case,CASE001274,ST001,20250911,1560,,,,N
RT002238,Support Case,CASE001277,ST002,20250911,1200,,,3960,N
RT002239,Support Case,CASE001278,ST005,20250912,1320,,,1740,N
RT002240,Support Case,CASE001282,ST008,20250913,240,,,480,N
RT002241,Support Case,CASE001290,ST015,20250914,540,,,4980,Y
RT002242,Support Case,CASE001291,ST004,20250914,1860,,,360,N
RT002243,Support Case,CASE001293,ST005,20250914,660,,,,N
RT002244,Support Case,CASE001299,ST006,20250915,480,,,,N
RT002245,Support Case,CASE001300,ST001,20250916,900,,,1800,N
RT002246,Support Case,CASE001301,ST009,20250916,2160,,,9060,Y
RT002247,Support Case,CASE001303,ST001,20250916,2100,,,3660,N
RT002248,Support Case,CASE001305,ST013,20250916,1620,,,4920,Y
RT002249,Support Case,CASE001307,ST001,20250917,420,,,,N
RT002250,Support Case,CASE001313,ST003,20250918,540,,,5220,Y
RT002251,Support Case,CASE001315,ST006,20250919,2040,,,1920,Y
RT002252,Support Case,CASE001316,ST001,20250919,1860,,,3540,N
RT002253,Support Case,CASE001317,ST001,20250919,1020,,,3180,Y
RT002254,Support Case,CASE001318,ST015,20250919,660,,,60,N
RT002255,Support Case,CASE001326,ST014,20250921,660,,,,N
RT002256,Support Case,CASE001327,ST001,20250922,1200,,,,N
RT002257,Support Case,CASE001329,ST004,20250922,2100,,,1500,Y
RT002258,Support Case,CASE001341,ST005,20250924,360,,,60,N
RT002259,Support Case,CASE001351,ST010,20250926,180,,,3060,Y
RT002260,Support Case,CASE001353,ST014,20250927,1320,,,1800,N
RT002261,Support Case,CASE001354,ST008,20250927,2100,,,2940,N
RT002262,Support Case,CASE001357,ST001,20250928,720,,,6000,Y
RT002263,Support Case,CASE001358,ST006,20250928,2160,,,2580,N
RT002264,Support Case,CASE001359,ST016,20250928,1860,,,1200,N
RT002265,Support Case,CASE001361,ST006,20250929,1080,,,5280,Y
RT002266,Support Case,CASE001362,ST012,20250929,1560,,,660,N
RT002267,Support Case,CASE001366,ST005,20250929,960,,,3060,N
RT002268,Support Case,CASE001368,ST002,20250930,1500,,,2100,N
RT002269,Support Case,CASE001370,ST013,20250930,120,,,540,N
RT002270,Support Case,CASE001371,ST009,20250930,720,,,,N
RT002271,Support Case,CASE001372,ST013,20250930,1260,,,6420,Y
RT002272,Support Case,CASE001375,ST015,20250930,900,,,1860,Y
RT002273,Support Case,CASE001376,ST012,20251001,360,,,1320,N
RT002274,Support Case,CASE001377,ST007,20251001,1020,,,,N
RT002275,Support Case,CASE001380,ST014,20251002,1260,,,1860,N
RT002276,Support Case,CASE001386,ST006,20251003,840,,,,N
RT002277,Support Case,CASE001389,ST004,20251004,120,,,1320,N
RT002278,Support Case,CASE001391,ST007,20251005,840,,,3840,Y
RT002279,Support Case,CASE001393,ST010,20251005,120,,,,N
RT002280,Support Case,CASE001394,ST003,20251005,1680,,,7080,Y
RT002281,Support Case,CASE001398,ST003,20251006,1620,,,4500,N
RT002282,Support Case,CASE001406,ST010,20251008,960,,,9300,Y
RT002283,Support Case,CASE001407,ST004,20251008,1380,,,3240,Y
RT002284,Support Case,CASE001409,ST014,20251009,2040,,,4440,Y
RT002285,Support Case,CASE001413,ST014,20251009,1920,,,2280,N
RT002286,Support Case,CASE001415,ST016,20251010,2100,,,,N
RT002287,Support Case,CASE001418,ST016,20251010,960,,,9300,Y
RT002288,Support Case,CASE001421,ST002,20251011,1020,,,3300,N
RT002289,Support Case,CASE001422,ST002,20251011,180,,,120,N
RT002290,Support Case,CASE001423,ST001,20251011,120,,,,N
RT002291,Support Case,CASE001424,ST006,20251011,1860,,,,N
RT002292,Support Case,CASE001425,ST006,20251011,720,,,2760,N
RT002293,Support Case,CASE001426,ST012,20251012,360,,,,N
RT002294,Support Case,CASE001429,ST012,20251012,420,,,1260,N
RT002295,Support Case,CASE001430,ST009,20251013,540,,,2760,N
RT002296,Support Case,CASE001436,ST010,20251013,1680,,,,N
RT002297,Support Case,CASE001437,ST013,20251013,2100,,,1440,N
RT002298,Support Case,CASE001438,ST008,20251013,1440,,,540,N
RT002299,Support Case,CASE001439,ST005,20251014,1380,,,3780,N
RT002300,Support Case,CASE001443,ST003,20251014,60,,,1080,Y
RT002301,Support Case,CASE001456,ST007,20251017,1920,,,8040,Y
RT002302,Support Case,CASE001457,ST005,20251017,2100,,,480,N
RT002303,Support Case,CASE001460,ST012,20251018,360,,,540,N
RT002304,Support Case,CASE001464,ST008,20251019,1260,,,,N
RT002305,Support Case,CASE001465,ST003,20251019,180,,,480,N
RT002306,Support Case,CASE001468,ST006,20251019,840,,,60,N
RT002307,Support Case,CASE001473,ST003,20251020,600,,,2820,N
RT002308,Support Case,CASE001476,ST006,20251021,180,,,3900,Y
RT002309,Support Case,CASE001478,ST001,20251021,1260,,,4440,N
RT002310,Support Case,CASE001482,ST003,20251022,1920,,,3060,N
RT002311,Support Case,CASE001495,ST014,20251025,1260,,,2640,N
RT002312,Support Case,CASE001505,ST001,20251026,1980,,,3480,N
RT002313,Support Case,CASE001512,ST008,20251028,60,,,,N
RT002314,Support Case,CASE001514,ST010,20251028,60,,,11220,Y
RT002315,Support Case,CASE001515,ST013,20251028,2100,,,,N
RT002316,Support Case,CASE001516,ST007,20251029,1380,,,4740,Y
RT002317,Support Case,CASE001520,ST016,20251030,240,,,5580,Y
RT002318,Support Case,CASE001522,ST005,20251031,2160,,,1620,N
RT002319,Support Case,CASE001523,ST008,20251031,900,,,,N
RT002320,Support Case,CASE001528,ST014,20251101,720,,,13200,Y
RT002321,Support Case,CASE001531,ST010,20251101,420,,,960,N
RT002322,Support Case,CASE001534,ST004,20251102,1140,,,,N
RT002323,Support Case,CASE001536,ST009,20251102,1620,,,6240,Y
RT002324,Support Case,CASE001537,ST004,20251102,1740,,,960,Y
RT002325,Support Case,CASE001539,ST004,20251103,2160,,,,N
RT002326,Support Case,CASE001542,ST010,20251103,360,,,8400,Y
RT002327,Support Case,CASE001543,ST003,20251103,1860,,,1140,N
RT002328,Support Case,CASE001552,ST015,20251105,60,,,3780,N
RT002329,Support Case,CASE001554,ST003,20251105,300,,,3720,N
RT002330,Support Case,CASE001555,ST009,20251105,1680,,,600,N
RT002331,Support Case,CASE001558,ST006,20251106,1320,,,1320,N
RT002332,Support Case,CASE001559,ST004,20251106,1020,,,,N
RT002333,Support Case,CASE001563,ST006,20251107,660,,,,N
RT002334,Support Case,CASE001564,ST003,20251108,1680,,,120,N
RT002335,Support Case,CASE001567,ST007,20251108,480,,,4020,Y
RT002336,Support Case,CASE001568,ST001,20251108,2040,,,240,N
RT002337,Support Case,CASE001576,ST016,20251110,1140,,,1260,N
RT002338,Support Case,CASE001579,ST002,20251110,840,,,,N
RT002339,Support Case,CASE001580,ST007,20251110,1380,,,6420,Y
RT002340,Support Case,CASE001582,ST006,20251111,240,,,10920,Y
RT002341,Support Case,CASE001585,ST006,20251112,120,,,6120,Y
RT002342,Support Case,CASE001588,ST003,20251112,1020,,,,N
RT002343,Support Case,CASE001590,ST004,20251113,1800,,,2880,N
RT002344,Support Case,CASE001592,ST004,20251113,900,,,3240,Y
RT002345,Support Case,CASE001595,ST010,20251113,1140,,,,N
RT002346,Support Case,CASE001596,ST015,20251114,480,,,8820,Y
RT002347,Support Case,CASE001597,ST001,20251114,360,,,,N
RT002348,Support Case,CASE001599,ST007,20251115,120,,,15360,Y
RT002349,Support Case,CASE001600,ST012,20251115,780,,,1500,N
RT002350,Support Case,CASE001603,ST001,20251115,1200,,,5040,N
RT002351,Support Case,CASE001610,ST008,20251116,60,,,960,N
RT002352,Support Case,CASE001614,ST008,20251117,2100,,,,N
RT002353,Support Case,CASE001615,ST013,20251117,2100,,,,N
RT002354,Support Case,CASE001619,ST001,20251118,2100,,,360,N
RT002355,Support Case,CASE001621,ST011,20251118,2160,,,11700,Y
RT002356,Support Case,CASE001631,ST004,20251120,1920,,,3060,Y
RT002357,Support Case,CASE001632,ST006,20251120,1980,,,1380,N
RT002358,Support Case,CASE001633,ST008,20251120,900,,,3540,N
RT002359,Support Case,CASE001635,ST010,20251120,420,,,1980,Y
RT002360,Support Case,CASE001638,ST015,20251121,1380,,,420,N
RT002361,Support Case,CASE001647,ST004,20251122,1980,,,,N
RT002362,Support Case,CASE001651,ST010,20251123,60,,,1200,N
RT002363,Support Case,CASE001662,ST002,20251124,1800,,,,N
RT002364,Support Case,CASE001663,ST001,20251124,1080,,,,N
RT002365,Support Case,CASE001670,ST003,20251126,180,,,4560,N
RT002366,Support Case,CASE001674,ST009,20251126,780,,,3960,Y
RT002367,Support Case,CASE001675,ST004,20251126,1800,,,540,N
RT002368,Support Case,CASE001683,ST004,20251128,480,,,,N
RT002369,Support Case,CASE001685,ST006,20251128,1740,,,840,N
RT002370,Support Case,CASE001686,ST013,20251128,1800,,,2220,N
RT002371,Support Case,CASE001689,ST001,20251129,1020,,,60,N
RT002372,Support Case,CASE001690,ST007,20251129,2160,,,4080,N
RT002373,Support Case,CASE001693,ST003,20251130,1620,,,1140,N
RT002374,Support Case,CASE001696,ST013,20251130,2040,,,360,N
RT002375,Support Case,CASE001699,ST005,20251201,1620,,,2220,N
RT002376,Support Case,CASE001707,ST001,20251203,960,,,780,N
RT002377,Support Case,CASE001711,ST007,20251204,360,,,,N
RT002378,Support Case,CASE001718,ST013,20251205,900,,,1260,N
RT002379,Support Case,CASE001719,ST003,20251205,1020,,,,N
RT002380,Support Case,CASE001725,ST008,20251206,960,,,3900,N
RT002381,Support Case,CASE001732,ST006,20251207,1080,,,,N
RT002382,Support Case,CASE001733,ST006,20251207,540,,,,N
RT002383,Support Case,CASE001734,ST002,20251207,540,,,8520,Y
RT002384,Support Case,CASE001736,ST002,20251208,1260,,,,N
RT002385,Support Case,CASE001740,ST007,20251208,60,,,660,N
RT002386,Support Case,CASE001746,ST008,20251209,600,,,,N
RT002387,Support Case,CASE001748,ST003,20251210,960,,,5580,Y
RT002388,Support Case,CASE001749,ST004,20251211,540,,,3840,N
RT002389,Support Case,CASE001754,ST002,20251212,960,,,4740,Y
RT002390,Support Case,CASE001755,ST002,20251212,1740,,,600,N
RT002391,Support Case,CASE001764,ST002,20251214,840,,,1140,N
RT002392,Support Case,CASE001770,ST010,20251215,1020,,,6180,Y
RT002393,Support Case,CASE001772,ST001,20251216,1500,,,1860,Y
RT002394,Support Case,CASE001773,ST014,20251216,1260,,,1620,Y
RT002395,Support Case,CASE001781,ST010,20251217,1680,,,,N
RT002396,Support Case,CASE001783,ST009,20251217,1500,,,1920,Y
RT002397,Support Case,CASE001786,ST002,20251218,1380,,,4140,Y
RT002398,Support Case,CASE001787,ST016,20251218,1500,,,2940,N
RT002399,Support Case,CASE001789,ST006,20251218,960,,,3780,N
RT002400,Support Case,CASE001791,ST003,20251219,1500,,,,N
RT002401,Support Case,CASE001793,ST011,20251219,360,,,12120,Y
RT002402,Support Case,CASE001796,ST002,20251219,1500,,,4080,N
RT002403,Support Case,CASE001798,ST004,20251220,240,,,11220,Y
RT002404,Support Case,CASE001804,ST003,20251221,2160,,,,N
RT002405,Support Case,CASE001808,ST014,20251222,60,,,1260,N
RT002406,Support Case,CASE001810,ST005,20251222,1800,,,,N
RT002407,Support Case,CASE001812,ST003,20251223,360,,,,N
RT002408,Support Case,CASE001822,ST009,20251225,300,,,4080,N
RT002409,Support Case,CASE001823,ST001,20251225,420,,,3600,N
RT002410,Support Case,CASE001825,ST005,20251226,2160,,,5640,Y
RT002411,Support Case,CASE001828,ST009,20251227,300,,,2520,N
RT002412,Support Case,CASE001831,ST015,20251227,540,,,5640,N
RT002413,Support Case,CASE001832,ST015,20251228,2100,,,60,N
RT002414,Support Case,CASE001833,ST010,20251228,1920,,,1500,N
RT002415,Support Case,CASE001834,ST015,20251229,720,,,8880,Y
RT002416,Support Case,CASE001838,ST002,20251229,1980,,,6900,Y
RT002417,Support Case,CASE001842,ST004,20251230,1620,,,,N
RT002418,Support Case,CASE001846,ST003,20251230,2040,,,5280,Y
RT002419,Support Case,CASE001851,ST006,20251231,900,,,600,N
RT002420,Support Case,CASE001857,ST012,20260101,420,,,480,N
RT002421,Support Case,CASE001866,ST006,20260103,660,,,4740,Y
RT002422,Support Case,CASE001871,ST002,20260104,360,,,,N
RT002423,Support Case,CASE001872,ST009,20260104,720,,,4680,Y
RT002424,Support Case,CASE001873,ST001,20260105,840,,,3060,Y
RT002425,Support Case,CASE001876,ST002,20260105,300,,,1800,Y
RT002426,Support Case,CASE001881,ST008,20260106,1380,,,5040,N
RT002427,Support Case,CASE001883,ST002,20260107,2040,,,180,N
RT002428,Support Case,CASE001885,ST006,20260108,1920,,,6000,Y
RT002429,Support Case,CASE001887,ST001,20260109,60,,,3240,N
RT002430,Support Case,CASE001891,ST007,20260109,120,,,8880,Y
RT002431,Support Case,CASE001895,ST014,20260110,1380,,,,N
RT002432,Support Case,CASE001897,ST006,20260111,2160,,,1800,N
RT002433,Support Case,CASE001898,ST002,20260111,1740,,,,N
RT002434,Support Case,CASE001899,ST007,20260112,1140,,,1020,N
RT002435,Support Case,CASE001900,ST010,20260112,720,,,,N
RT002436,Support Case,CASE001901,ST010,20260112,60,,,4620,Y
RT002437,Support Case,CASE001902,ST001,20260112,900,,,3180,N
RT002438,Support Case,CASE001903,ST001,20260112,1380,,,2220,N
RT002439,Support Case,CASE001911,ST001,20260113,1200,,,7980,Y
RT002440,Support Case,CASE001912,ST015,20260114,1320,,,9000,Y
RT002441,Support Case,CASE001914,ST006,20260114,720,,,480,N
RT002442,Support Case,CASE001923,ST006,20260116,900,,,4440,Y
RT002443,Support Case,CASE001928,ST010,20260117,960,,,1740,N
RT002444,Support Case,CASE001930,ST003,20260117,360,,,,N
RT002445,Support Case,CASE001933,ST013,20260118,1920,,,8760,Y
RT002446,Support Case,CASE001934,ST002,20260118,1560,,,,N
RT002447,Support Case,CASE001936,ST012,20260119,1860,,,10200,Y
RT002448,Support Case,CASE001942,ST007,20260120,120,,,,N
RT002449,Support Case,CASE001945,ST001,20260120,1080,,,8160,Y
RT002450,Support Case,CASE001948,ST004,20260121,60,,,,N
RT002451,Support Case,CASE001950,ST013,20260121,1560,,,,N
RT002452,Support Case,CASE001951,ST008,20260122,1680,,,7860,Y
RT002453,Support Case,CASE001952,ST015,20260122,720,,,60,N
RT002454,Support Case,CASE001953,ST004,20260122,180,,,,N
RT002455,Support Case,CASE001959,ST003,20260123,1560,,,,N
RT002456,Support Case,CASE001962,ST013,20260123,600,,,2400,N
RT002457,Support Case,CASE001963,ST011,20260124,960,,,1140,N
RT002458,Support Case,CASE001964,ST010,20260124,960,,,5160,Y
RT002459,Support Case,CASE001965,ST001,20260124,1980,,,60,N
RT002460,Support Case,CASE001967,ST015,20260125,240,,,3780,N
RT002461,Support Case,CASE001970,ST014,20260125,1920,,,2280,Y
RT002462,Support Case,CASE001973,ST003,20260126,180,,,5880,Y
RT002463,Support Case,CASE001975,ST002,20260126,840,,,720,N
RT002464,Support Case,CASE001976,ST009,20260126,540,,,,N
RT002465,Support Case,CASE001980,ST001,20260127,1500,,,60,N
RT002466,Support Case,CASE001981,ST013,20260127,780,,,4620,N
RT002467,Support Case,CASE001985,ST013,20260128,1080,,,6000,Y
RT002468,Support Case,CASE001986,ST010,20260128,1500,,,900,N
RT002469,Support Case,CASE001987,ST001,20260128,1200,,,540,N
RT002470,Support Case,CASE001996,ST006,20260130,1260,,,,N
RT002471,Support Case,CASE002000,ST016,20260131,540,,,,N
RT002472,Support Case,CASE002003,ST010,20260201,1920,,,5940,Y
RT002473,Support Case,CASE002005,ST009,20260201,1320,,,4440,Y
RT002474,Support Case,CASE002012,ST001,20260202,660,,,1740,N
RT002475,Support Case,CASE002015,ST014,20260203,1440,,,4500,Y
RT002476,Support Case,CASE002017,ST009,20260204,120,,,2220,N
RT002477,Support Case,CASE002022,ST010,20260205,60,,,6540,Y
RT002478,Support Case,CASE002025,ST004,20260205,540,,,6060,Y
RT002479,Support Case,CASE002032,ST007,20260207,1320,,,,N
RT002480,Support Case,CASE002033,ST003,20260207,1380,,,,N
RT002481,Support Case,CASE002036,ST012,20260208,1080,,,900,Y
RT002482,Support Case,CASE002038,ST004,20260208,360,,,,N
RT002483,Support Case,CASE002040,ST007,20260209,1500,,,60,N
RT002484,Support Case,CASE002042,ST004,20260209,1560,,,600,N
RT002485,Support Case,CASE002046,ST002,20260209,1080,,,1740,N
RT002486,Support Case,CASE002052,ST011,20260211,2040,,,,N
RT002487,Support Case,CASE002054,ST002,20260212,2040,,,3540,N
RT002488,Support Case,CASE002055,ST002,20260212,1800,,,,N
RT002489,Support Case,CASE002056,ST013,20260212,120,,,1560,N
RT002490,Support Case,CASE002057,ST002,20260212,780,,,1080,N
RT002491,Support Case,CASE002060,ST001,20260213,420,,,2820,N
RT002492,Support Case,CASE002062,ST015,20260214,1140,,,960,N
RT002493,Support Case,CASE002064,ST002,20260215,1320,,,,N
RT002494,Support Case,CASE002065,ST001,20260215,1440,,,720,N
RT002495,Support Case,CASE002068,ST001,20260216,1860,,,,N
RT002496,Support Case,CASE002069,ST003,20260216,60,,,60,N
RT002497,Support Case,CASE002072,ST006,20260217,1680,,,,N
RT002498,Support Case,CASE002074,ST008,20260217,2100,,,9840,Y
RT002499,Support Case,CASE002075,ST002,20260217,1020,,,1500,N
RT002500,Support Case,CASE002077,ST016,20260217,780,,,2640,N
RT002501,Support Case,CASE002080,ST007,20260218,540,,,4080,N
RT002502,Support Case,CASE002092,ST015,20260221,1680,,,,N
RT002503,Support Case,CASE002094,ST004,20260221,600,,,60,N
RT002504,Support Case,CASE002096,ST009,20260222,60,,,60,N
RT002505,Support Case,CASE002101,ST010,20260222,1140,,,1680,N
RT002506,Support Case,CASE002106,ST011,20260223,480,,,3120,N
RT002507,Support Case,CASE002108,ST013,20260224,240,,,,N
RT002508,Support Case,CASE002109,ST007,20260224,2100,,,780,Y
RT002509,Support Case,CASE002111,ST003,20260225,1680,,,5640,Y
RT002510,Support Case,CASE002119,ST004,20260227,720,,,540,N
RT002511,Support Case,CASE002122,ST002,20260228,1380,,,1980,N
RT002512,Support Case,CASE002128,ST004,20260301,1560,,,840,Y
RT002513,Support Case,CASE002131,ST002,20260301,1860,,,7380,Y
RT002514,Support Case,CASE002132,ST015,20260302,1320,,,6240,Y
RT002515,Support Case,CASE002133,ST002,20260302,540,,,1380,N
RT002516,Support Case,CASE002135,ST014,20260302,1020,,,,N
RT002517,Support Case,CASE002136,ST001,20260302,2040,,,1140,Y
RT002518,Support Case,CASE002138,ST009,20260302,2160,,,4740,Y
RT002519,Support Case,CASE002140,ST002,20260303,480,,,2220,N
RT002520,Support Case,CASE002148,ST013,20260304,1800,,,,N
RT002521,Support Case,CASE002150,ST002,20260304,1980,,,2220,N
RT002522,Support Case,CASE002154,ST002,20260305,1860,,,,N
RT002523,Support Case,CASE002164,ST010,20260306,660,,,420,N
RT002524,Support Case,CASE002166,ST002,20260307,1380,,,1440,N
RT002525,Support Case,CASE002172,ST003,20260309,300,,,,N
RT002526,Support Case,CASE002173,ST007,20260309,300,,,6300,Y
RT002527,Support Case,CASE002183,ST015,20260311,1080,,,2400,N
RT002528,Support Case,CASE002184,ST010,20260312,780,,,4320,N
RT002529,Support Case,CASE002190,ST006,20260313,1920,,,2460,N
RT002530,Support Case,CASE002191,ST010,20260313,1200,,,60,N
RT002531,Support Case,CASE002194,ST002,20260313,1380,,,,N
RT002532,Support Case,CASE002195,ST011,20260314,120,,,5880,Y
RT002533,Support Case,CASE002202,ST016,20260315,960,,,4980,Y
RT002534,Support Case,CASE002204,ST010,20260315,240,,,5640,Y
RT002535,Support Case,CASE002206,ST012,20260315,1080,,,3180,N
RT002536,Support Case,CASE002212,ST003,20260316,1980,,,480,N
RT002537,Support Case,CASE002213,ST004,20260316,1920,,,60,N
RT002538,Support Case,CASE002214,ST013,20260316,2100,,,2700,Y
RT002539,Support Case,CASE002216,ST013,20260317,120,,,5400,Y
RT002540,Support Case,CASE002217,ST016,20260317,540,,,2100,N
RT002541,Support Case,CASE002218,ST010,20260317,420,,,,N
RT002542,Support Case,CASE002220,ST007,20260317,360,,,900,Y
RT002543,Support Case,CASE002221,ST007,20260317,600,,,5040,Y
RT002544,Support Case,CASE002222,ST009,20260317,1740,,,5520,Y
RT002545,Support Case,CASE002236,ST007,20260322,1320,,,5700,Y
RT002546,Support Case,CASE002238,ST002,20260322,360,,,,N
RT002547,Support Case,CASE002240,ST002,20260322,1560,,,7740,Y
RT002548,Support Case,CASE002242,ST006,20260323,360,,,60,N
RT002549,Support Case,CASE002246,ST007,20260323,1980,,,3300,N
RT002550,Support Case,CASE002247,ST015,20260323,840,,,,N
RT002551,Support Case,CASE002248,ST010,20260324,1140,,,2400,N
RT002552,Support Case,CASE002249,ST002,20260324,2040,,,3180,Y
RT002553,Support Case,CASE002251,ST014,20260324,720,,,,N
RT002554,Support Case,CASE002253,ST002,20260325,840,,,,N
RT002555,Support Case,CASE002255,ST002,20260325,1920,,,4620,N
RT002556,Support Case,CASE002256,ST006,20260325,2160,,,9720,Y
RT002557,Support Case,CASE002267,ST016,20260327,120,,,960,N
RT002558,Support Case,CASE002269,ST011,20260327,120,,,2280,N
RT002559,Support Case,CASE002279,ST007,20260330,60,,,,N
RT002560,Support Case,CASE002282,ST012,20260330,1620,,,,N
RT002561,Support Case,CASE002285,ST007,20260331,1560,,,3240,N
RT002562,Support Case,CASE002290,ST014,20260401,2160,,,2820,N
RT002563,Support Case,CASE002296,ST007,20260402,1860,,,,N
RT002564,Support Case,CASE002297,ST004,20260402,1140,,,2880,N
RT002565,Support Case,CASE002304,ST001,20260403,540,,,2580,N
RT002566,Support Case,CASE002307,ST010,20260404,720,,,600,N
RT002567,Support Case,CASE002309,ST001,20260404,1080,,,,N
RT002568,Support Case,CASE002326,ST003,20260407,1080,,,,N
RT002569,Support Case,CASE002327,ST010,20260408,2100,,,6060,Y
RT002570,Support Case,CASE002328,ST006,20260408,660,,,3360,Y
RT002571,Support Case,CASE002330,ST001,20260408,1860,,,2280,N
RT002572,Support Case,CASE002331,ST001,20260409,660,,,3420,N
RT002573,Support Case,CASE002332,ST006,20260409,1980,,,1200,N
RT002574,Support Case,CASE002335,ST012,20260409,540,,,11220,Y
RT002575,Support Case,CASE002342,ST007,20260410,360,,,1680,N
RT002576,Support Case,CASE002343,ST010,20260410,1740,,,240,N
RT002577,Support Case,CASE002344,ST016,20260411,1320,,,3660,N
RT002578,Support Case,CASE002346,ST002,20260411,360,,,2700,N
RT002579,Support Case,CASE002348,ST015,20260411,60,,,2340,N
RT002580,Support Case,CASE002349,ST015,20260412,1320,,,900,N
RT002581,Support Case,CASE002351,ST006,20260412,1740,,,540,N
RT002582,Support Case,CASE002352,ST001,20260412,2040,,,,N
RT002583,Support Case,CASE002353,ST008,20260413,1200,,,1440,N
RT002584,Support Case,CASE002356,ST006,20260413,1740,,,10260,Y
RT002585,Support Case,CASE002357,ST003,20260413,2040,,,2700,N
RT002586,Support Case,CASE002358,ST016,20260413,1260,,,7800,Y
RT002587,Support Case,CASE002360,ST010,20260414,1080,,,,N
RT002588,Support Case,CASE002362,ST006,20260414,1080,,,60,N
RT002589,Support Case,CASE002363,ST016,20260414,1380,,,1620,Y
RT002590,Support Case,CASE002364,ST007,20260414,720,,,3420,N
RT002591,Support Case,CASE002366,ST015,20260415,960,,,5280,Y
RT002592,Support Case,CASE002373,ST003,20260416,240,,,780,Y
RT002593,Support Case,CASE002378,ST014,20260417,1860,,,,N
RT002594,Support Case,CASE002380,ST002,20260417,1500,,,3660,Y
RT002595,Support Case,CASE002390,ST013,20260420,1260,,,10680,Y
RT002596,Support Case,CASE002391,ST006,20260420,480,,,,N
RT002597,Support Case,CASE002397,ST004,20260421,1800,,,5460,Y
RT002598,Support Case,CASE002402,ST010,20260421,60,,,,N
RT002599,Support Case,CASE002409,ST016,20260423,1380,,,,N
RT002600,Support Case,CASE002412,ST006,20260423,1380,,,1560,N
RT002601,Support Case,CASE002413,ST005,20260424,780,,,2820,N
RT002602,Support Case,CASE002414,ST011,20260424,240,,,,N
RT002603,Support Case,CASE002415,ST001,20260424,1920,,,1620,Y
RT002604,Support Case,CASE002421,ST001,20260426,1800,,,7980,Y
RT002605,Support Case,CASE002427,ST003,20260427,660,,,7140,Y
RT002606,Support Case,CASE002431,ST002,20260427,900,,,,N
RT002607,Support Case,CASE002437,ST009,20260429,240,,,240,N
