incident_id,date_key,station_id,incident_type_id,opened_at,first_response_at,resolved_at,status,severity,response_minutes,resolution_minutes,sla_response_breached_flag,sla_resolution_breached_flag,reported_channel,location_detail,operational_note,repeat_issue_flag
INC000001,20250101,ST003,IT009,2025-01-01 11:33:00,2025-01-01 11:40:00,2025-01-01 15:45:00,Resolved,Critical,7,252,N,N,Control Room,northbound platform,passenger assistance team notified,N
INC000002,20250101,ST012,IT009,2025-01-01 13:55:00,2025-01-01 13:56:00,2025-01-01 14:15:00,Resolved,Moderate,1,20,N,N,Supervisor Walkthrough,platform stairs,seen in previous two weeks,N
INC000003,20250101,ST004,IT003,2025-01-01 21:57:00,2025-01-01 22:09:00,2025-01-02 05:34:00,Resolved,Critical,12,457,Y,Y,Supervisor Walkthrough,bus interchange,repeat complaint from morning peak,N
INC000004,20250102,ST004,IT002,2025-01-02 17:02:00,2025-01-02 17:11:00,,Escalated,Major,9,,Y,N,Control Room,staffed gate line,repeat complaint from morning peak,N
INC000005,20250103,ST002,IT003,2025-01-03 17:39:00,2025-01-03 17:50:00,2025-01-03 19:00:00,Resolved,Critical,11,81,Y,N,Control Room,ticket hall,requires facilities follow-up,N
INC000006,20250104,ST010,IT010,2025-01-04 16:18:00,2025-01-04 16:19:00,2025-01-05 12:00:00,Resolved,Critical,1,1182,N,N,Station Desk,staffed gate line,reported by service controller,N
INC000007,20250105,ST016,IT001,2025-01-05 20:01:00,2025-01-05 20:50:00,2025-01-06 01:51:00,Resolved,Moderate,49,350,Y,Y,Station Desk,northbound platform,linked to crowd control plan,N
INC000008,20250105,ST001,IT003,2025-01-05 23:03:00,2025-01-05 23:18:00,2025-01-06 00:53:00,Resolved,Major,15,110,Y,N,Mobile Radio,lift lobby,linked to crowd control plan,N
INC000009,20250105,ST013,IT001,2025-01-05 13:37:00,2025-01-05 13:50:00,2025-01-05 20:59:00,Resolved,Critical,13,442,Y,Y,Supervisor Walkthrough,bus interchange,linked to crowd control plan,N
INC000010,20250105,ST003,IT009,2025-01-05 12:59:00,2025-01-05 13:14:00,2025-01-05 14:40:00,Resolved,Critical,15,101,N,N,Mobile Radio,main concourse,requires facilities follow-up,Y
INC000011,20250105,ST007,IT007,2025-01-05 17:13:00,2025-01-05 17:18:00,2025-01-05 17:46:00,Resolved,Critical,5,33,N,N,Station Desk,main concourse,passenger assistance team notified,N
INC000012,20250105,ST008,IT009,2025-01-05 13:56:00,2025-01-05 13:57:00,,Open,Moderate,1,,N,N,Control Room,lift lobby,manual log entry from station desk,N
INC000013,20250106,ST002,IT005,2025-01-06 11:17:00,2025-01-06 11:18:00,2025-01-08 04:26:00,Resolved,Major,1,2469,N,Y,Control Room,main concourse,requires facilities follow-up,N
INC000014,20250106,ST008,IT005,2025-01-06 19:42:00,2025-01-06 19:56:00,2025-01-08 00:37:00,Resolved,Critical,14,1735,N,Y,Supervisor Walkthrough,lift lobby,manual log entry from station desk,N
INC000015,20250106,ST002,IT003,2025-01-06 19:55:00,2025-01-06 20:02:00,2025-01-06 22:25:00,Resolved,Moderate,7,150,N,N,Mobile Radio,customer help point,passenger assistance team notified,N
INC000016,20250106,ST002,IT003,2025-01-06 15:50:00,2025-01-06 16:09:00,,Open,Moderate,19,,Y,N,Mobile Radio,bus interchange,seen in previous two weeks,N
INC000017,20250106,ST003,IT010,2025-01-06 10:12:00,2025-01-06 10:22:00,2025-01-07 15:06:00,Resolved,Moderate,10,1734,N,Y,Mobile Radio,platform stairs,linked to crowd control plan,N
INC000018,20250106,ST011,IT011,2025-01-06 19:05:00,2025-01-06 19:24:00,,In Progress,Moderate,19,,N,N,Station Desk,lift lobby,temporary signage installed,N
INC000019,20250106,ST002,IT005,2025-01-06 10:13:00,2025-01-06 10:28:00,,Open,Critical,15,,N,N,Mobile Radio,northbound platform,linked to crowd control plan,Y
INC000020,20250107,ST001,IT007,2025-01-07 17:34:00,2025-01-07 17:49:00,2025-01-08 02:01:00,Resolved,Moderate,15,507,N,Y,Supervisor Walkthrough,platform stairs,temporary signage installed,N
INC000021,20250107,ST008,IT001,2025-01-07 13:54:00,2025-01-07 15:07:00,2025-01-07 14:24:00,Resolved,Minor,73,30,Y,N,Passenger Help Point,staffed gate line,temporary signage installed,Y
INC000022,20250107,ST010,IT006,2025-01-07 08:49:00,2025-01-07 09:19:00,,In Progress,Minor,30,,Y,N,Station Desk,platform stairs,reported by service controller,N
INC000023,20250107,ST003,IT004,2025-01-07 16:21:00,2025-01-07 16:22:00,,Open,Critical,1,,N,N,Station Desk,bus interchange,requires facilities follow-up,N
INC000024,20250108,ST013,IT006,2025-01-08 13:28:00,2025-01-08 13:42:00,2025-01-09 11:17:00,Resolved,Minor,14,1309,N,Y,Control Room,lift lobby,linked to crowd control plan,Y
INC000025,20250108,ST004,IT011,2025-01-08 20:10:00,2025-01-08 20:28:00,2025-01-09 08:44:00,Resolved,Moderate,18,754,N,Y,Control Room,ticket hall,repeat complaint from morning peak,N
INC000026,20250108,ST006,IT011,2025-01-08 06:37:00,2025-01-08 07:47:00,2025-01-08 13:18:00,Resolved,Major,70,401,Y,N,Control Room,northbound platform,temporary signage installed,N
INC000027,20250108,ST007,IT006,2025-01-08 08:30:00,2025-01-08 09:59:00,2025-01-09 12:19:00,Resolved,Minor,89,1669,Y,Y,Supervisor Walkthrough,main concourse,requires facilities follow-up,N
INC000028,20250109,ST004,IT002,2025-01-09 06:44:00,2025-01-09 06:47:00,2025-01-09 09:28:00,Resolved,Critical,3,164,N,Y,Control Room,customer help point,seen in previous two weeks,Y
INC000029,20250109,ST002,IT002,2025-01-09 06:30:00,2025-01-09 06:37:00,2025-01-10 01:08:00,Resolved,Critical,7,1118,Y,Y,Mobile Radio,staffed gate line,repeat complaint from morning peak,Y
INC000030,20250109,ST004,IT005,2025-01-09 06:05:00,2025-01-09 06:08:00,,In Progress,Moderate,3,,N,N,Passenger Help Point,main concourse,requires facilities follow-up,N
INC000031,20250109,ST001,IT005,2025-01-09 22:42:00,2025-01-09 23:39:00,2025-01-10 20:51:00,Resolved,Moderate,57,1329,Y,N,Passenger Help Point,customer help point,linked to crowd control plan,N
INC000032,20250110,ST002,IT003,2025-01-10 11:59:00,2025-01-10 12:43:00,2025-01-10 18:53:00,Resolved,Critical,44,414,Y,Y,Mobile Radio,customer help point,temporary signage installed,Y
INC000033,20250111,ST011,IT006,2025-01-11 07:00:00,2025-01-11 07:11:00,2025-01-12 05:09:00,Resolved,Moderate,11,1329,N,Y,Supervisor Walkthrough,lift lobby,requires facilities follow-up,N
INC000034,20250111,ST005,IT005,2025-01-11 08:13:00,2025-01-11 09:14:00,2025-01-12 20:33:00,Resolved,Moderate,61,2180,Y,Y,Passenger Help Point,staffed gate line,passenger assistance team notified,N
INC000035,20250111,ST010,IT006,2025-01-11 17:54:00,2025-01-11 18:23:00,2025-01-12 01:07:00,Resolved,Minor,29,433,Y,N,Mobile Radio,staffed gate line,linked to crowd control plan,N
INC000036,20250112,ST015,IT009,2025-01-12 14:55:00,2025-01-12 15:11:00,2025-01-13 01:39:00,Resolved,Moderate,16,644,N,N,Passenger Help Point,staffed gate line,temporary signage installed,N
INC000037,20250112,ST004,IT009,2025-01-12 15:37:00,2025-01-12 15:44:00,2025-01-14 03:38:00,Resolved,Major,7,2161,N,Y,Supervisor Walkthrough,ticket hall,repeat complaint from morning peak,Y
INC000038,20250113,ST013,IT010,2025-01-13 11:58:00,2025-01-13 12:48:00,2025-01-14 10:59:00,Resolved,Minor,50,1381,Y,N,Station Desk,customer help point,passenger assistance team notified,Y
INC000039,20250113,ST005,IT001,2025-01-13 07:20:00,2025-01-13 07:41:00,2025-01-13 10:12:00,Resolved,Minor,21,172,Y,N,Passenger Help Point,staffed gate line,linked to crowd control plan,Y
INC000040,20250113,ST007,IT005,2025-01-13 08:55:00,2025-01-13 09:28:00,2025-01-14 00:42:00,Resolved,Major,33,947,Y,N,Control Room,bus interchange,reported by service controller,N
INC000041,20250113,ST010,IT003,2025-01-13 06:39:00,2025-01-13 06:47:00,2025-01-13 06:59:00,Resolved,Moderate,8,20,N,N,Control Room,staffed gate line,linked to crowd control plan,N
INC000042,20250113,ST016,IT006,2025-01-13 15:14:00,2025-01-13 16:22:00,2025-01-13 19:04:00,Resolved,Major,68,230,Y,N,Control Room,main concourse,repeat complaint from morning peak,N
INC000043,20250113,ST008,IT012,2025-01-13 13:49:00,2025-01-13 14:21:00,2025-01-13 21:35:00,Resolved,Major,32,466,Y,N,Supervisor Walkthrough,platform stairs,reported by service controller,N
INC000044,20250113,ST004,IT011,2025-01-13 12:57:00,2025-01-13 13:15:00,2025-01-13 18:06:00,Resolved,Moderate,18,309,N,N,Supervisor Walkthrough,staffed gate line,manual log entry from station desk,N
INC000045,20250114,ST004,IT007,2025-01-14 20:37:00,2025-01-14 21:51:00,2025-01-14 23:32:00,Resolved,Major,74,175,Y,N,Mobile Radio,bus interchange,linked to crowd control plan,N
INC000046,20250114,ST016,IT010,2025-01-14 15:49:00,2025-01-14 16:28:00,2025-01-16 00:32:00,Resolved,Moderate,39,1963,N,Y,Control Room,platform stairs,requires facilities follow-up,N
INC000047,20250114,ST009,IT003,2025-01-14 21:58:00,2025-01-14 22:08:00,2025-01-15 04:03:00,Resolved,Moderate,10,365,N,Y,Passenger Help Point,bus interchange,repeat complaint from morning peak,N
INC000048,20250114,ST001,IT001,2025-01-14 15:34:00,2025-01-14 15:38:00,,Open,Moderate,4,,N,N,Passenger Help Point,lift lobby,requires facilities follow-up,N
INC000049,20250114,ST009,IT010,2025-01-14 20:32:00,2025-01-14 21:49:00,,In Progress,Minor,77,,Y,N,Passenger Help Point,lift lobby,linked to crowd control plan,N
INC000050,20250114,ST002,IT012,2025-01-14 12:39:00,2025-01-14 13:23:00,2025-01-15 04:08:00,Resolved,Critical,44,929,Y,Y,Mobile Radio,staffed gate line,repeat complaint from morning peak,N
INC000051,20250114,ST006,IT005,2025-01-14 16:20:00,2025-01-14 17:07:00,2025-01-15 04:31:00,Resolved,Moderate,47,731,Y,N,Control Room,main concourse,requires facilities follow-up,N
INC000052,20250114,ST015,IT008,2025-01-14 15:22:00,2025-01-14 15:30:00,,Open,Major,8,,N,N,Mobile Radio,northbound platform,repeat complaint from morning peak,N
INC000053,20250114,ST010,IT007,2025-01-14 09:21:00,2025-01-14 09:28:00,2025-01-14 11:03:00,Resolved,Major,7,102,N,N,Control Room,main concourse,passenger assistance team notified,N
INC000054,20250114,ST013,IT003,2025-01-14 06:14:00,2025-01-14 06:30:00,2025-01-14 15:19:00,Resolved,Major,16,545,Y,Y,Station Desk,platform stairs,reported by service controller,N
INC000055,20250115,ST004,IT008,2025-01-15 22:13:00,2025-01-15 22:24:00,2025-01-16 07:03:00,Resolved,Critical,11,530,N,Y,Station Desk,bus interchange,reported by service controller,Y
INC000056,20250115,ST014,IT001,2025-01-15 06:52:00,2025-01-15 07:05:00,2025-01-15 13:39:00,Resolved,Major,13,407,Y,Y,Station Desk,lift lobby,manual log entry from station desk,N
INC000057,20250115,ST015,IT003,2025-01-15 22:55:00,2025-01-15 23:04:00,2025-01-16 00:04:00,Resolved,Moderate,9,69,N,N,Station Desk,lift lobby,requires facilities follow-up,Y
INC000058,20250115,ST001,IT011,2025-01-15 20:34:00,2025-01-15 20:52:00,,In Progress,Major,18,,N,N,Control Room,main concourse,temporary signage installed,N
INC000059,20250115,ST004,IT008,2025-01-15 05:26:00,2025-01-15 05:53:00,2025-01-15 12:35:00,Resolved,Major,27,429,Y,Y,Mobile Radio,northbound platform,temporary signage installed,Y
INC000060,20250115,ST007,IT003,2025-01-15 08:58:00,2025-01-15 09:41:00,2025-01-15 19:08:00,Resolved,Moderate,43,610,Y,Y,Supervisor Walkthrough,lift lobby,temporary signage installed,N
INC000061,20250115,ST007,IT008,2025-01-15 09:43:00,2025-01-15 09:54:00,2025-01-15 14:00:00,Resolved,Moderate,11,257,N,N,Control Room,platform stairs,temporary signage installed,N
INC000062,20250115,ST006,IT007,2025-01-15 12:59:00,2025-01-15 13:01:00,2025-01-15 17:00:00,Resolved,Moderate,2,241,N,Y,Passenger Help Point,staffed gate line,reported by service controller,N
INC000063,20250115,ST001,IT011,2025-01-15 19:32:00,2025-01-15 19:44:00,,In Progress,Moderate,12,,N,N,Control Room,main concourse,manual log entry from station desk,N
INC000064,20250116,ST014,IT012,2025-01-16 08:36:00,2025-01-16 08:42:00,2025-01-16 22:12:00,Resolved,Minor,6,816,N,Y,Control Room,northbound platform,seen in previous two weeks,N
INC000065,20250116,ST005,IT001,2025-01-16 07:57:00,2025-01-16 08:00:00,2025-01-16 17:21:00,Resolved,Moderate,3,564,N,Y,Supervisor Walkthrough,ticket hall,reported by service controller,N
INC000066,20250116,ST008,IT008,2025-01-16 18:33:00,2025-01-16 18:45:00,2025-01-16 23:30:00,Resolved,Moderate,12,297,N,N,Control Room,platform stairs,temporary signage installed,N
INC000067,20250116,ST003,IT010,2025-01-16 16:14:00,2025-01-16 16:55:00,2025-01-18 13:33:00,Resolved,Moderate,41,2719,N,Y,Mobile Radio,ticket hall,linked to crowd control plan,N
INC000068,20250117,ST002,IT010,2025-01-17 15:05:00,2025-01-17 15:35:00,,Escalated,Minor,30,,N,N,Passenger Help Point,staffed gate line,requires facilities follow-up,N
INC000069,20250117,ST002,IT012,2025-01-17 12:01:00,2025-01-17 12:02:00,2025-01-18 00:06:00,Resolved,Moderate,1,725,N,Y,Mobile Radio,ticket hall,reported by service controller,N
INC000070,20250117,ST007,IT009,2025-01-17 20:21:00,2025-01-17 20:43:00,2025-01-18 01:38:00,Resolved,Minor,22,317,N,N,Control Room,northbound platform,seen in previous two weeks,N
INC000071,20250118,ST010,IT011,2025-01-18 23:20:00,2025-01-18 23:36:00,2025-01-19 06:59:00,Resolved,Moderate,16,459,N,N,Mobile Radio,customer help point,reported by service controller,Y
INC000072,20250118,ST012,IT005,2025-01-18 15:40:00,2025-01-18 16:19:00,2025-01-18 16:00:00,Resolved,Moderate,39,20,Y,N,Supervisor Walkthrough,bus interchange,reported by service controller,N
INC000073,20250118,ST010,IT001,2025-01-18 06:22:00,2025-01-18 06:31:00,2025-01-18 07:57:00,Resolved,Moderate,9,95,N,N,Passenger Help Point,lift lobby,temporary signage installed,N
INC000074,20250118,ST002,IT009,2025-01-18 18:44:00,2025-01-18 18:45:00,2025-01-19 00:28:00,Resolved,Moderate,1,344,N,N,Supervisor Walkthrough,main concourse,temporary signage installed,N
INC000075,20250119,ST013,IT011,2025-01-19 11:38:00,2025-01-19 11:57:00,2025-01-20 04:04:00,Resolved,Moderate,19,986,N,Y,Station Desk,lift lobby,manual log entry from station desk,N
INC000076,20250119,ST010,IT011,2025-01-19 11:06:00,2025-01-19 11:25:00,2025-01-19 17:37:00,Resolved,Minor,19,391,N,N,Control Room,staffed gate line,passenger assistance team notified,N
INC000077,20250119,ST013,IT002,2025-01-19 09:57:00,2025-01-19 10:05:00,,Open,Critical,8,,Y,N,Passenger Help Point,customer help point,requires facilities follow-up,N
INC000078,20250120,ST003,IT007,2025-01-20 11:33:00,2025-01-20 11:40:00,2025-01-20 18:35:00,Resolved,Minor,7,422,N,Y,Passenger Help Point,northbound platform,reported by service controller,N
INC000079,20250120,ST014,IT002,2025-01-20 09:40:00,2025-01-20 09:47:00,2025-01-20 11:25:00,Resolved,Critical,7,105,Y,N,Passenger Help Point,main concourse,reported by service controller,N
INC000080,20250120,ST008,IT010,2025-01-20 11:10:00,2025-01-20 11:50:00,2025-01-21 03:44:00,Resolved,Critical,40,994,N,N,Control Room,lift lobby,temporary signage installed,N
INC000081,20250121,ST015,IT004,2025-01-21 10:52:00,2025-01-21 10:58:00,2025-01-21 13:56:00,Resolved,Minor,6,184,Y,Y,Station Desk,platform stairs,seen in previous two weeks,N
INC000082,20250121,ST001,IT011,2025-01-21 21:54:00,2025-01-21 22:17:00,2025-01-21 22:23:00,Resolved,Minor,23,29,Y,N,Passenger Help Point,bus interchange,temporary signage installed,N
INC000083,20250121,ST002,IT001,2025-01-21 08:41:00,2025-01-21 08:53:00,,In Progress,Minor,12,,N,N,Station Desk,northbound platform,manual log entry from station desk,N
INC000084,20250121,ST015,IT003,2025-01-21 13:02:00,2025-01-21 13:12:00,2025-01-21 13:22:00,Resolved,Minor,10,20,N,N,Station Desk,staffed gate line,seen in previous two weeks,N
INC000085,20250121,ST002,IT001,2025-01-21 13:06:00,2025-01-21 13:25:00,2025-01-21 13:26:00,Resolved,Moderate,19,20,Y,N,Station Desk,customer help point,seen in previous two weeks,N
INC000086,20250121,ST003,IT012,2025-01-21 09:51:00,2025-01-21 10:36:00,,Open,Minor,45,,Y,N,Supervisor Walkthrough,main concourse,linked to crowd control plan,N
INC000087,20250121,ST010,IT011,2025-01-21 09:13:00,2025-01-21 09:46:00,2025-01-21 13:37:00,Resolved,Moderate,33,264,Y,N,Supervisor Walkthrough,main concourse,passenger assistance team notified,N
INC000088,20250121,ST001,IT007,2025-01-21 07:26:00,2025-01-21 07:39:00,,In Progress,Moderate,13,,N,N,Supervisor Walkthrough,northbound platform,requires facilities follow-up,Y
INC000089,20250121,ST003,IT006,2025-01-21 20:01:00,2025-01-21 20:28:00,,In Progress,Major,27,,Y,N,Passenger Help Point,platform stairs,repeat complaint from morning peak,N
INC000090,20250122,ST012,IT003,2025-01-22 21:00:00,2025-01-22 21:07:00,2025-01-22 21:21:00,Resolved,Moderate,7,21,N,N,Passenger Help Point,northbound platform,manual log entry from station desk,N
INC000091,20250123,ST003,IT005,2025-01-23 12:47:00,2025-01-23 13:18:00,2025-01-24 09:56:00,Resolved,Moderate,31,1269,Y,N,Control Room,platform stairs,seen in previous two weeks,N
INC000092,20250123,ST011,IT011,2025-01-23 14:40:00,2025-01-23 15:07:00,2025-01-23 15:00:00,Resolved,Moderate,27,20,Y,N,Control Room,bus interchange,reported by service controller,N
INC000093,20250123,ST014,IT006,2025-01-23 13:07:00,2025-01-23 13:16:00,2025-01-24 09:25:00,Resolved,Minor,9,1218,N,Y,Mobile Radio,northbound platform,temporary signage installed,N
INC000094,20250123,ST001,IT006,2025-01-23 21:06:00,2025-01-23 21:15:00,2025-01-24 21:26:00,Resolved,Moderate,9,1460,N,Y,Passenger Help Point,lift lobby,reported by service controller,N
INC000095,20250123,ST004,IT006,2025-01-23 21:18:00,2025-01-23 22:27:00,2025-01-25 21:55:00,Resolved,Minor,69,2917,Y,Y,Mobile Radio,bus interchange,requires facilities follow-up,N
INC000096,20250123,ST005,IT001,2025-01-23 05:57:00,2025-01-23 06:09:00,2025-01-23 13:56:00,Resolved,Moderate,12,479,N,Y,Station Desk,platform stairs,requires facilities follow-up,N
INC000097,20250123,ST006,IT009,2025-01-23 09:06:00,2025-01-23 10:16:00,2025-01-23 12:40:00,Resolved,Major,70,214,Y,N,Supervisor Walkthrough,ticket hall,repeat complaint from morning peak,Y
INC000098,20250123,ST006,IT010,2025-01-23 16:58:00,2025-01-23 17:35:00,,In Progress,Minor,37,,N,N,Passenger Help Point,staffed gate line,requires facilities follow-up,Y
INC000099,20250123,ST015,IT007,2025-01-23 18:37:00,2025-01-23 18:47:00,2025-01-23 18:57:00,Resolved,Major,10,20,N,N,Supervisor Walkthrough,platform stairs,manual log entry from station desk,N
INC000100,20250124,ST014,IT007,2025-01-24 16:10:00,2025-01-24 16:29:00,2025-01-25 13:42:00,Resolved,Moderate,19,1292,Y,Y,Control Room,staffed gate line,repeat complaint from morning peak,N
INC000101,20250124,ST008,IT001,2025-01-24 10:04:00,2025-01-24 10:09:00,2025-01-24 17:20:00,Resolved,Minor,5,436,N,Y,Passenger Help Point,northbound platform,temporary signage installed,N
INC000102,20250124,ST010,IT005,2025-01-24 16:46:00,2025-01-24 17:10:00,,In Progress,Major,24,,N,N,Control Room,ticket hall,passenger assistance team notified,N
INC000103,20250124,ST004,IT012,2025-01-24 06:45:00,2025-01-24 07:02:00,2025-01-24 12:05:00,Resolved,Major,17,320,Y,N,Supervisor Walkthrough,customer help point,requires facilities follow-up,N
INC000104,20250125,ST015,IT006,2025-01-25 06:03:00,2025-01-25 06:17:00,,In Progress,Moderate,14,,N,N,Supervisor Walkthrough,northbound platform,passenger assistance team notified,Y
INC000105,20250125,ST005,IT012,2025-01-25 15:51:00,2025-01-25 16:25:00,2025-01-26 06:20:00,Resolved,Major,34,869,Y,Y,Supervisor Walkthrough,platform stairs,seen in previous two weeks,N
INC000106,20250126,ST015,IT007,2025-01-26 12:59:00,2025-01-26 13:38:00,2025-01-26 19:52:00,Resolved,Moderate,39,413,Y,Y,Passenger Help Point,northbound platform,seen in previous two weeks,Y
INC000107,20250126,ST007,IT003,2025-01-26 12:43:00,2025-01-26 12:52:00,2025-01-26 15:39:00,Resolved,Major,9,176,N,N,Control Room,ticket hall,passenger assistance team notified,N
INC000108,20250126,ST006,IT005,2025-01-26 09:46:00,2025-01-26 10:53:00,2025-01-26 10:06:00,Resolved,Critical,67,20,Y,N,Passenger Help Point,ticket hall,temporary signage installed,N
INC000109,20250126,ST004,IT001,2025-01-26 19:24:00,2025-01-26 19:32:00,2025-01-27 00:40:00,Resolved,Minor,8,316,N,Y,Supervisor Walkthrough,ticket hall,temporary signage installed,N
INC000110,20250126,ST004,IT010,2025-01-26 22:18:00,2025-01-26 22:21:00,2025-01-27 18:30:00,Resolved,Moderate,3,1212,N,N,Mobile Radio,platform stairs,passenger assistance team notified,Y
INC000111,20250127,ST014,IT003,2025-01-27 23:31:00,2025-01-28 00:09:00,2025-01-28 12:11:00,Resolved,Minor,38,760,Y,Y,Supervisor Walkthrough,ticket hall,seen in previous two weeks,N
INC000112,20250127,ST004,IT009,2025-01-27 08:47:00,2025-01-27 09:17:00,2025-01-27 15:56:00,Resolved,Moderate,30,429,Y,N,Control Room,lift lobby,reported by service controller,N
INC000113,20250127,ST001,IT006,2025-01-27 15:56:00,2025-01-27 16:02:00,2025-01-28 02:32:00,Resolved,Major,6,636,N,N,Station Desk,ticket hall,passenger assistance team notified,N
INC000114,20250128,ST001,IT009,2025-01-28 23:25:00,2025-01-28 23:48:00,,In Progress,Moderate,23,,N,N,Passenger Help Point,northbound platform,seen in previous two weeks,N
INC000115,20250128,ST001,IT009,2025-01-28 05:36:00,2025-01-28 06:00:00,,Open,Critical,24,,N,N,Control Room,lift lobby,requires facilities follow-up,N
INC000116,20250128,ST014,IT005,2025-01-28 09:46:00,2025-01-28 10:28:00,2025-01-30 01:52:00,Resolved,Major,42,2406,Y,Y,Supervisor Walkthrough,staffed gate line,repeat complaint from morning peak,Y
INC000117,20250129,ST013,IT003,2025-01-29 16:00:00,2025-01-29 16:07:00,2025-01-30 00:59:00,Resolved,Major,7,539,N,Y,Mobile Radio,main concourse,temporary signage installed,N
INC000118,20250130,ST002,IT005,2025-01-30 05:58:00,2025-01-30 06:11:00,2025-01-31 04:08:00,Resolved,Minor,13,1330,N,N,Control Room,platform stairs,repeat complaint from morning peak,N
INC000119,20250130,ST016,IT007,2025-01-30 13:15:00,2025-01-30 13:47:00,2025-01-30 15:01:00,Resolved,Moderate,32,106,Y,N,Station Desk,northbound platform,manual log entry from station desk,N
INC000120,20250130,ST010,IT005,2025-01-30 14:28:00,2025-01-30 15:02:00,2025-01-30 14:48:00,Resolved,Moderate,34,20,Y,N,Control Room,lift lobby,reported by service controller,N
INC000121,20250130,ST002,IT011,2025-01-30 20:03:00,2025-01-30 21:02:00,2025-01-31 03:46:00,Resolved,Moderate,59,463,Y,N,Mobile Radio,platform stairs,reported by service controller,N
INC000122,20250130,ST015,IT005,2025-01-30 10:20:00,2025-01-30 10:41:00,2025-01-31 00:33:00,Resolved,Major,21,853,N,N,Station Desk,staffed gate line,linked to crowd control plan,N
INC000123,20250130,ST007,IT007,2025-01-30 07:40:00,2025-01-30 07:54:00,2025-01-30 10:32:00,Resolved,Major,14,172,N,N,Passenger Help Point,lift lobby,manual log entry from station desk,N
INC000124,20250130,ST008,IT010,2025-01-30 15:40:00,2025-01-30 17:02:00,2025-01-30 22:10:00,Resolved,Minor,82,390,Y,N,Passenger Help Point,ticket hall,linked to crowd control plan,N
INC000125,20250130,ST011,IT005,2025-01-30 13:04:00,2025-01-30 13:22:00,2025-01-30 16:26:00,Resolved,Critical,18,202,N,N,Control Room,staffed gate line,passenger assistance team notified,N
INC000126,20250130,ST013,IT008,2025-01-30 14:28:00,2025-01-30 15:09:00,2025-01-30 18:26:00,Resolved,Minor,41,238,Y,N,Passenger Help Point,main concourse,manual log entry from station desk,N
INC000127,20250130,ST010,IT008,2025-01-30 05:09:00,2025-01-30 05:10:00,2025-01-30 08:03:00,Resolved,Moderate,1,174,N,N,Mobile Radio,northbound platform,passenger assistance team notified,N
INC000128,20250131,ST013,IT003,2025-01-31 16:18:00,2025-01-31 16:34:00,2025-01-31 23:49:00,Resolved,Major,16,451,Y,Y,Control Room,ticket hall,repeat complaint from morning peak,N
INC000129,20250201,ST001,IT001,2025-02-01 09:36:00,2025-02-01 09:47:00,2025-02-01 12:03:00,Resolved,Moderate,11,147,N,N,Control Room,platform stairs,reported by service controller,Y
INC000130,20250201,ST010,IT003,2025-02-01 06:39:00,2025-02-01 06:59:00,2025-02-01 12:24:00,Resolved,Moderate,20,345,Y,N,Mobile Radio,northbound platform,manual log entry from station desk,N
INC000131,20250201,ST005,IT011,2025-02-01 17:55:00,2025-02-01 18:08:00,,Escalated,Moderate,13,,N,N,Passenger Help Point,ticket hall,temporary signage installed,N
INC000132,20250202,ST001,IT005,2025-02-02 08:13:00,2025-02-02 09:15:00,,Escalated,Major,62,,Y,N,Supervisor Walkthrough,platform stairs,seen in previous two weeks,N
INC000133,20250202,ST015,IT007,2025-02-02 17:03:00,2025-02-02 17:23:00,2025-02-03 07:11:00,Resolved,Moderate,20,848,Y,Y,Mobile Radio,staffed gate line,seen in previous two weeks,N
INC000134,20250203,ST013,IT011,2025-02-03 19:22:00,2025-02-03 20:27:00,2025-02-04 07:01:00,Resolved,Minor,65,699,Y,Y,Control Room,staffed gate line,repeat complaint from morning peak,N
INC000135,20250203,ST002,IT005,2025-02-03 10:42:00,2025-02-03 11:10:00,,Open,Moderate,28,,N,N,Mobile Radio,customer help point,requires facilities follow-up,N
INC000136,20250203,ST013,IT011,2025-02-03 12:26:00,2025-02-03 12:54:00,2025-02-04 07:55:00,Resolved,Moderate,28,1169,Y,Y,Supervisor Walkthrough,bus interchange,passenger assistance team notified,Y
INC000137,20250204,ST009,IT007,2025-02-04 18:39:00,2025-02-04 19:17:00,2025-02-04 21:34:00,Resolved,Moderate,38,175,Y,N,Passenger Help Point,northbound platform,reported by service controller,N
INC000138,20250204,ST003,IT003,2025-02-04 05:23:00,2025-02-04 05:30:00,2025-02-04 11:59:00,Resolved,Moderate,7,396,N,Y,Station Desk,main concourse,passenger assistance team notified,N
INC000139,20250204,ST011,IT006,2025-02-04 22:05:00,2025-02-04 22:25:00,2025-02-05 11:23:00,Resolved,Minor,20,798,N,N,Passenger Help Point,main concourse,manual log entry from station desk,N
INC000140,20250205,ST010,IT010,2025-02-05 13:57:00,2025-02-05 14:48:00,2025-02-06 16:56:00,Resolved,Minor,51,1619,Y,Y,Control Room,platform stairs,manual log entry from station desk,N
INC000141,20250205,ST007,IT007,2025-02-05 10:08:00,2025-02-05 10:58:00,2025-02-05 13:27:00,Resolved,Minor,50,199,Y,Y,Mobile Radio,northbound platform,reported by service controller,N
INC000142,20250205,ST010,IT003,2025-02-05 08:49:00,2025-02-05 08:54:00,,In Progress,Major,5,,N,N,Control Room,main concourse,temporary signage installed,Y
INC000143,20250205,ST001,IT011,2025-02-05 13:17:00,2025-02-05 14:15:00,2025-02-06 02:29:00,Resolved,Minor,58,792,Y,Y,Mobile Radio,customer help point,passenger assistance team notified,N
INC000144,20250205,ST001,IT005,2025-02-05 12:29:00,2025-02-05 13:19:00,2025-02-07 02:30:00,Resolved,Minor,50,2281,Y,Y,Passenger Help Point,northbound platform,reported by service controller,Y
INC000145,20250205,ST002,IT008,2025-02-05 20:46:00,2025-02-05 20:56:00,2025-02-05 21:50:00,Resolved,Moderate,10,64,N,N,Station Desk,ticket hall,temporary signage installed,N
INC000146,20250206,ST006,IT004,2025-02-06 13:45:00,2025-02-06 13:46:00,2025-02-06 15:34:00,Resolved,Critical,1,109,N,N,Control Room,northbound platform,linked to crowd control plan,Y
INC000147,20250206,ST010,IT007,2025-02-06 11:55:00,2025-02-06 12:49:00,2025-02-06 12:35:00,Resolved,Major,54,40,Y,N,Station Desk,staffed gate line,requires facilities follow-up,N
INC000148,20250206,ST003,IT009,2025-02-06 07:23:00,2025-02-06 07:38:00,2025-02-06 07:43:00,Resolved,Major,15,20,N,N,Mobile Radio,staffed gate line,seen in previous two weeks,N
INC000149,20250207,ST009,IT009,2025-02-07 10:15:00,2025-02-07 10:35:00,2025-02-07 13:59:00,Resolved,Moderate,20,224,N,N,Control Room,bus interchange,linked to crowd control plan,Y
INC000150,20250207,ST015,IT007,2025-02-07 20:43:00,2025-02-07 20:56:00,2025-02-08 01:05:00,Resolved,Major,13,262,N,Y,Control Room,customer help point,seen in previous two weeks,N
INC000151,20250207,ST014,IT001,2025-02-07 09:11:00,2025-02-07 09:26:00,2025-02-07 15:14:00,Resolved,Moderate,15,363,Y,Y,Supervisor Walkthrough,staffed gate line,linked to crowd control plan,N
INC000152,20250207,ST008,IT007,2025-02-07 15:22:00,2025-02-07 15:38:00,2025-02-07 16:55:00,Resolved,Major,16,93,Y,N,Passenger Help Point,platform stairs,manual log entry from station desk,N
INC000153,20250207,ST003,IT011,2025-02-07 05:50:00,2025-02-07 06:39:00,2025-02-07 16:42:00,Resolved,Major,49,652,Y,Y,Station Desk,staffed gate line,manual log entry from station desk,N
INC000154,20250207,ST007,IT002,2025-02-07 22:50:00,2025-02-07 22:53:00,2025-02-08 08:06:00,Resolved,Critical,3,556,N,Y,Supervisor Walkthrough,customer help point,passenger assistance team notified,N
INC000155,20250207,ST001,IT007,2025-02-07 08:07:00,2025-02-07 08:11:00,2025-02-07 08:27:00,Resolved,Moderate,4,20,N,N,Supervisor Walkthrough,staffed gate line,linked to crowd control plan,N
INC000156,20250207,ST012,IT007,2025-02-07 14:37:00,2025-02-07 15:27:00,,Open,Major,50,,Y,N,Passenger Help Point,platform stairs,requires facilities follow-up,Y
INC000157,20250207,ST005,IT010,2025-02-07 23:53:00,2025-02-08 00:04:00,2025-02-08 21:14:00,Resolved,Moderate,11,1281,N,N,Mobile Radio,ticket hall,requires facilities follow-up,N
INC000158,20250208,ST006,IT003,2025-02-08 11:27:00,2025-02-08 11:29:00,2025-02-09 23:47:00,Resolved,Moderate,2,2180,N,Y,Mobile Radio,northbound platform,requires facilities follow-up,N
INC000159,20250208,ST013,IT002,2025-02-08 23:31:00,2025-02-08 23:39:00,2025-02-09 02:19:00,Resolved,Critical,8,168,Y,Y,Control Room,northbound platform,temporary signage installed,N
INC000160,20250208,ST014,IT007,2025-02-08 22:32:00,2025-02-08 23:12:00,2025-02-09 04:28:00,Resolved,Major,40,356,Y,Y,Supervisor Walkthrough,ticket hall,linked to crowd control plan,Y
INC000161,20250209,ST003,IT010,2025-02-09 13:20:00,2025-02-09 14:32:00,2025-02-11 03:06:00,Resolved,Major,72,2266,Y,Y,Control Room,main concourse,seen in previous two weeks,N
INC000162,20250210,ST003,IT002,2025-02-10 05:41:00,2025-02-10 05:46:00,2025-02-10 06:01:00,Resolved,Critical,5,20,N,N,Control Room,lift lobby,repeat complaint from morning peak,Y
INC000163,20250210,ST006,IT011,2025-02-10 13:51:00,2025-02-10 14:47:00,2025-02-11 03:18:00,Resolved,Minor,56,807,Y,Y,Passenger Help Point,staffed gate line,reported by service controller,Y
INC000164,20250210,ST010,IT009,2025-02-10 06:15:00,2025-02-10 06:39:00,2025-02-11 21:45:00,Resolved,Minor,24,2370,N,Y,Station Desk,staffed gate line,linked to crowd control plan,N
INC000165,20250210,ST010,IT006,2025-02-10 12:22:00,2025-02-10 12:42:00,2025-02-10 13:33:00,Resolved,Moderate,20,71,N,N,Mobile Radio,bus interchange,repeat complaint from morning peak,N
INC000166,20250210,ST010,IT005,2025-02-10 10:54:00,2025-02-10 11:34:00,2025-02-10 19:26:00,Resolved,Major,40,512,Y,N,Control Room,customer help point,reported by service controller,N
INC000167,20250210,ST006,IT007,2025-02-10 14:11:00,2025-02-10 15:25:00,2025-02-10 16:16:00,Resolved,Moderate,74,125,Y,N,Passenger Help Point,bus interchange,requires facilities follow-up,Y
INC000168,20250210,ST014,IT005,2025-02-10 05:10:00,2025-02-10 05:44:00,,In Progress,Minor,34,,Y,N,Station Desk,bus interchange,requires facilities follow-up,Y
INC000169,20250210,ST003,IT001,2025-02-10 07:34:00,2025-02-10 07:44:00,2025-02-10 09:43:00,Resolved,Moderate,10,129,N,N,Supervisor Walkthrough,customer help point,manual log entry from station desk,N
INC000170,20250210,ST010,IT003,2025-02-10 06:35:00,2025-02-10 06:45:00,2025-02-10 08:41:00,Resolved,Critical,10,126,N,N,Control Room,ticket hall,repeat complaint from morning peak,N
INC000171,20250211,ST001,IT001,2025-02-11 21:57:00,2025-02-11 22:04:00,2025-02-12 20:20:00,Resolved,Moderate,7,1343,N,Y,Supervisor Walkthrough,main concourse,linked to crowd control plan,N
INC000172,20250211,ST015,IT007,2025-02-11 10:26:00,2025-02-11 10:27:00,,Open,Moderate,1,,N,N,Passenger Help Point,bus interchange,passenger assistance team notified,N
INC000173,20250211,ST009,IT003,2025-02-11 09:02:00,2025-02-11 09:05:00,2025-02-11 17:33:00,Resolved,Minor,3,511,N,Y,Passenger Help Point,northbound platform,seen in previous two weeks,N
INC000174,20250211,ST013,IT009,2025-02-11 10:16:00,2025-02-11 10:51:00,2025-02-11 21:41:00,Resolved,Minor,35,685,Y,N,Supervisor Walkthrough,main concourse,manual log entry from station desk,N
INC000175,20250211,ST013,IT007,2025-02-11 05:51:00,2025-02-11 06:47:00,2025-02-11 07:24:00,Resolved,Moderate,56,93,Y,N,Supervisor Walkthrough,customer help point,manual log entry from station desk,N
INC000176,20250211,ST015,IT001,2025-02-11 13:54:00,2025-02-11 14:01:00,2025-02-11 23:48:00,Resolved,Major,7,594,N,Y,Mobile Radio,lift lobby,passenger assistance team notified,N
INC000177,20250212,ST001,IT007,2025-02-12 06:09:00,2025-02-12 06:23:00,2025-02-12 06:29:00,Resolved,Major,14,20,N,N,Station Desk,bus interchange,seen in previous two weeks,N
INC000178,20250212,ST004,IT008,2025-02-12 19:42:00,2025-02-12 19:59:00,2025-02-13 03:46:00,Resolved,Moderate,17,484,Y,Y,Control Room,northbound platform,repeat complaint from morning peak,N
INC000179,20250212,ST014,IT010,2025-02-12 21:25:00,2025-02-12 22:05:00,2025-02-14 14:20:00,Resolved,Moderate,40,2455,N,Y,Passenger Help Point,lift lobby,linked to crowd control plan,N
INC000180,20250212,ST014,IT011,2025-02-12 21:28:00,2025-02-12 22:01:00,2025-02-13 15:16:00,Resolved,Moderate,33,1068,Y,Y,Control Room,northbound platform,seen in previous two weeks,N
INC000181,20250213,ST001,IT009,2025-02-13 13:07:00,2025-02-13 13:46:00,2025-02-13 20:37:00,Resolved,Moderate,39,450,Y,N,Passenger Help Point,platform stairs,requires facilities follow-up,N
INC000182,20250213,ST001,IT001,2025-02-13 08:29:00,2025-02-13 08:52:00,2025-02-13 12:17:00,Resolved,Minor,23,228,Y,N,Supervisor Walkthrough,lift lobby,passenger assistance team notified,N
INC000183,20250213,ST008,IT006,2025-02-13 15:21:00,2025-02-13 15:48:00,2025-02-14 10:16:00,Resolved,Moderate,27,1135,Y,Y,Control Room,platform stairs,reported by service controller,N
INC000184,20250214,ST001,IT009,2025-02-14 15:33:00,2025-02-14 16:42:00,2025-02-15 12:38:00,Resolved,Critical,69,1265,Y,Y,Station Desk,main concourse,requires facilities follow-up,Y
INC000185,20250215,ST006,IT005,2025-02-15 22:21:00,2025-02-15 22:59:00,2025-02-17 13:23:00,Resolved,Critical,38,2342,Y,Y,Mobile Radio,northbound platform,requires facilities follow-up,N
INC000186,20250215,ST010,IT009,2025-02-15 14:06:00,2025-02-15 14:26:00,2025-02-16 16:30:00,Resolved,Critical,20,1584,N,Y,Control Room,bus interchange,reported by service controller,N
INC000187,20250215,ST010,IT005,2025-02-15 19:24:00,2025-02-15 19:25:00,,Open,Minor,1,,N,N,Control Room,bus interchange,reported by service controller,Y
INC000188,20250216,ST004,IT007,2025-02-16 11:52:00,2025-02-16 12:11:00,2025-02-16 12:12:00,Resolved,Minor,19,20,Y,N,Passenger Help Point,ticket hall,passenger assistance team notified,N
INC000189,20250216,ST006,IT008,2025-02-16 19:18:00,2025-02-16 19:26:00,2025-02-17 08:24:00,Resolved,Critical,8,786,N,Y,Mobile Radio,customer help point,passenger assistance team notified,N
INC000190,20250216,ST009,IT001,2025-02-16 22:13:00,2025-02-16 22:23:00,,Open,Moderate,10,,N,N,Supervisor Walkthrough,customer help point,manual log entry from station desk,Y
INC000191,20250217,ST006,IT001,2025-02-17 15:44:00,2025-02-17 16:04:00,2025-02-18 09:36:00,Resolved,Minor,20,1072,Y,Y,Mobile Radio,customer help point,repeat complaint from morning peak,N
INC000192,20250217,ST009,IT009,2025-02-17 16:46:00,2025-02-17 17:21:00,2025-02-18 12:34:00,Resolved,Major,35,1188,Y,Y,Station Desk,bus interchange,passenger assistance team notified,N
INC000193,20250217,ST003,IT003,2025-02-17 07:14:00,2025-02-17 07:29:00,2025-02-17 09:17:00,Resolved,Critical,15,123,Y,N,Station Desk,northbound platform,requires facilities follow-up,Y
INC000194,20250217,ST015,IT009,2025-02-17 08:58:00,2025-02-17 09:07:00,2025-02-17 15:11:00,Resolved,Moderate,9,373,N,N,Control Room,platform stairs,manual log entry from station desk,Y
INC000195,20250217,ST001,IT002,2025-02-17 17:30:00,2025-02-17 17:40:00,2025-02-17 18:02:00,Resolved,Minor,10,32,Y,N,Passenger Help Point,lift lobby,requires facilities follow-up,N
INC000196,20250217,ST001,IT006,2025-02-17 07:33:00,2025-02-17 07:45:00,2025-02-17 20:58:00,Resolved,Major,12,805,N,N,Passenger Help Point,customer help point,requires facilities follow-up,N
INC000197,20250218,ST015,IT007,2025-02-18 07:14:00,2025-02-18 07:42:00,2025-02-18 11:40:00,Resolved,Moderate,28,266,Y,Y,Control Room,bus interchange,linked to crowd control plan,N
INC000198,20250219,ST002,IT003,2025-02-19 05:11:00,2025-02-19 05:19:00,2025-02-19 11:12:00,Resolved,Moderate,8,361,N,Y,Control Room,main concourse,reported by service controller,N
INC000199,20250219,ST001,IT005,2025-02-19 20:39:00,2025-02-19 20:51:00,2025-02-21 22:09:00,Resolved,Major,12,2970,N,Y,Mobile Radio,bus interchange,repeat complaint from morning peak,N
INC000200,20250219,ST008,IT010,2025-02-19 07:12:00,2025-02-19 08:09:00,2025-02-20 20:56:00,Resolved,Moderate,57,2264,Y,Y,Supervisor Walkthrough,main concourse,seen in previous two weeks,N
INC000201,20250220,ST014,IT001,2025-02-20 09:38:00,2025-02-20 09:40:00,2025-02-20 15:26:00,Resolved,Minor,2,348,N,Y,Mobile Radio,staffed gate line,seen in previous two weeks,N
INC000202,20250220,ST002,IT009,2025-02-20 11:05:00,2025-02-20 11:42:00,2025-02-21 01:40:00,Resolved,Major,37,875,Y,Y,Supervisor Walkthrough,northbound platform,repeat complaint from morning peak,N
INC000203,20250220,ST010,IT009,2025-02-20 16:06:00,2025-02-20 16:08:00,2025-02-21 02:08:00,Resolved,Critical,2,602,N,N,Passenger Help Point,customer help point,seen in previous two weeks,N
INC000204,20250220,ST010,IT009,2025-02-20 06:47:00,2025-02-20 07:21:00,2025-02-21 05:03:00,Resolved,Critical,34,1336,Y,Y,Passenger Help Point,staffed gate line,temporary signage installed,N
INC000205,20250220,ST002,IT007,2025-02-20 08:11:00,2025-02-20 08:12:00,2025-02-21 08:42:00,Resolved,Major,1,1471,N,Y,Passenger Help Point,northbound platform,reported by service controller,N
INC000206,20250220,ST010,IT006,2025-02-20 15:41:00,2025-02-20 15:57:00,2025-02-20 18:18:00,Resolved,Moderate,16,157,N,N,Mobile Radio,customer help point,passenger assistance team notified,N
INC000207,20250220,ST006,IT006,2025-02-20 22:18:00,2025-02-20 22:26:00,2025-02-22 00:03:00,Resolved,Moderate,8,1545,N,Y,Passenger Help Point,customer help point,linked to crowd control plan,N
INC000208,20250221,ST002,IT007,2025-02-21 20:39:00,2025-02-21 20:56:00,2025-02-22 02:04:00,Resolved,Major,17,325,Y,Y,Control Room,northbound platform,linked to crowd control plan,N
INC000209,20250221,ST003,IT010,2025-02-21 11:05:00,2025-02-21 12:05:00,2025-02-22 04:18:00,Resolved,Moderate,60,1033,Y,N,Mobile Radio,customer help point,linked to crowd control plan,N
INC000210,20250221,ST004,IT011,2025-02-21 20:25:00,2025-02-21 21:48:00,2025-02-21 22:22:00,Resolved,Moderate,83,117,Y,N,Mobile Radio,platform stairs,seen in previous two weeks,N
INC000211,20250221,ST004,IT001,2025-02-21 23:51:00,2025-02-22 00:53:00,2025-02-22 04:53:00,Resolved,Major,62,302,Y,Y,Supervisor Walkthrough,staffed gate line,passenger assistance team notified,Y
INC000212,20250222,ST010,IT002,2025-02-22 07:38:00,2025-02-22 07:41:00,2025-02-23 08:02:00,Resolved,Critical,3,1464,N,Y,Mobile Radio,lift lobby,reported by service controller,Y
INC000213,20250222,ST003,IT003,2025-02-22 23:37:00,2025-02-22 23:53:00,2025-02-23 08:54:00,Resolved,Critical,16,557,Y,Y,Passenger Help Point,lift lobby,seen in previous two weeks,Y
INC000214,20250222,ST003,IT003,2025-02-22 14:23:00,2025-02-22 14:38:00,2025-02-23 02:59:00,Resolved,Moderate,15,756,Y,Y,Passenger Help Point,customer help point,seen in previous two weeks,N
INC000215,20250223,ST010,IT003,2025-02-23 17:38:00,2025-02-23 17:56:00,2025-02-23 18:13:00,Resolved,Moderate,18,35,Y,N,Mobile Radio,northbound platform,linked to crowd control plan,N
INC000216,20250223,ST015,IT008,2025-02-23 12:00:00,2025-02-23 12:18:00,2025-02-23 18:12:00,Resolved,Major,18,372,Y,Y,Control Room,platform stairs,repeat complaint from morning peak,N
INC000217,20250224,ST008,IT004,2025-02-24 22:19:00,2025-02-24 22:22:00,2025-02-25 02:16:00,Resolved,Critical,3,237,N,Y,Control Room,customer help point,linked to crowd control plan,N
INC000218,20250225,ST003,IT007,2025-02-25 13:29:00,2025-02-25 13:45:00,2025-02-25 13:49:00,Resolved,Critical,16,20,Y,N,Passenger Help Point,customer help point,linked to crowd control plan,N
INC000219,20250225,ST010,IT001,2025-02-25 09:05:00,2025-02-25 09:14:00,2025-02-26 07:42:00,Resolved,Critical,9,1357,N,Y,Supervisor Walkthrough,main concourse,repeat complaint from morning peak,N
INC000220,20250225,ST014,IT003,2025-02-25 15:04:00,2025-02-25 15:27:00,2025-02-25 19:37:00,Resolved,Major,23,273,Y,N,Control Room,customer help point,seen in previous two weeks,N
INC000221,20250226,ST013,IT001,2025-02-26 21:49:00,2025-02-26 21:52:00,2025-02-27 03:21:00,Resolved,Critical,3,332,N,Y,Station Desk,platform stairs,seen in previous two weeks,N
INC000222,20250226,ST014,IT011,2025-02-26 09:15:00,2025-02-26 09:28:00,2025-02-27 00:17:00,Resolved,Moderate,13,902,N,Y,Passenger Help Point,ticket hall,reported by service controller,N
INC000223,20250226,ST009,IT003,2025-02-26 23:02:00,2025-02-26 23:08:00,,Open,Moderate,6,,N,N,Station Desk,platform stairs,repeat complaint from morning peak,N
INC000224,20250226,ST001,IT010,2025-02-26 10:37:00,2025-02-26 11:22:00,2025-02-27 02:20:00,Resolved,Major,45,943,N,N,Station Desk,staffed gate line,reported by service controller,N
INC000225,20250226,ST001,IT012,2025-02-26 14:04:00,2025-02-26 14:25:00,2025-02-27 09:51:00,Resolved,Moderate,21,1187,Y,Y,Control Room,northbound platform,repeat complaint from morning peak,N
INC000226,20250226,ST001,IT010,2025-02-26 15:07:00,2025-02-26 16:25:00,2025-02-27 14:32:00,Resolved,Critical,78,1405,Y,N,Mobile Radio,staffed gate line,requires facilities follow-up,Y
INC000227,20250226,ST001,IT006,2025-02-26 19:23:00,2025-02-26 19:37:00,2025-02-27 18:00:00,Resolved,Moderate,14,1357,N,Y,Supervisor Walkthrough,lift lobby,seen in previous two weeks,N
INC000228,20250227,ST014,IT003,2025-02-27 21:03:00,2025-02-27 21:04:00,,Open,Moderate,1,,N,N,Station Desk,bus interchange,seen in previous two weeks,N
INC000229,20250227,ST007,IT010,2025-02-27 14:02:00,2025-02-27 14:32:00,2025-03-01 11:41:00,Resolved,Critical,30,2739,N,Y,Station Desk,platform stairs,requires facilities follow-up,N
INC000230,20250227,ST001,IT006,2025-02-27 15:26:00,2025-02-27 15:41:00,,In Progress,Moderate,15,,N,N,Control Room,platform stairs,seen in previous two weeks,N
INC000231,20250228,ST012,IT005,2025-02-28 14:02:00,2025-02-28 14:15:00,,Escalated,Minor,13,,N,N,Mobile Radio,main concourse,temporary signage installed,N
INC000232,20250228,ST009,IT007,2025-02-28 18:37:00,2025-02-28 18:55:00,2025-03-01 23:24:00,Resolved,Moderate,18,1727,Y,Y,Mobile Radio,staffed gate line,reported by service controller,N
INC000233,20250228,ST006,IT007,2025-02-28 16:54:00,2025-02-28 17:05:00,2025-02-28 21:36:00,Resolved,Major,11,282,N,Y,Control Room,ticket hall,reported by service controller,N
INC000234,20250228,ST013,IT010,2025-02-28 09:15:00,2025-02-28 10:20:00,2025-03-02 09:19:00,Resolved,Moderate,65,2884,Y,Y,Passenger Help Point,platform stairs,linked to crowd control plan,N
INC000235,20250301,ST015,IT011,2025-03-01 15:57:00,2025-03-01 17:04:00,2025-03-01 16:50:00,Resolved,Moderate,67,53,Y,N,Supervisor Walkthrough,main concourse,seen in previous two weeks,Y
INC000236,20250301,ST010,IT005,2025-03-01 07:12:00,2025-03-01 07:33:00,,Open,Major,21,,N,N,Mobile Radio,northbound platform,requires facilities follow-up,N
INC000237,20250301,ST002,IT007,2025-03-01 22:51:00,2025-03-01 23:11:00,2025-03-02 06:32:00,Resolved,Critical,20,461,Y,Y,Mobile Radio,platform stairs,repeat complaint from morning peak,Y
INC000238,20250301,ST013,IT007,2025-03-01 10:11:00,2025-03-01 10:16:00,,In Progress,Moderate,5,,N,N,Passenger Help Point,northbound platform,manual log entry from station desk,N
INC000239,20250302,ST003,IT005,2025-03-02 11:01:00,2025-03-02 11:31:00,2025-03-02 23:08:00,Resolved,Minor,30,727,N,N,Control Room,staffed gate line,manual log entry from station desk,N
INC000240,20250302,ST002,IT012,2025-03-02 12:05:00,2025-03-02 12:18:00,2025-03-02 21:43:00,Resolved,Major,13,578,N,N,Control Room,northbound platform,requires facilities follow-up,N
INC000241,20250302,ST001,IT005,2025-03-02 09:13:00,2025-03-02 09:34:00,2025-03-02 09:33:00,Resolved,Moderate,21,20,N,N,Supervisor Walkthrough,bus interchange,requires facilities follow-up,N
INC000242,20250302,ST004,IT012,2025-03-02 23:03:00,2025-03-02 23:21:00,,Open,Moderate,18,,Y,N,Station Desk,lift lobby,passenger assistance team notified,N
INC000243,20250302,ST006,IT009,2025-03-02 08:53:00,2025-03-02 09:13:00,2025-03-03 14:26:00,Resolved,Major,20,1773,N,Y,Station Desk,northbound platform,manual log entry from station desk,N
INC000244,20250303,ST008,IT011,2025-03-03 15:47:00,2025-03-03 15:57:00,2025-03-03 22:51:00,Resolved,Moderate,10,424,N,N,Station Desk,lift lobby,passenger assistance team notified,Y
INC000245,20250304,ST011,IT010,2025-03-04 20:59:00,2025-03-04 21:27:00,2025-03-06 17:45:00,Resolved,Moderate,28,2686,N,Y,Passenger Help Point,ticket hall,temporary signage installed,N
INC000246,20250304,ST003,IT008,2025-03-04 06:28:00,2025-03-04 06:38:00,,Open,Moderate,10,,N,N,Supervisor Walkthrough,customer help point,manual log entry from station desk,N
INC000247,20250304,ST010,IT006,2025-03-04 20:28:00,2025-03-04 20:37:00,2025-03-05 12:41:00,Resolved,Moderate,9,973,N,N,Control Room,staffed gate line,reported by service controller,Y
INC000248,20250304,ST009,IT009,2025-03-04 07:21:00,2025-03-04 07:48:00,2025-03-04 11:45:00,Resolved,Moderate,27,264,Y,N,Control Room,bus interchange,linked to crowd control plan,N
INC000249,20250304,ST001,IT008,2025-03-04 13:40:00,2025-03-04 13:53:00,2025-03-04 19:52:00,Resolved,Major,13,372,Y,Y,Station Desk,platform stairs,requires facilities follow-up,Y
INC000250,20250304,ST007,IT007,2025-03-04 22:37:00,2025-03-04 23:33:00,2025-03-04 22:57:00,Resolved,Moderate,56,20,Y,N,Mobile Radio,bus interchange,repeat complaint from morning peak,N
INC000251,20250305,ST003,IT012,2025-03-05 17:15:00,2025-03-05 17:22:00,2025-03-06 02:05:00,Resolved,Moderate,7,530,N,N,Station Desk,platform stairs,requires facilities follow-up,N
INC000252,20250305,ST010,IT001,2025-03-05 14:15:00,2025-03-05 15:22:00,2025-03-06 11:06:00,Resolved,Moderate,67,1251,Y,Y,Station Desk,staffed gate line,temporary signage installed,N
INC000253,20250305,ST007,IT009,2025-03-05 15:46:00,2025-03-05 16:12:00,,Escalated,Moderate,26,,Y,N,Mobile Radio,lift lobby,seen in previous two weeks,N
INC000254,20250306,ST012,IT001,2025-03-06 16:08:00,2025-03-06 16:12:00,2025-03-07 13:40:00,Resolved,Critical,4,1292,N,Y,Station Desk,bus interchange,passenger assistance team notified,N
INC000255,20250306,ST011,IT005,2025-03-06 06:32:00,2025-03-06 06:48:00,2025-03-06 13:41:00,Resolved,Moderate,16,429,N,N,Mobile Radio,lift lobby,linked to crowd control plan,N
INC000256,20250306,ST015,IT012,2025-03-06 19:28:00,2025-03-06 19:49:00,2025-03-07 16:18:00,Resolved,Moderate,21,1250,Y,Y,Supervisor Walkthrough,staffed gate line,seen in previous two weeks,N
INC000257,20250306,ST010,IT005,2025-03-06 15:56:00,2025-03-06 17:38:00,2025-03-07 11:29:00,Resolved,Critical,102,1173,Y,N,Control Room,ticket hall,passenger assistance team notified,N
INC000258,20250306,ST008,IT003,2025-03-06 16:00:00,2025-03-06 16:08:00,2025-03-07 22:50:00,Resolved,Critical,8,1850,N,Y,Station Desk,customer help point,passenger assistance team notified,N
INC000259,20250306,ST008,IT005,2025-03-06 14:45:00,2025-03-06 16:07:00,2025-03-07 06:44:00,Resolved,Major,82,959,Y,N,Mobile Radio,customer help point,manual log entry from station desk,N
INC000260,20250307,ST006,IT003,2025-03-07 11:26:00,2025-03-07 11:34:00,2025-03-07 16:51:00,Resolved,Critical,8,325,N,N,Passenger Help Point,main concourse,manual log entry from station desk,N
INC000261,20250307,ST007,IT004,2025-03-07 17:41:00,2025-03-07 17:42:00,2025-03-07 20:11:00,Resolved,Major,1,150,N,N,Control Room,ticket hall,manual log entry from station desk,N
INC000262,20250307,ST010,IT002,2025-03-07 11:24:00,2025-03-07 11:30:00,2025-03-07 11:44:00,Resolved,Critical,6,20,N,N,Mobile Radio,bus interchange,reported by service controller,N
INC000263,20250308,ST003,IT008,2025-03-08 23:26:00,2025-03-08 23:30:00,2025-03-09 08:44:00,Resolved,Major,4,558,N,Y,Supervisor Walkthrough,northbound platform,linked to crowd control plan,N
INC000264,20250308,ST006,IT006,2025-03-08 06:52:00,2025-03-08 06:53:00,2025-03-08 07:12:00,Resolved,Moderate,1,20,N,N,Supervisor Walkthrough,platform stairs,manual log entry from station desk,N
INC000265,20250308,ST009,IT001,2025-03-08 21:06:00,2025-03-08 21:18:00,2025-03-09 05:24:00,Resolved,Moderate,12,498,N,Y,Control Room,staffed gate line,temporary signage installed,Y
INC000266,20250308,ST002,IT009,2025-03-08 10:13:00,2025-03-08 10:41:00,2025-03-09 00:03:00,Resolved,Major,28,830,Y,Y,Control Room,lift lobby,linked to crowd control plan,N
INC000267,20250309,ST009,IT011,2025-03-09 20:47:00,2025-03-09 21:16:00,2025-03-09 21:07:00,Resolved,Moderate,29,20,Y,N,Passenger Help Point,lift lobby,seen in previous two weeks,N
INC000268,20250309,ST013,IT009,2025-03-09 07:33:00,2025-03-09 08:02:00,2025-03-09 16:40:00,Resolved,Moderate,29,547,Y,N,Mobile Radio,customer help point,temporary signage installed,N
INC000269,20250310,ST009,IT011,2025-03-10 23:19:00,2025-03-10 23:35:00,2025-03-11 05:45:00,Resolved,Major,16,386,N,N,Station Desk,staffed gate line,passenger assistance team notified,N
INC000270,20250310,ST008,IT002,2025-03-10 16:40:00,2025-03-10 16:43:00,2025-03-10 18:43:00,Resolved,Critical,3,123,N,Y,Passenger Help Point,platform stairs,repeat complaint from morning peak,N
INC000271,20250310,ST011,IT006,2025-03-10 15:45:00,2025-03-10 17:15:00,2025-03-11 11:29:00,Resolved,Critical,90,1184,Y,Y,Mobile Radio,ticket hall,temporary signage installed,N
INC000272,20250311,ST003,IT007,2025-03-11 14:59:00,2025-03-11 15:19:00,2025-03-11 16:11:00,Resolved,Minor,20,72,Y,N,Supervisor Walkthrough,ticket hall,reported by service controller,N
INC000273,20250311,ST006,IT005,2025-03-11 21:53:00,2025-03-11 22:33:00,,Escalated,Critical,40,,Y,N,Passenger Help Point,customer help point,linked to crowd control plan,N
INC000274,20250311,ST008,IT005,2025-03-11 19:51:00,2025-03-11 20:02:00,,Escalated,Major,11,,N,N,Supervisor Walkthrough,staffed gate line,linked to crowd control plan,N
INC000275,20250311,ST002,IT001,2025-03-11 14:41:00,2025-03-11 14:49:00,2025-03-11 16:44:00,Resolved,Major,8,123,N,N,Supervisor Walkthrough,customer help point,manual log entry from station desk,N
INC000276,20250312,ST015,IT002,2025-03-12 11:00:00,2025-03-12 11:05:00,2025-03-12 11:20:00,Resolved,Critical,5,20,N,N,Control Room,staffed gate line,seen in previous two weeks,N
INC000277,20250312,ST014,IT010,2025-03-12 22:13:00,2025-03-12 22:33:00,2025-03-13 21:07:00,Resolved,Major,20,1374,N,N,Control Room,customer help point,manual log entry from station desk,N
INC000278,20250312,ST002,IT005,2025-03-12 21:17:00,2025-03-12 21:59:00,2025-03-13 06:13:00,Resolved,Major,42,536,Y,N,Supervisor Walkthrough,customer help point,passenger assistance team notified,N
INC000279,20250312,ST005,IT008,2025-03-12 21:12:00,2025-03-12 21:22:00,2025-03-13 01:17:00,Resolved,Major,10,245,N,N,Station Desk,ticket hall,reported by service controller,N
INC000280,20250312,ST002,IT007,2025-03-12 23:58:00,2025-03-13 00:04:00,2025-03-13 01:32:00,Resolved,Major,6,94,N,N,Supervisor Walkthrough,lift lobby,manual log entry from station desk,N
INC000281,20250313,ST016,IT009,2025-03-13 22:34:00,2025-03-13 22:38:00,2025-03-14 03:07:00,Resolved,Moderate,4,273,N,N,Control Room,bus interchange,manual log entry from station desk,N
INC000282,20250313,ST009,IT001,2025-03-13 17:40:00,2025-03-13 17:45:00,2025-03-14 03:24:00,Resolved,Minor,5,584,N,Y,Supervisor Walkthrough,platform stairs,repeat complaint from morning peak,N
INC000283,20250313,ST001,IT005,2025-03-13 13:01:00,2025-03-13 13:35:00,2025-03-14 04:10:00,Resolved,Moderate,34,909,Y,N,Control Room,main concourse,reported by service controller,N
INC000284,20250313,ST007,IT010,2025-03-13 13:45:00,2025-03-13 15:01:00,2025-03-14 18:58:00,Resolved,Minor,76,1753,Y,Y,Passenger Help Point,main concourse,requires facilities follow-up,N
INC000285,20250314,ST004,IT007,2025-03-14 09:42:00,2025-03-14 09:57:00,2025-03-14 12:40:00,Resolved,Moderate,15,178,N,N,Passenger Help Point,customer help point,requires facilities follow-up,N
INC000286,20250314,ST003,IT002,2025-03-14 23:04:00,2025-03-14 23:13:00,2025-03-16 00:49:00,Resolved,Critical,9,1545,Y,Y,Mobile Radio,staffed gate line,reported by service controller,N
INC000287,20250314,ST006,IT008,2025-03-14 14:54:00,2025-03-14 15:09:00,2025-03-15 00:01:00,Resolved,Moderate,15,547,Y,Y,Mobile Radio,lift lobby,seen in previous two weeks,N
INC000288,20250314,ST014,IT003,2025-03-14 16:21:00,2025-03-14 16:31:00,2025-03-14 22:05:00,Resolved,Moderate,10,344,N,N,Supervisor Walkthrough,northbound platform,temporary signage installed,Y
INC000289,20250314,ST002,IT005,2025-03-14 22:44:00,2025-03-14 23:02:00,2025-03-14 23:04:00,Resolved,Major,18,20,N,N,Supervisor Walkthrough,lift lobby,repeat complaint from morning peak,N
INC000290,20250314,ST007,IT011,2025-03-14 13:12:00,2025-03-14 13:32:00,,Open,Major,20,,N,N,Passenger Help Point,northbound platform,seen in previous two weeks,N
INC000291,20250314,ST010,IT006,2025-03-14 06:42:00,2025-03-14 08:08:00,2025-03-15 06:10:00,Resolved,Critical,86,1408,Y,Y,Passenger Help Point,northbound platform,requires facilities follow-up,N
INC000292,20250314,ST016,IT003,2025-03-14 16:45:00,2025-03-14 17:41:00,2025-03-14 17:05:00,Resolved,Moderate,56,20,Y,N,Passenger Help Point,customer help point,seen in previous two weeks,N
INC000293,20250315,ST006,IT003,2025-03-15 10:59:00,2025-03-15 11:05:00,2025-03-15 11:19:00,Resolved,Major,6,20,N,N,Passenger Help Point,staffed gate line,passenger assistance team notified,N
INC000294,20250315,ST008,IT001,2025-03-15 19:40:00,2025-03-15 19:48:00,,Open,Moderate,8,,N,N,Supervisor Walkthrough,staffed gate line,seen in previous two weeks,N
INC000295,20250315,ST008,IT005,2025-03-15 13:25:00,2025-03-15 14:06:00,2025-03-17 06:50:00,Resolved,Moderate,41,2485,Y,Y,Station Desk,customer help point,reported by service controller,N
INC000296,20250316,ST003,IT001,2025-03-16 12:15:00,2025-03-16 12:20:00,2025-03-16 19:27:00,Resolved,Major,5,432,N,Y,Station Desk,ticket hall,repeat complaint from morning peak,N
INC000297,20250317,ST003,IT001,2025-03-17 07:24:00,2025-03-17 07:41:00,2025-03-17 13:40:00,Resolved,Critical,17,376,Y,Y,Passenger Help Point,customer help point,requires facilities follow-up,N
INC000298,20250317,ST015,IT007,2025-03-17 12:07:00,2025-03-17 12:30:00,2025-03-17 13:04:00,Resolved,Major,23,57,Y,N,Mobile Radio,ticket hall,seen in previous two weeks,N
INC000299,20250317,ST005,IT001,2025-03-17 05:55:00,2025-03-17 05:57:00,,In Progress,Moderate,2,,N,N,Mobile Radio,customer help point,passenger assistance team notified,N
INC000300,20250318,ST008,IT010,2025-03-18 06:16:00,2025-03-18 07:04:00,2025-03-18 11:49:00,Resolved,Minor,48,333,Y,N,Passenger Help Point,northbound platform,seen in previous two weeks,N
INC000301,20250318,ST015,IT002,2025-03-18 16:00:00,2025-03-18 16:05:00,2025-03-18 19:55:00,Resolved,Critical,5,235,N,Y,Passenger Help Point,lift lobby,passenger assistance team notified,N
INC000302,20250318,ST001,IT011,2025-03-18 18:47:00,2025-03-18 18:57:00,2025-03-19 02:41:00,Resolved,Moderate,10,474,N,N,Passenger Help Point,customer help point,reported by service controller,N
INC000303,20250318,ST001,IT011,2025-03-18 11:49:00,2025-03-18 12:08:00,2025-03-19 10:40:00,Resolved,Critical,19,1371,N,Y,Mobile Radio,bus interchange,requires facilities follow-up,N
INC000304,20250319,ST007,IT009,2025-03-19 07:23:00,2025-03-19 07:59:00,2025-03-19 09:25:00,Resolved,Major,36,122,Y,N,Supervisor Walkthrough,lift lobby,linked to crowd control plan,N
INC000305,20250319,ST008,IT001,2025-03-19 21:22:00,2025-03-19 21:24:00,,In Progress,Moderate,2,,N,N,Station Desk,lift lobby,reported by service controller,N
INC000306,20250319,ST005,IT011,2025-03-19 17:30:00,2025-03-19 17:58:00,2025-03-20 00:46:00,Resolved,Major,28,436,Y,N,Supervisor Walkthrough,lift lobby,passenger assistance team notified,N
INC000307,20250319,ST001,IT009,2025-03-19 08:16:00,2025-03-19 08:30:00,2025-03-20 07:09:00,Resolved,Moderate,14,1373,N,Y,Supervisor Walkthrough,northbound platform,temporary signage installed,N
INC000308,20250319,ST009,IT005,2025-03-19 14:34:00,2025-03-19 14:49:00,2025-03-20 19:15:00,Resolved,Major,15,1721,N,Y,Station Desk,lift lobby,repeat complaint from morning peak,N
INC000309,20250319,ST016,IT006,2025-03-19 12:33:00,2025-03-19 12:50:00,2025-03-19 12:53:00,Resolved,Major,17,20,N,N,Control Room,main concourse,temporary signage installed,N
INC000310,20250320,ST009,IT005,2025-03-20 14:55:00,2025-03-20 15:11:00,2025-03-21 07:16:00,Resolved,Minor,16,981,N,N,Station Desk,lift lobby,linked to crowd control plan,N
INC000311,20250320,ST013,IT005,2025-03-20 13:24:00,2025-03-20 14:09:00,2025-03-22 05:44:00,Resolved,Critical,45,2420,Y,Y,Mobile Radio,customer help point,seen in previous two weeks,N
INC000312,20250320,ST010,IT012,2025-03-20 09:43:00,2025-03-20 10:02:00,2025-03-21 14:36:00,Resolved,Moderate,19,1733,Y,Y,Control Room,lift lobby,manual log entry from station desk,Y
INC000313,20250320,ST003,IT005,2025-03-20 21:34:00,2025-03-20 22:01:00,2025-03-21 06:45:00,Resolved,Major,27,551,N,N,Supervisor Walkthrough,main concourse,passenger assistance team notified,N
INC000314,20250321,ST003,IT005,2025-03-21 14:16:00,2025-03-21 14:59:00,2025-03-23 01:23:00,Resolved,Minor,43,2107,Y,Y,Control Room,staffed gate line,seen in previous two weeks,N
INC000315,20250321,ST002,IT007,2025-03-21 07:29:00,2025-03-21 07:49:00,2025-03-21 07:49:00,Resolved,Moderate,20,20,Y,N,Station Desk,customer help point,repeat complaint from morning peak,N
INC000316,20250321,ST016,IT002,2025-03-21 20:53:00,2025-03-21 20:55:00,2025-03-21 22:51:00,Resolved,Minor,2,118,N,N,Station Desk,northbound platform,manual log entry from station desk,N
INC000317,20250321,ST015,IT007,2025-03-21 14:27:00,2025-03-21 14:30:00,2025-03-21 16:47:00,Resolved,Critical,3,140,N,N,Station Desk,northbound platform,seen in previous two weeks,N
INC000318,20250322,ST009,IT011,2025-03-22 16:22:00,2025-03-22 16:48:00,2025-03-23 01:52:00,Resolved,Moderate,26,570,Y,Y,Station Desk,ticket hall,seen in previous two weeks,N
INC000319,20250322,ST005,IT007,2025-03-22 14:10:00,2025-03-22 14:16:00,2025-03-22 16:42:00,Resolved,Minor,6,152,N,N,Supervisor Walkthrough,staffed gate line,reported by service controller,N
INC000320,20250323,ST002,IT002,2025-03-23 15:55:00,2025-03-23 16:00:00,2025-03-23 17:56:00,Resolved,Moderate,5,121,N,Y,Mobile Radio,staffed gate line,temporary signage installed,N
INC000321,20250323,ST014,IT007,2025-03-23 23:22:00,2025-03-23 23:38:00,2025-03-24 03:18:00,Resolved,Moderate,16,236,Y,Y,Control Room,ticket hall,requires facilities follow-up,N
INC000322,20250323,ST002,IT002,2025-03-23 14:56:00,2025-03-23 15:05:00,2025-03-23 17:32:00,Resolved,Major,9,156,Y,Y,Passenger Help Point,lift lobby,requires facilities follow-up,N
INC000323,20250323,ST002,IT001,2025-03-23 16:18:00,2025-03-23 16:19:00,2025-03-23 18:13:00,Resolved,Major,1,115,N,N,Mobile Radio,bus interchange,manual log entry from station desk,N
INC000324,20250323,ST015,IT005,2025-03-23 16:28:00,2025-03-23 16:42:00,2025-03-25 05:42:00,Resolved,Major,14,2234,N,Y,Mobile Radio,platform stairs,linked to crowd control plan,N
INC000325,20250324,ST004,IT002,2025-03-24 12:11:00,2025-03-24 12:19:00,2025-03-24 14:35:00,Resolved,Moderate,8,144,Y,Y,Passenger Help Point,lift lobby,temporary signage installed,N
INC000326,20250324,ST007,IT003,2025-03-24 20:45:00,2025-03-24 20:57:00,2025-03-25 03:12:00,Resolved,Moderate,12,387,Y,Y,Supervisor Walkthrough,customer help point,repeat complaint from morning peak,N
INC000327,20250324,ST010,IT001,2025-03-24 07:32:00,2025-03-24 07:53:00,2025-03-24 13:35:00,Resolved,Critical,21,363,Y,Y,Control Room,main concourse,temporary signage installed,N
INC000328,20250324,ST003,IT005,2025-03-24 16:46:00,2025-03-24 17:02:00,2025-03-25 01:42:00,Resolved,Moderate,16,536,N,N,Supervisor Walkthrough,lift lobby,repeat complaint from morning peak,N
INC000329,20250325,ST006,IT008,2025-03-25 20:19:00,2025-03-25 20:27:00,2025-03-26 02:35:00,Resolved,Critical,8,376,N,Y,Control Room,platform stairs,repeat complaint from morning peak,Y
INC000330,20250325,ST004,IT005,2025-03-25 18:17:00,2025-03-25 19:02:00,,In Progress,Minor,45,,Y,N,Supervisor Walkthrough,ticket hall,temporary signage installed,N
INC000331,20250325,ST010,IT010,2025-03-25 10:22:00,2025-03-25 11:04:00,2025-03-26 11:48:00,Resolved,Major,42,1526,N,Y,Supervisor Walkthrough,staffed gate line,repeat complaint from morning peak,Y
INC000332,20250326,ST008,IT007,2025-03-26 15:23:00,2025-03-26 15:44:00,2025-03-27 07:07:00,Resolved,Minor,21,944,Y,Y,Control Room,bus interchange,linked to crowd control plan,N
INC000333,20250326,ST011,IT003,2025-03-26 20:29:00,2025-03-26 20:43:00,2025-03-27 01:04:00,Resolved,Minor,14,275,Y,N,Station Desk,main concourse,requires facilities follow-up,N
INC000334,20250326,ST002,IT009,2025-03-26 05:18:00,2025-03-26 05:39:00,2025-03-26 05:38:00,Resolved,Critical,21,20,N,N,Mobile Radio,customer help point,linked to crowd control plan,N
INC000335,20250326,ST008,IT007,2025-03-26 12:35:00,2025-03-26 12:41:00,2025-03-26 16:30:00,Resolved,Moderate,6,235,N,Y,Mobile Radio,main concourse,linked to crowd control plan,N
INC000336,20250326,ST010,IT001,2025-03-26 21:43:00,2025-03-26 21:45:00,2025-03-26 22:18:00,Resolved,Major,2,35,N,N,Station Desk,platform stairs,repeat complaint from morning peak,Y
INC000337,20250327,ST004,IT009,2025-03-27 14:11:00,2025-03-27 14:39:00,2025-03-28 00:13:00,Resolved,Minor,28,602,Y,N,Mobile Radio,lift lobby,repeat complaint from morning peak,N
INC000338,20250328,ST002,IT001,2025-03-28 05:19:00,2025-03-28 05:35:00,2025-03-28 09:54:00,Resolved,Moderate,16,275,Y,Y,Control Room,main concourse,reported by service controller,Y
INC000339,20250328,ST003,IT004,2025-03-28 13:37:00,2025-03-28 13:39:00,,In Progress,Moderate,2,,N,N,Control Room,northbound platform,linked to crowd control plan,N
INC000340,20250328,ST015,IT011,2025-03-28 06:55:00,2025-03-28 07:22:00,2025-03-28 21:11:00,Resolved,Moderate,27,856,Y,Y,Station Desk,staffed gate line,requires facilities follow-up,N
INC000341,20250328,ST015,IT008,2025-03-28 19:46:00,2025-03-28 19:52:00,2025-03-29 07:00:00,Resolved,Minor,6,674,N,Y,Passenger Help Point,lift lobby,temporary signage installed,N
INC000342,20250328,ST006,IT009,2025-03-28 21:02:00,2025-03-28 21:35:00,,Open,Critical,33,,Y,N,Supervisor Walkthrough,customer help point,repeat complaint from morning peak,N
INC000343,20250329,ST002,IT008,2025-03-29 14:01:00,2025-03-29 14:18:00,,Escalated,Moderate,17,,Y,N,Station Desk,bus interchange,manual log entry from station desk,N
INC000344,20250330,ST003,IT007,2025-03-30 11:50:00,2025-03-30 12:18:00,2025-03-31 09:24:00,Resolved,Moderate,28,1294,Y,Y,Passenger Help Point,lift lobby,requires facilities follow-up,N
INC000345,20250330,ST007,IT005,2025-03-30 17:40:00,2025-03-30 18:11:00,,Escalated,Moderate,31,,Y,N,Supervisor Walkthrough,lift lobby,repeat complaint from morning peak,N
INC000346,20250330,ST005,IT002,2025-03-30 22:48:00,2025-03-30 23:00:00,2025-03-31 08:06:00,Resolved,Critical,12,558,Y,Y,Passenger Help Point,staffed gate line,linked to crowd control plan,N
INC000347,20250331,ST012,IT005,2025-03-31 14:37:00,2025-03-31 15:56:00,,Open,Moderate,79,,Y,N,Passenger Help Point,ticket hall,seen in previous two weeks,N
INC000348,20250401,ST001,IT005,2025-04-01 13:14:00,2025-04-01 13:31:00,,In Progress,Major,17,,N,N,Mobile Radio,ticket hall,reported by service controller,N
INC000349,20250401,ST015,IT003,2025-04-01 12:17:00,2025-04-01 13:03:00,2025-04-01 21:50:00,Resolved,Minor,46,573,Y,Y,Supervisor Walkthrough,ticket hall,linked to crowd control plan,Y
INC000350,20250401,ST010,IT001,2025-04-01 17:09:00,2025-04-01 17:18:00,2025-04-02 01:47:00,Resolved,Major,9,518,N,Y,Mobile Radio,ticket hall,requires facilities follow-up,N
INC000351,20250401,ST002,IT007,2025-04-01 13:10:00,2025-04-01 13:30:00,2025-04-01 17:25:00,Resolved,Minor,20,255,Y,Y,Mobile Radio,customer help point,reported by service controller,N
INC000352,20250402,ST003,IT003,2025-04-02 13:59:00,2025-04-02 14:03:00,2025-04-03 16:09:00,Resolved,Moderate,4,1570,N,Y,Mobile Radio,staffed gate line,temporary signage installed,N
INC000353,20250403,ST001,IT002,2025-04-03 21:35:00,2025-04-03 21:48:00,2025-04-03 22:27:00,Resolved,Critical,13,52,Y,N,Supervisor Walkthrough,staffed gate line,linked to crowd control plan,N
INC000354,20250403,ST002,IT010,2025-04-03 07:57:00,2025-04-03 09:44:00,,In Progress,Moderate,107,,Y,N,Station Desk,lift lobby,reported by service controller,N
INC000355,20250403,ST001,IT006,2025-04-03 14:53:00,2025-04-03 14:54:00,,Escalated,Minor,1,,N,N,Passenger Help Point,northbound platform,manual log entry from station desk,N
INC000356,20250404,ST004,IT007,2025-04-04 07:31:00,2025-04-04 07:39:00,2025-04-04 11:22:00,Resolved,Moderate,8,231,N,Y,Passenger Help Point,northbound platform,passenger assistance team notified,N
INC000357,20250404,ST016,IT006,2025-04-04 23:52:00,2025-04-04 23:54:00,2025-04-05 09:50:00,Resolved,Minor,2,598,N,N,Mobile Radio,ticket hall,requires facilities follow-up,N
INC000358,20250404,ST010,IT011,2025-04-04 23:55:00,2025-04-05 00:30:00,2025-04-05 12:55:00,Resolved,Major,35,780,Y,Y,Mobile Radio,lift lobby,reported by service controller,N
INC000359,20250404,ST009,IT007,2025-04-04 09:30:00,2025-04-04 09:47:00,2025-04-05 11:41:00,Resolved,Moderate,17,1571,Y,Y,Station Desk,lift lobby,manual log entry from station desk,N
INC000360,20250405,ST001,IT009,2025-04-05 17:44:00,2025-04-05 17:52:00,2025-04-06 09:19:00,Resolved,Moderate,8,935,N,Y,Control Room,lift lobby,temporary signage installed,N
INC000361,20250405,ST001,IT011,2025-04-05 16:15:00,2025-04-05 16:31:00,2025-04-06 06:32:00,Resolved,Critical,16,857,N,Y,Passenger Help Point,ticket hall,requires facilities follow-up,N
INC000362,20250405,ST010,IT006,2025-04-05 12:32:00,2025-04-05 14:06:00,2025-04-06 02:55:00,Resolved,Critical,94,863,Y,N,Supervisor Walkthrough,main concourse,temporary signage installed,N
INC000363,20250405,ST013,IT003,2025-04-05 19:18:00,2025-04-05 19:40:00,2025-04-06 04:33:00,Resolved,Minor,22,555,Y,Y,Control Room,customer help point,manual log entry from station desk,N
INC000364,20250405,ST010,IT006,2025-04-05 19:55:00,2025-04-05 20:19:00,2025-04-06 23:12:00,Resolved,Moderate,24,1637,Y,Y,Mobile Radio,lift lobby,repeat complaint from morning peak,N
INC000365,20250406,ST003,IT009,2025-04-06 07:38:00,2025-04-06 08:16:00,2025-04-07 06:05:00,Resolved,Major,38,1347,Y,Y,Control Room,northbound platform,requires facilities follow-up,N
INC000366,20250406,ST007,IT003,2025-04-06 15:38:00,2025-04-06 15:53:00,,In Progress,Major,15,,Y,N,Supervisor Walkthrough,northbound platform,seen in previous two weeks,N
INC000367,20250407,ST012,IT005,2025-04-07 14:48:00,2025-04-07 14:55:00,2025-04-07 15:24:00,Resolved,Major,7,36,N,N,Passenger Help Point,lift lobby,reported by service controller,N
INC000368,20250408,ST015,IT011,2025-04-08 13:03:00,2025-04-08 13:09:00,2025-04-08 17:41:00,Resolved,Moderate,6,278,N,N,Control Room,bus interchange,repeat complaint from morning peak,N
INC000369,20250408,ST007,IT003,2025-04-08 22:59:00,2025-04-08 23:10:00,2025-04-08 23:19:00,Resolved,Minor,11,20,Y,N,Mobile Radio,platform stairs,linked to crowd control plan,N
INC000370,20250408,ST001,IT007,2025-04-08 10:50:00,2025-04-08 11:02:00,2025-04-08 13:52:00,Resolved,Moderate,12,182,N,Y,Control Room,staffed gate line,passenger assistance team notified,N
INC000371,20250409,ST003,IT006,2025-04-09 12:06:00,2025-04-09 12:14:00,2025-04-09 23:48:00,Resolved,Major,8,702,N,N,Passenger Help Point,platform stairs,passenger assistance team notified,N
INC000372,20250409,ST008,IT003,2025-04-09 20:15:00,2025-04-09 21:03:00,2025-04-10 02:45:00,Resolved,Moderate,48,390,Y,Y,Passenger Help Point,lift lobby,requires facilities follow-up,N
INC000373,20250409,ST010,IT001,2025-04-09 15:35:00,2025-04-09 15:38:00,2025-04-10 05:55:00,Resolved,Critical,3,860,N,Y,Supervisor Walkthrough,platform stairs,reported by service controller,N
INC000374,20250409,ST007,IT002,2025-04-09 14:00:00,2025-04-09 14:07:00,2025-04-09 15:07:00,Resolved,Minor,7,67,Y,N,Passenger Help Point,customer help point,reported by service controller,N
INC000375,20250410,ST004,IT006,2025-04-10 10:10:00,2025-04-10 10:43:00,,Open,Moderate,33,,Y,N,Control Room,platform stairs,temporary signage installed,N
INC000376,20250410,ST009,IT010,2025-04-10 18:30:00,2025-04-10 19:44:00,2025-04-12 13:58:00,Resolved,Moderate,74,2608,Y,Y,Mobile Radio,platform stairs,linked to crowd control plan,Y
INC000377,20250410,ST012,IT006,2025-04-10 16:27:00,2025-04-10 16:42:00,2025-04-11 00:24:00,Resolved,Moderate,15,477,N,N,Mobile Radio,customer help point,passenger assistance team notified,N
INC000378,20250410,ST004,IT002,2025-04-10 11:05:00,2025-04-10 11:18:00,2025-04-10 11:55:00,Resolved,Critical,13,50,Y,N,Supervisor Walkthrough,main concourse,passenger assistance team notified,N
INC000379,20250410,ST002,IT006,2025-04-10 17:40:00,2025-04-10 17:53:00,,Open,Moderate,13,,N,N,Mobile Radio,ticket hall,repeat complaint from morning peak,Y
INC000380,20250411,ST002,IT005,2025-04-11 22:48:00,2025-04-11 23:27:00,2025-04-12 05:33:00,Resolved,Critical,39,405,Y,N,Control Room,staffed gate line,passenger assistance team notified,Y
INC000381,20250411,ST001,IT012,2025-04-11 14:16:00,2025-04-11 14:17:00,2025-04-11 21:22:00,Resolved,Major,1,426,N,N,Supervisor Walkthrough,northbound platform,seen in previous two weeks,N
INC000382,20250411,ST015,IT010,2025-04-11 20:03:00,2025-04-11 20:22:00,2025-04-11 20:23:00,Resolved,Major,19,20,N,N,Station Desk,lift lobby,repeat complaint from morning peak,N
INC000383,20250412,ST011,IT005,2025-04-12 14:54:00,2025-04-12 16:31:00,2025-04-13 00:28:00,Resolved,Moderate,97,574,Y,N,Passenger Help Point,customer help point,seen in previous two weeks,N
INC000384,20250412,ST003,IT006,2025-04-12 17:09:00,2025-04-12 17:11:00,2025-04-13 07:34:00,Resolved,Major,2,865,N,N,Passenger Help Point,lift lobby,temporary signage installed,N
INC000385,20250413,ST013,IT009,2025-04-13 06:10:00,2025-04-13 06:49:00,2025-04-14 11:06:00,Resolved,Moderate,39,1736,Y,Y,Control Room,staffed gate line,linked to crowd control plan,N
INC000386,20250414,ST005,IT007,2025-04-14 07:44:00,2025-04-14 07:49:00,2025-04-14 12:39:00,Resolved,Moderate,5,295,N,Y,Supervisor Walkthrough,customer help point,repeat complaint from morning peak,N
INC000387,20250414,ST001,IT009,2025-04-14 21:41:00,2025-04-14 23:00:00,2025-04-15 04:00:00,Resolved,Moderate,79,379,Y,N,Supervisor Walkthrough,ticket hall,temporary signage installed,N
INC000388,20250414,ST010,IT001,2025-04-14 08:06:00,2025-04-14 08:15:00,2025-04-14 08:26:00,Resolved,Moderate,9,20,N,N,Passenger Help Point,platform stairs,passenger assistance team notified,N
INC000389,20250414,ST016,IT009,2025-04-14 17:53:00,2025-04-14 18:28:00,2025-04-15 12:21:00,Resolved,Moderate,35,1108,Y,Y,Mobile Radio,ticket hall,repeat complaint from morning peak,N
INC000390,20250415,ST012,IT004,2025-04-15 19:58:00,2025-04-15 21:14:00,2025-04-15 23:49:00,Resolved,Critical,76,231,Y,Y,Supervisor Walkthrough,platform stairs,seen in previous two weeks,N
INC000391,20250415,ST016,IT001,2025-04-15 15:55:00,2025-04-15 16:17:00,2025-04-16 21:35:00,Resolved,Moderate,22,1780,Y,Y,Station Desk,bus interchange,temporary signage installed,N
INC000392,20250415,ST006,IT010,2025-04-15 11:19:00,2025-04-15 11:53:00,2025-04-16 00:10:00,Resolved,Major,34,771,N,N,Passenger Help Point,main concourse,passenger assistance team notified,Y
INC000393,20250415,ST002,IT003,2025-04-15 08:51:00,2025-04-15 09:36:00,2025-04-15 09:56:00,Resolved,Moderate,45,65,Y,N,Control Room,platform stairs,reported by service controller,N
INC000394,20250415,ST013,IT007,2025-04-15 10:18:00,2025-04-15 11:13:00,2025-04-15 14:15:00,Resolved,Major,55,237,Y,Y,Station Desk,main concourse,manual log entry from station desk,N
INC000395,20250415,ST016,IT009,2025-04-15 06:00:00,2025-04-15 06:34:00,2025-04-15 17:09:00,Resolved,Critical,34,669,Y,N,Passenger Help Point,bus interchange,seen in previous two weeks,N
INC000396,20250415,ST009,IT002,2025-04-15 14:21:00,2025-04-15 14:26:00,2025-04-15 16:22:00,Resolved,Critical,5,121,N,Y,Passenger Help Point,staffed gate line,seen in previous two weeks,N
INC000397,20250415,ST016,IT007,2025-04-15 23:03:00,2025-04-15 23:13:00,2025-04-16 00:41:00,Resolved,Moderate,10,98,N,N,Passenger Help Point,platform stairs,requires facilities follow-up,Y
INC000398,20250416,ST010,IT008,2025-04-16 23:35:00,2025-04-17 00:03:00,2025-04-17 08:09:00,Resolved,Major,28,514,Y,Y,Mobile Radio,ticket hall,temporary signage installed,N
INC000399,20250416,ST014,IT006,2025-04-16 05:38:00,2025-04-16 06:00:00,2025-04-16 19:06:00,Resolved,Critical,22,808,Y,N,Control Room,bus interchange,linked to crowd control plan,N
INC000400,20250416,ST002,IT007,2025-04-16 15:43:00,2025-04-16 16:04:00,2025-04-16 18:55:00,Resolved,Major,21,192,Y,Y,Station Desk,northbound platform,manual log entry from station desk,N
INC000401,20250416,ST002,IT003,2025-04-16 14:28:00,2025-04-16 15:53:00,2025-04-16 18:18:00,Resolved,Moderate,85,230,Y,N,Mobile Radio,bus interchange,linked to crowd control plan,N
INC000402,20250416,ST006,IT005,2025-04-16 14:03:00,2025-04-16 14:53:00,2025-04-18 08:14:00,Resolved,Moderate,50,2531,Y,Y,Mobile Radio,platform stairs,manual log entry from station desk,N
INC000403,20250416,ST002,IT007,2025-04-16 07:51:00,2025-04-16 08:22:00,2025-04-16 15:16:00,Resolved,Minor,31,445,Y,Y,Passenger Help Point,staffed gate line,passenger assistance team notified,N
INC000404,20250416,ST014,IT003,2025-04-16 13:29:00,2025-04-16 13:33:00,2025-04-16 20:00:00,Resolved,Moderate,4,391,N,Y,Passenger Help Point,lift lobby,repeat complaint from morning peak,N
INC000405,20250416,ST001,IT005,2025-04-16 21:00:00,2025-04-16 21:38:00,2025-04-18 03:32:00,Resolved,Major,38,1832,Y,Y,Mobile Radio,lift lobby,repeat complaint from morning peak,N
INC000406,20250417,ST008,IT003,2025-04-17 20:50:00,2025-04-17 20:54:00,2025-04-17 21:10:00,Resolved,Major,4,20,N,N,Passenger Help Point,northbound platform,repeat complaint from morning peak,N
INC000407,20250417,ST001,IT001,2025-04-17 11:00:00,2025-04-17 12:02:00,,In Progress,Major,62,,Y,N,Control Room,main concourse,repeat complaint from morning peak,N
INC000408,20250417,ST010,IT001,2025-04-17 18:00:00,2025-04-17 18:04:00,2025-04-17 18:20:00,Resolved,Major,4,20,N,N,Supervisor Walkthrough,customer help point,passenger assistance team notified,N
INC000409,20250418,ST004,IT005,2025-04-18 21:28:00,2025-04-18 22:01:00,2025-04-21 10:05:00,Resolved,Moderate,33,3637,Y,Y,Station Desk,ticket hall,passenger assistance team notified,N
INC000410,20250418,ST002,IT006,2025-04-18 16:17:00,2025-04-18 17:02:00,,In Progress,Moderate,45,,Y,N,Mobile Radio,ticket hall,linked to crowd control plan,Y
INC000411,20250418,ST006,IT008,2025-04-18 21:34:00,2025-04-18 21:41:00,2025-04-19 13:41:00,Resolved,Critical,7,967,N,Y,Control Room,main concourse,seen in previous two weeks,N
INC000412,20250418,ST009,IT001,2025-04-18 22:00:00,2025-04-18 22:07:00,2025-04-19 06:44:00,Resolved,Minor,7,524,N,Y,Control Room,lift lobby,temporary signage installed,N
INC000413,20250418,ST010,IT003,2025-04-18 18:26:00,2025-04-18 18:31:00,2025-04-19 00:35:00,Resolved,Major,5,369,N,Y,Mobile Radio,platform stairs,passenger assistance team notified,N
INC000414,20250419,ST013,IT005,2025-04-19 07:57:00,2025-04-19 08:10:00,2025-04-20 04:59:00,Resolved,Moderate,13,1262,N,N,Station Desk,platform stairs,reported by service controller,N
INC000415,20250419,ST010,IT009,2025-04-19 19:53:00,2025-04-19 20:17:00,2025-04-19 20:13:00,Resolved,Moderate,24,20,N,N,Station Desk,northbound platform,linked to crowd control plan,N
INC000416,20250419,ST007,IT003,2025-04-19 20:49:00,2025-04-19 21:02:00,,Open,Critical,13,,Y,N,Control Room,lift lobby,manual log entry from station desk,N
INC000417,20250419,ST010,IT005,2025-04-19 05:03:00,2025-04-19 05:49:00,,Escalated,Major,46,,Y,N,Supervisor Walkthrough,bus interchange,repeat complaint from morning peak,Y
INC000418,20250419,ST016,IT004,2025-04-19 18:16:00,2025-04-19 18:20:00,2025-04-19 20:29:00,Resolved,Critical,4,133,N,N,Control Room,lift lobby,repeat complaint from morning peak,N
INC000419,20250420,ST006,IT004,2025-04-20 14:12:00,2025-04-20 14:17:00,,Open,Moderate,5,,N,N,Mobile Radio,customer help point,seen in previous two weeks,Y
INC000420,20250420,ST010,IT006,2025-04-20 10:01:00,2025-04-20 10:18:00,2025-04-20 19:57:00,Resolved,Moderate,17,596,N,N,Passenger Help Point,platform stairs,passenger assistance team notified,N
INC000421,20250421,ST004,IT001,2025-04-21 20:36:00,2025-04-21 21:06:00,2025-04-22 00:56:00,Resolved,Moderate,30,260,Y,Y,Mobile Radio,bus interchange,repeat complaint from morning peak,N
INC000422,20250421,ST014,IT004,2025-04-21 05:24:00,2025-04-21 05:37:00,,Escalated,Critical,13,,Y,N,Passenger Help Point,bus interchange,passenger assistance team notified,N
INC000423,20250421,ST009,IT006,2025-04-21 07:01:00,2025-04-21 07:29:00,2025-04-22 03:12:00,Resolved,Moderate,28,1211,Y,Y,Mobile Radio,bus interchange,passenger assistance team notified,N
INC000424,20250422,ST006,IT004,2025-04-22 19:28:00,2025-04-22 19:36:00,2025-04-22 23:09:00,Resolved,Critical,8,221,Y,Y,Control Room,northbound platform,reported by service controller,N
INC000425,20250423,ST015,IT007,2025-04-23 05:43:00,2025-04-23 06:02:00,2025-04-23 10:42:00,Resolved,Critical,19,299,Y,Y,Supervisor Walkthrough,bus interchange,temporary signage installed,N
INC000426,20250424,ST010,IT003,2025-04-24 16:48:00,2025-04-24 17:07:00,2025-04-25 19:40:00,Resolved,Moderate,19,1612,Y,Y,Supervisor Walkthrough,main concourse,reported by service controller,N
INC000427,20250424,ST015,IT007,2025-04-24 09:18:00,2025-04-24 09:35:00,2025-04-24 09:44:00,Resolved,Major,17,26,Y,N,Station Desk,staffed gate line,temporary signage installed,N
INC000428,20250424,ST001,IT003,2025-04-24 07:29:00,2025-04-24 07:32:00,,Escalated,Moderate,3,,N,N,Station Desk,ticket hall,requires facilities follow-up,Y
INC000429,20250424,ST007,IT002,2025-04-24 07:36:00,2025-04-24 07:44:00,2025-04-24 09:25:00,Resolved,Critical,8,109,Y,N,Passenger Help Point,ticket hall,linked to crowd control plan,N
INC000430,20250425,ST001,IT009,2025-04-25 23:02:00,2025-04-25 23:46:00,2025-04-26 03:56:00,Resolved,Moderate,44,294,Y,N,Passenger Help Point,customer help point,temporary signage installed,Y
INC000431,20250425,ST004,IT002,2025-04-25 08:52:00,2025-04-25 08:57:00,2025-04-25 12:16:00,Resolved,Minor,5,204,N,Y,Mobile Radio,bus interchange,reported by service controller,N
INC000432,20250425,ST015,IT005,2025-04-25 07:35:00,2025-04-25 07:36:00,2025-04-26 07:18:00,Resolved,Minor,1,1423,N,N,Control Room,platform stairs,temporary signage installed,N
INC000433,20250426,ST012,IT006,2025-04-26 13:02:00,2025-04-26 13:19:00,2025-04-27 18:19:00,Resolved,Moderate,17,1757,N,Y,Mobile Radio,bus interchange,seen in previous two weeks,N
INC000434,20250426,ST014,IT009,2025-04-26 23:01:00,2025-04-26 23:12:00,,In Progress,Major,11,,N,N,Mobile Radio,bus interchange,requires facilities follow-up,N
INC000435,20250427,ST006,IT006,2025-04-27 13:31:00,2025-04-27 14:56:00,2025-04-28 03:21:00,Resolved,Critical,85,830,Y,N,Station Desk,customer help point,passenger assistance team notified,N
INC000436,20250427,ST013,IT007,2025-04-27 11:30:00,2025-04-27 11:47:00,,Escalated,Minor,17,,Y,N,Supervisor Walkthrough,northbound platform,passenger assistance team notified,N
INC000437,20250428,ST002,IT007,2025-04-28 16:58:00,2025-04-28 17:10:00,2025-04-28 19:53:00,Resolved,Moderate,12,175,N,N,Supervisor Walkthrough,platform stairs,passenger assistance team notified,N
INC000438,20250428,ST009,IT001,2025-04-28 13:24:00,2025-04-28 13:35:00,2025-04-28 19:14:00,Resolved,Minor,11,350,N,Y,Mobile Radio,customer help point,requires facilities follow-up,N
INC000439,20250428,ST008,IT005,2025-04-28 07:45:00,2025-04-28 07:56:00,2025-04-29 19:17:00,Resolved,Major,11,2132,N,Y,Passenger Help Point,staffed gate line,temporary signage installed,N
INC000440,20250428,ST003,IT001,2025-04-28 09:36:00,2025-04-28 09:56:00,2025-04-28 09:56:00,Resolved,Minor,20,20,Y,N,Supervisor Walkthrough,main concourse,reported by service controller,N
INC000441,20250428,ST004,IT005,2025-04-28 07:02:00,2025-04-28 07:47:00,2025-04-29 12:50:00,Resolved,Major,45,1788,Y,Y,Passenger Help Point,ticket hall,manual log entry from station desk,Y
INC000442,20250429,ST007,IT012,2025-04-29 23:42:00,2025-04-30 00:01:00,2025-04-30 07:09:00,Resolved,Minor,19,447,Y,N,Station Desk,main concourse,linked to crowd control plan,N
INC000443,20250429,ST004,IT009,2025-04-29 11:29:00,2025-04-29 12:10:00,,In Progress,Moderate,41,,Y,N,Passenger Help Point,ticket hall,reported by service controller,Y
INC000444,20250429,ST014,IT009,2025-04-29 10:20:00,2025-04-29 10:36:00,2025-04-30 05:04:00,Resolved,Minor,16,1124,N,Y,Passenger Help Point,lift lobby,requires facilities follow-up,N
INC000445,20250429,ST002,IT010,2025-04-29 20:24:00,2025-04-29 20:57:00,2025-04-29 21:01:00,Resolved,Minor,33,37,N,N,Supervisor Walkthrough,staffed gate line,repeat complaint from morning peak,N
INC000446,20250430,ST004,IT011,2025-04-30 08:12:00,2025-04-30 08:28:00,,Open,Minor,16,,N,N,Passenger Help Point,bus interchange,requires facilities follow-up,N
INC000447,20250501,ST014,IT001,2025-05-01 21:54:00,2025-05-01 22:04:00,,Open,Moderate,10,,N,N,Station Desk,main concourse,passenger assistance team notified,Y
INC000448,20250501,ST009,IT008,2025-05-01 18:03:00,2025-05-01 18:14:00,,Escalated,Moderate,11,,N,N,Mobile Radio,staffed gate line,requires facilities follow-up,N
INC000449,20250501,ST004,IT010,2025-05-01 20:51:00,2025-05-01 21:06:00,2025-05-02 22:35:00,Resolved,Minor,15,1544,N,Y,Passenger Help Point,northbound platform,passenger assistance team notified,N
INC000450,20250502,ST010,IT005,2025-05-02 11:55:00,2025-05-02 12:07:00,,Escalated,Critical,12,,N,N,Supervisor Walkthrough,platform stairs,temporary signage installed,N
INC000451,20250503,ST001,IT005,2025-05-03 16:01:00,2025-05-03 16:27:00,2025-05-05 11:04:00,Resolved,Critical,26,2583,N,Y,Control Room,northbound platform,requires facilities follow-up,Y
INC000452,20250504,ST006,IT004,2025-05-04 09:34:00,2025-05-04 09:35:00,,In Progress,Critical,1,,N,N,Station Desk,northbound platform,requires facilities follow-up,N
INC000453,20250504,ST002,IT005,2025-05-04 20:23:00,2025-05-04 21:00:00,2025-05-06 07:46:00,Resolved,Major,37,2123,Y,Y,Mobile Radio,platform stairs,reported by service controller,N
INC000454,20250504,ST009,IT006,2025-05-04 13:16:00,2025-05-04 13:17:00,2025-05-04 18:04:00,Resolved,Moderate,1,288,N,N,Mobile Radio,lift lobby,requires facilities follow-up,Y
INC000455,20250505,ST003,IT007,2025-05-05 17:28:00,2025-05-05 17:51:00,2025-05-05 19:39:00,Resolved,Critical,23,131,Y,N,Supervisor Walkthrough,staffed gate line,passenger assistance team notified,N
INC000456,20250505,ST001,IT007,2025-05-05 05:02:00,2025-05-05 05:15:00,2025-05-05 15:08:00,Resolved,Critical,13,606,N,Y,Station Desk,northbound platform,passenger assistance team notified,N
INC000457,20250505,ST010,IT001,2025-05-05 06:56:00,2025-05-05 07:00:00,2025-05-05 12:07:00,Resolved,Moderate,4,311,N,Y,Station Desk,lift lobby,repeat complaint from morning peak,Y
INC000458,20250506,ST001,IT003,2025-05-06 13:48:00,2025-05-06 13:57:00,2025-05-07 03:13:00,Resolved,Moderate,9,805,N,Y,Mobile Radio,bus interchange,passenger assistance team notified,N
INC000459,20250506,ST010,IT002,2025-05-06 22:30:00,2025-05-06 23:29:00,,Open,Moderate,59,,Y,N,Mobile Radio,main concourse,temporary signage installed,N
INC000460,20250506,ST009,IT003,2025-05-06 23:57:00,2025-05-07 00:17:00,2025-05-07 00:17:00,Resolved,Moderate,20,20,Y,N,Control Room,ticket hall,reported by service controller,N
INC000461,20250506,ST003,IT009,2025-05-06 16:54:00,2025-05-06 17:30:00,2025-05-07 11:10:00,Resolved,Moderate,36,1096,Y,Y,Mobile Radio,lift lobby,linked to crowd control plan,N
INC000462,20250506,ST001,IT003,2025-05-06 18:18:00,2025-05-06 18:28:00,2025-05-07 01:43:00,Resolved,Major,10,445,N,Y,Station Desk,bus interchange,manual log entry from station desk,N
INC000463,20250507,ST001,IT003,2025-05-07 06:18:00,2025-05-07 07:46:00,2025-05-07 11:15:00,Resolved,Minor,88,297,Y,N,Control Room,lift lobby,manual log entry from station desk,N
INC000464,20250508,ST007,IT003,2025-05-08 17:40:00,2025-05-08 17:54:00,2025-05-09 04:53:00,Resolved,Minor,14,673,Y,Y,Passenger Help Point,customer help point,linked to crowd control plan,N
INC000465,20250508,ST009,IT007,2025-05-08 11:50:00,2025-05-08 11:59:00,,Open,Moderate,9,,N,N,Mobile Radio,platform stairs,passenger assistance team notified,N
INC000466,20250508,ST006,IT001,2025-05-08 09:56:00,2025-05-08 10:04:00,2025-05-08 17:10:00,Resolved,Major,8,434,N,Y,Supervisor Walkthrough,main concourse,temporary signage installed,Y
INC000467,20250508,ST001,IT002,2025-05-08 21:06:00,2025-05-08 21:17:00,2025-05-08 22:08:00,Resolved,Minor,11,62,Y,N,Station Desk,main concourse,temporary signage installed,N
INC000468,20250508,ST010,IT007,2025-05-08 13:20:00,2025-05-08 13:57:00,,Open,Critical,37,,Y,N,Station Desk,platform stairs,manual log entry from station desk,N
INC000469,20250508,ST010,IT003,2025-05-08 12:15:00,2025-05-08 12:24:00,2025-05-08 18:54:00,Resolved,Major,9,399,N,Y,Supervisor Walkthrough,customer help point,linked to crowd control plan,N
INC000470,20250509,ST014,IT007,2025-05-09 14:22:00,2025-05-09 14:24:00,,Open,Moderate,2,,N,N,Station Desk,customer help point,reported by service controller,N
INC000471,20250509,ST002,IT002,2025-05-09 20:14:00,2025-05-09 20:18:00,2025-05-09 22:21:00,Resolved,Critical,4,127,N,Y,Passenger Help Point,staffed gate line,reported by service controller,N
INC000472,20250509,ST001,IT003,2025-05-09 22:13:00,2025-05-09 22:21:00,2025-05-10 02:34:00,Resolved,Minor,8,261,N,N,Mobile Radio,ticket hall,temporary signage installed,N
INC000473,20250509,ST014,IT003,2025-05-09 19:59:00,2025-05-09 20:05:00,2025-05-10 03:21:00,Resolved,Moderate,6,442,N,Y,Mobile Radio,customer help point,reported by service controller,N
INC000474,20250510,ST010,IT005,2025-05-10 07:10:00,2025-05-10 08:01:00,2025-05-10 08:01:00,Resolved,Major,51,51,Y,N,Station Desk,bus interchange,seen in previous two weeks,N
INC000475,20250510,ST011,IT006,2025-05-10 17:09:00,2025-05-10 17:26:00,2025-05-11 10:10:00,Resolved,Minor,17,1021,N,N,Passenger Help Point,customer help point,manual log entry from station desk,N
INC000476,20250511,ST006,IT006,2025-05-11 23:07:00,2025-05-12 00:32:00,2025-05-12 06:37:00,Resolved,Major,85,450,Y,N,Supervisor Walkthrough,main concourse,linked to crowd control plan,Y
INC000477,20250511,ST001,IT010,2025-05-11 19:35:00,2025-05-11 21:07:00,2025-05-12 00:18:00,Resolved,Moderate,92,283,Y,N,Mobile Radio,platform stairs,requires facilities follow-up,N
INC000478,20250511,ST007,IT007,2025-05-11 22:38:00,2025-05-11 23:45:00,2025-05-12 04:38:00,Resolved,Moderate,67,360,Y,Y,Mobile Radio,staffed gate line,linked to crowd control plan,N
INC000479,20250512,ST002,IT012,2025-05-12 05:28:00,2025-05-12 05:29:00,,Open,Moderate,1,,N,N,Control Room,lift lobby,manual log entry from station desk,N
INC000480,20250512,ST010,IT001,2025-05-12 08:27:00,2025-05-12 08:42:00,2025-05-12 09:59:00,Resolved,Critical,15,92,Y,N,Control Room,northbound platform,requires facilities follow-up,N
INC000481,20250512,ST007,IT009,2025-05-12 22:39:00,2025-05-13 00:22:00,2025-05-13 04:01:00,Resolved,Moderate,103,322,Y,N,Passenger Help Point,customer help point,passenger assistance team notified,N
INC000482,20250512,ST001,IT006,2025-05-12 16:03:00,2025-05-12 16:21:00,2025-05-13 14:46:00,Resolved,Moderate,18,1363,N,Y,Supervisor Walkthrough,ticket hall,temporary signage installed,N
INC000483,20250512,ST005,IT010,2025-05-12 12:30:00,2025-05-12 12:39:00,2025-05-13 07:34:00,Resolved,Major,9,1144,N,N,Supervisor Walkthrough,customer help point,passenger assistance team notified,N
INC000484,20250513,ST007,IT011,2025-05-13 20:01:00,2025-05-13 20:21:00,2025-05-14 05:00:00,Resolved,Moderate,20,539,N,Y,Mobile Radio,ticket hall,passenger assistance team notified,N
INC000485,20250513,ST012,IT006,2025-05-13 13:29:00,2025-05-13 13:35:00,2025-05-13 23:31:00,Resolved,Moderate,6,602,N,N,Station Desk,bus interchange,reported by service controller,N
INC000486,20250513,ST015,IT005,2025-05-13 13:46:00,2025-05-13 13:53:00,2025-05-15 02:52:00,Resolved,Major,7,2226,N,Y,Station Desk,northbound platform,seen in previous two weeks,N
INC000487,20250514,ST015,IT002,2025-05-14 09:25:00,2025-05-14 09:26:00,2025-05-14 12:46:00,Resolved,Critical,1,201,N,Y,Passenger Help Point,platform stairs,passenger assistance team notified,N
INC000488,20250515,ST004,IT003,2025-05-15 12:42:00,2025-05-15 12:51:00,2025-05-15 13:07:00,Resolved,Moderate,9,25,N,N,Passenger Help Point,platform stairs,passenger assistance team notified,N
INC000489,20250515,ST002,IT009,2025-05-15 17:06:00,2025-05-15 17:55:00,2025-05-16 10:06:00,Resolved,Moderate,49,1020,Y,Y,Mobile Radio,staffed gate line,manual log entry from station desk,Y
INC000490,20250515,ST001,IT001,2025-05-15 13:37:00,2025-05-15 13:47:00,2025-05-15 15:07:00,Resolved,Moderate,10,90,N,N,Passenger Help Point,ticket hall,passenger assistance team notified,Y
INC000491,20250516,ST007,IT009,2025-05-16 14:07:00,2025-05-16 14:13:00,2025-05-16 14:27:00,Resolved,Minor,6,20,N,N,Station Desk,customer help point,linked to crowd control plan,N
INC000492,20250516,ST009,IT006,2025-05-16 15:30:00,2025-05-16 16:03:00,2025-05-17 07:26:00,Resolved,Critical,33,956,Y,N,Station Desk,main concourse,seen in previous two weeks,N
INC000493,20250516,ST003,IT006,2025-05-16 19:45:00,2025-05-16 19:52:00,2025-05-17 21:47:00,Resolved,Major,7,1562,N,Y,Passenger Help Point,lift lobby,manual log entry from station desk,N
INC000494,20250516,ST012,IT010,2025-05-16 18:41:00,2025-05-16 19:31:00,2025-05-17 22:54:00,Resolved,Moderate,50,1693,Y,Y,Passenger Help Point,main concourse,reported by service controller,N
INC000495,20250517,ST011,IT007,2025-05-17 21:06:00,2025-05-17 21:09:00,2025-05-18 00:47:00,Resolved,Minor,3,221,N,Y,Mobile Radio,staffed gate line,manual log entry from station desk,N
INC000496,20250517,ST014,IT009,2025-05-17 06:30:00,2025-05-17 07:03:00,2025-05-18 02:26:00,Resolved,Moderate,33,1196,Y,Y,Supervisor Walkthrough,main concourse,seen in previous two weeks,N
INC000497,20250518,ST006,IT005,2025-05-18 10:46:00,2025-05-18 11:47:00,2025-05-19 07:08:00,Resolved,Moderate,61,1222,Y,N,Station Desk,platform stairs,reported by service controller,N
INC000498,20250518,ST006,IT008,2025-05-18 14:14:00,2025-05-18 14:16:00,2025-05-19 16:32:00,Resolved,Major,2,1578,N,Y,Passenger Help Point,main concourse,requires facilities follow-up,N
INC000499,20250519,ST002,IT003,2025-05-19 07:22:00,2025-05-19 07:37:00,2025-05-19 14:04:00,Resolved,Minor,15,402,Y,Y,Control Room,northbound platform,passenger assistance team notified,Y
INC000500,20250519,ST014,IT011,2025-05-19 20:48:00,2025-05-19 21:02:00,2025-05-20 08:08:00,Resolved,Moderate,14,680,N,Y,Mobile Radio,platform stairs,seen in previous two weeks,Y
INC000501,20250519,ST012,IT001,2025-05-19 23:42:00,2025-05-20 00:07:00,2025-05-20 03:28:00,Resolved,Critical,25,226,Y,N,Station Desk,ticket hall,manual log entry from station desk,N
INC000502,20250519,ST015,IT003,2025-05-19 16:07:00,2025-05-19 16:18:00,2025-05-20 04:11:00,Resolved,Moderate,11,724,Y,Y,Station Desk,lift lobby,manual log entry from station desk,N
INC000503,20250519,ST016,IT007,2025-05-19 19:13:00,2025-05-19 19:25:00,2025-05-20 00:52:00,Resolved,Major,12,339,N,Y,Passenger Help Point,platform stairs,linked to crowd control plan,N
INC000504,20250520,ST001,IT009,2025-05-20 18:32:00,2025-05-20 19:27:00,2025-05-21 04:25:00,Resolved,Major,55,593,Y,N,Mobile Radio,platform stairs,temporary signage installed,N
INC000505,20250521,ST010,IT002,2025-05-21 20:52:00,2025-05-21 20:57:00,2025-05-21 21:54:00,Resolved,Critical,5,62,N,N,Mobile Radio,ticket hall,requires facilities follow-up,N
INC000506,20250521,ST014,IT002,2025-05-21 15:36:00,2025-05-21 15:47:00,2025-05-21 17:30:00,Resolved,Moderate,11,114,Y,N,Mobile Radio,customer help point,manual log entry from station desk,Y
INC000507,20250521,ST001,IT001,2025-05-21 06:08:00,2025-05-21 06:18:00,2025-05-21 22:13:00,Resolved,Moderate,10,965,N,Y,Passenger Help Point,bus interchange,manual log entry from station desk,Y
INC000508,20250521,ST008,IT008,2025-05-21 17:19:00,2025-05-21 17:26:00,2025-05-22 05:30:00,Resolved,Moderate,7,731,N,Y,Passenger Help Point,platform stairs,reported by service controller,N
INC000509,20250521,ST008,IT011,2025-05-21 09:42:00,2025-05-21 09:43:00,2025-05-22 05:49:00,Resolved,Moderate,1,1207,N,Y,Mobile Radio,customer help point,temporary signage installed,N
INC000510,20250522,ST016,IT002,2025-05-22 20:46:00,2025-05-22 20:54:00,2025-05-23 00:01:00,Resolved,Critical,8,195,Y,Y,Supervisor Walkthrough,main concourse,seen in previous two weeks,N
INC000511,20250523,ST004,IT003,2025-05-23 07:15:00,2025-05-23 07:26:00,2025-05-23 11:17:00,Resolved,Minor,11,242,Y,N,Mobile Radio,ticket hall,linked to crowd control plan,N
INC000512,20250523,ST009,IT005,2025-05-23 09:20:00,2025-05-23 09:49:00,2025-05-24 04:59:00,Resolved,Moderate,29,1179,N,N,Mobile Radio,lift lobby,reported by service controller,N
INC000513,20250523,ST008,IT004,2025-05-23 06:10:00,2025-05-23 06:16:00,2025-05-23 07:19:00,Resolved,Critical,6,69,Y,N,Control Room,staffed gate line,linked to crowd control plan,N
INC000514,20250524,ST004,IT011,2025-05-24 15:12:00,2025-05-24 15:58:00,2025-05-24 15:32:00,Resolved,Major,46,20,Y,N,Supervisor Walkthrough,staffed gate line,temporary signage installed,N
INC000515,20250524,ST006,IT001,2025-05-24 10:35:00,2025-05-24 11:35:00,2025-05-24 10:55:00,Resolved,Major,60,20,Y,N,Supervisor Walkthrough,customer help point,repeat complaint from morning peak,N
INC000516,20250524,ST010,IT010,2025-05-24 13:41:00,2025-05-24 14:26:00,2025-05-25 11:23:00,Resolved,Minor,45,1302,N,N,Supervisor Walkthrough,main concourse,temporary signage installed,N
INC000517,20250524,ST004,IT004,2025-05-24 17:47:00,2025-05-24 17:52:00,2025-05-25 14:29:00,Resolved,Critical,5,1242,N,Y,Station Desk,ticket hall,linked to crowd control plan,N
INC000518,20250524,ST003,IT005,2025-05-24 18:48:00,2025-05-24 19:11:00,2025-05-24 20:03:00,Resolved,Major,23,75,N,N,Station Desk,ticket hall,repeat complaint from morning peak,N
INC000519,20250525,ST002,IT005,2025-05-25 14:30:00,2025-05-25 15:00:00,2025-05-26 18:41:00,Resolved,Moderate,30,1691,N,Y,Control Room,main concourse,reported by service controller,N
INC000520,20250525,ST002,IT006,2025-05-25 09:24:00,2025-05-25 09:56:00,2025-05-26 19:27:00,Resolved,Critical,32,2043,Y,Y,Mobile Radio,staffed gate line,repeat complaint from morning peak,N
INC000521,20250525,ST001,IT001,2025-05-25 14:26:00,2025-05-25 14:36:00,2025-05-25 21:39:00,Resolved,Minor,10,433,N,Y,Station Desk,platform stairs,temporary signage installed,Y
INC000522,20250525,ST006,IT007,2025-05-25 14:09:00,2025-05-25 14:15:00,2025-05-25 18:15:00,Resolved,Moderate,6,246,N,Y,Mobile Radio,main concourse,manual log entry from station desk,N
INC000523,20250525,ST004,IT001,2025-05-25 11:15:00,2025-05-25 11:40:00,2025-05-25 14:23:00,Resolved,Critical,25,188,Y,N,Passenger Help Point,staffed gate line,passenger assistance team notified,N
INC000524,20250526,ST006,IT007,2025-05-26 10:46:00,2025-05-26 11:00:00,2025-05-26 13:52:00,Resolved,Minor,14,186,N,Y,Mobile Radio,customer help point,manual log entry from station desk,N
INC000525,20250526,ST001,IT003,2025-05-26 16:46:00,2025-05-26 16:56:00,2025-05-26 19:56:00,Resolved,Moderate,10,190,N,N,Supervisor Walkthrough,northbound platform,seen in previous two weeks,N
INC000526,20250526,ST002,IT009,2025-05-26 06:01:00,2025-05-26 06:33:00,2025-05-26 20:55:00,Resolved,Moderate,32,894,Y,Y,Station Desk,northbound platform,requires facilities follow-up,N
INC000527,20250526,ST006,IT005,2025-05-26 19:45:00,2025-05-26 20:03:00,2025-05-28 12:42:00,Resolved,Moderate,18,2457,N,Y,Passenger Help Point,staffed gate line,linked to crowd control plan,Y
INC000528,20250527,ST003,IT006,2025-05-27 07:45:00,2025-05-27 08:04:00,2025-05-27 18:29:00,Resolved,Major,19,644,N,N,Mobile Radio,platform stairs,manual log entry from station desk,N
INC000529,20250527,ST008,IT006,2025-05-27 06:15:00,2025-05-27 06:44:00,2025-05-28 12:04:00,Resolved,Moderate,29,1789,Y,Y,Supervisor Walkthrough,main concourse,manual log entry from station desk,Y
INC000530,20250527,ST001,IT007,2025-05-27 06:52:00,2025-05-27 07:14:00,2025-05-27 11:42:00,Resolved,Major,22,290,Y,Y,Control Room,main concourse,seen in previous two weeks,N
INC000531,20250527,ST009,IT006,2025-05-27 22:40:00,2025-05-27 23:15:00,2025-05-28 22:14:00,Resolved,Minor,35,1414,Y,Y,Station Desk,main concourse,manual log entry from station desk,N
INC000532,20250527,ST002,IT003,2025-05-27 12:35:00,2025-05-27 12:53:00,,Open,Moderate,18,,Y,N,Control Room,bus interchange,manual log entry from station desk,N
INC000533,20250528,ST006,IT005,2025-05-28 18:35:00,2025-05-28 18:48:00,2025-05-29 12:18:00,Resolved,Moderate,13,1063,N,N,Passenger Help Point,ticket hall,seen in previous two weeks,N
INC000534,20250528,ST009,IT007,2025-05-28 20:47:00,2025-05-28 20:49:00,2025-05-29 04:53:00,Resolved,Critical,2,486,N,Y,Passenger Help Point,lift lobby,requires facilities follow-up,N
INC000535,20250528,ST006,IT006,2025-05-28 17:20:00,2025-05-28 17:31:00,,Open,Major,11,,N,N,Supervisor Walkthrough,ticket hall,reported by service controller,Y
INC000536,20250529,ST009,IT006,2025-05-29 17:49:00,2025-05-29 18:20:00,2025-05-30 13:48:00,Resolved,Major,31,1199,Y,Y,Mobile Radio,staffed gate line,seen in previous two weeks,N
INC000537,20250529,ST010,IT004,2025-05-29 21:39:00,2025-05-29 23:02:00,2025-05-29 23:17:00,Resolved,Major,83,98,Y,N,Control Room,ticket hall,passenger assistance team notified,Y
INC000538,20250529,ST012,IT011,2025-05-29 13:19:00,2025-05-29 13:31:00,2025-05-30 03:29:00,Resolved,Major,12,850,N,Y,Mobile Radio,bus interchange,seen in previous two weeks,N
INC000539,20250529,ST013,IT004,2025-05-29 18:18:00,2025-05-29 18:22:00,,Open,Critical,4,,N,N,Control Room,lift lobby,linked to crowd control plan,N
INC000540,20250529,ST004,IT008,2025-05-29 10:44:00,2025-05-29 10:55:00,2025-05-29 15:05:00,Resolved,Minor,11,261,N,N,Mobile Radio,main concourse,reported by service controller,N
INC000541,20250530,ST006,IT005,2025-05-30 16:03:00,2025-05-30 17:20:00,,In Progress,Moderate,77,,Y,N,Mobile Radio,lift lobby,reported by service controller,N
INC000542,20250530,ST016,IT003,2025-05-30 06:58:00,2025-05-30 07:14:00,2025-05-30 20:00:00,Resolved,Minor,16,782,Y,Y,Station Desk,ticket hall,temporary signage installed,N
INC000543,20250530,ST006,IT001,2025-05-30 13:28:00,2025-05-30 13:48:00,2025-05-30 19:02:00,Resolved,Critical,20,334,Y,Y,Passenger Help Point,staffed gate line,requires facilities follow-up,N
INC000544,20250531,ST006,IT009,2025-05-31 08:34:00,2025-05-31 08:55:00,2025-05-31 21:39:00,Resolved,Major,21,785,N,Y,Mobile Radio,staffed gate line,repeat complaint from morning peak,N
INC000545,20250531,ST014,IT002,2025-05-31 23:12:00,2025-05-31 23:14:00,2025-05-31 23:32:00,Resolved,Moderate,2,20,N,N,Station Desk,platform stairs,reported by service controller,N
INC000546,20250601,ST002,IT009,2025-06-01 15:21:00,2025-06-01 15:49:00,2025-06-02 11:11:00,Resolved,Moderate,28,1190,Y,Y,Passenger Help Point,staffed gate line,seen in previous two weeks,N
INC000547,20250601,ST008,IT010,2025-06-01 09:51:00,2025-06-01 10:50:00,2025-06-02 09:53:00,Resolved,Minor,59,1442,Y,Y,Mobile Radio,platform stairs,repeat complaint from morning peak,N
INC000548,20250602,ST015,IT005,2025-06-02 17:21:00,2025-06-02 17:46:00,2025-06-03 21:24:00,Resolved,Minor,25,1683,N,Y,Mobile Radio,northbound platform,manual log entry from station desk,Y
INC000549,20250602,ST011,IT008,2025-06-02 18:15:00,2025-06-02 19:18:00,2025-06-03 04:22:00,Resolved,Moderate,63,607,Y,Y,Passenger Help Point,ticket hall,temporary signage installed,N
INC000550,20250602,ST015,IT004,2025-06-02 19:40:00,2025-06-02 20:50:00,2025-06-02 23:53:00,Resolved,Critical,70,253,Y,Y,Mobile Radio,lift lobby,repeat complaint from morning peak,N
INC000551,20250602,ST013,IT003,2025-06-02 07:19:00,2025-06-02 07:33:00,2025-06-02 17:25:00,Resolved,Moderate,14,606,Y,Y,Station Desk,main concourse,passenger assistance team notified,N
INC000552,20250602,ST010,IT007,2025-06-02 10:30:00,2025-06-02 10:46:00,,In Progress,Major,16,,Y,N,Supervisor Walkthrough,platform stairs,requires facilities follow-up,N
INC000553,20250602,ST002,IT012,2025-06-02 23:24:00,2025-06-02 23:32:00,,In Progress,Major,8,,N,N,Mobile Radio,staffed gate line,passenger assistance team notified,N
INC000554,20250603,ST010,IT009,2025-06-03 16:46:00,2025-06-03 17:19:00,2025-06-04 00:47:00,Resolved,Moderate,33,481,Y,N,Station Desk,northbound platform,passenger assistance team notified,N
INC000555,20250603,ST013,IT011,2025-06-03 22:18:00,2025-06-03 22:32:00,2025-06-04 09:23:00,Resolved,Critical,14,665,N,Y,Control Room,lift lobby,linked to crowd control plan,N
INC000556,20250603,ST009,IT003,2025-06-03 11:52:00,2025-06-03 12:00:00,2025-06-04 09:02:00,Resolved,Moderate,8,1270,N,Y,Mobile Radio,staffed gate line,repeat complaint from morning peak,N
INC000557,20250603,ST006,IT010,2025-06-03 19:18:00,2025-06-03 20:11:00,,In Progress,Major,53,,Y,N,Supervisor Walkthrough,ticket hall,linked to crowd control plan,Y
INC000558,20250603,ST007,IT007,2025-06-03 22:05:00,2025-06-03 22:06:00,2025-06-04 14:57:00,Resolved,Moderate,1,1012,N,Y,Station Desk,main concourse,linked to crowd control plan,N
INC000559,20250604,ST009,IT005,2025-06-04 12:44:00,2025-06-04 12:58:00,,In Progress,Moderate,14,,N,N,Supervisor Walkthrough,ticket hall,requires facilities follow-up,N
INC000560,20250604,ST006,IT007,2025-06-04 14:12:00,2025-06-04 15:20:00,2025-06-04 14:32:00,Resolved,Major,68,20,Y,N,Passenger Help Point,customer help point,linked to crowd control plan,N
INC000561,20250604,ST007,IT006,2025-06-04 14:39:00,2025-06-04 15:52:00,2025-06-05 09:29:00,Resolved,Moderate,73,1130,Y,Y,Mobile Radio,ticket hall,requires facilities follow-up,N
INC000562,20250604,ST008,IT007,2025-06-04 22:51:00,2025-06-04 23:08:00,2025-06-05 18:27:00,Resolved,Moderate,17,1176,Y,Y,Passenger Help Point,bus interchange,passenger assistance team notified,N
INC000563,20250604,ST008,IT009,2025-06-04 17:58:00,2025-06-04 18:38:00,2025-06-05 11:47:00,Resolved,Major,40,1069,Y,Y,Passenger Help Point,main concourse,manual log entry from station desk,N
INC000564,20250604,ST004,IT006,2025-06-04 22:48:00,2025-06-04 23:20:00,2025-06-05 14:00:00,Resolved,Critical,32,912,Y,N,Passenger Help Point,main concourse,linked to crowd control plan,N
INC000565,20250605,ST016,IT001,2025-06-05 17:21:00,2025-06-05 17:22:00,2025-06-05 20:12:00,Resolved,Moderate,1,171,N,N,Passenger Help Point,platform stairs,passenger assistance team notified,N
INC000566,20250606,ST002,IT005,2025-06-06 20:41:00,2025-06-06 21:07:00,2025-06-08 09:52:00,Resolved,Major,26,2231,N,Y,Passenger Help Point,customer help point,repeat complaint from morning peak,N
INC000567,20250606,ST010,IT009,2025-06-06 10:59:00,2025-06-06 11:43:00,2025-06-07 12:27:00,Resolved,Moderate,44,1528,Y,Y,Station Desk,bus interchange,repeat complaint from morning peak,N
INC000568,20250606,ST013,IT001,2025-06-06 21:50:00,2025-06-06 21:58:00,2025-06-06 22:33:00,Resolved,Moderate,8,43,N,N,Supervisor Walkthrough,lift lobby,manual log entry from station desk,N
INC000569,20250607,ST002,IT008,2025-06-07 22:32:00,2025-06-07 22:45:00,,Open,Moderate,13,,Y,N,Mobile Radio,staffed gate line,manual log entry from station desk,N
INC000570,20250607,ST008,IT007,2025-06-07 23:36:00,2025-06-07 23:51:00,2025-06-08 01:39:00,Resolved,Critical,15,123,N,N,Passenger Help Point,staffed gate line,manual log entry from station desk,N
INC000571,20250608,ST015,IT008,2025-06-08 14:43:00,2025-06-08 14:44:00,2025-06-08 19:08:00,Resolved,Major,1,265,N,N,Passenger Help Point,northbound platform,linked to crowd control plan,N
INC000572,20250608,ST013,IT003,2025-06-08 10:11:00,2025-06-08 10:28:00,2025-06-08 15:26:00,Resolved,Minor,17,315,Y,N,Mobile Radio,customer help point,manual log entry from station desk,N
INC000573,20250609,ST001,IT005,2025-06-09 23:22:00,2025-06-09 23:49:00,2025-06-11 00:33:00,Resolved,Major,27,1511,N,Y,Mobile Radio,lift lobby,seen in previous two weeks,N
INC000574,20250609,ST013,IT010,2025-06-09 19:49:00,2025-06-09 20:52:00,2025-06-10 19:43:00,Resolved,Moderate,63,1434,Y,N,Passenger Help Point,bus interchange,reported by service controller,N
INC000575,20250609,ST010,IT009,2025-06-09 10:45:00,2025-06-09 11:21:00,2025-06-09 17:41:00,Resolved,Moderate,36,416,Y,N,Control Room,lift lobby,passenger assistance team notified,N
INC000576,20250610,ST009,IT005,2025-06-10 22:51:00,2025-06-10 23:15:00,2025-06-11 15:26:00,Resolved,Critical,24,995,N,N,Supervisor Walkthrough,platform stairs,linked to crowd control plan,N
INC000577,20250610,ST001,IT009,2025-06-10 23:46:00,2025-06-11 01:06:00,2025-06-11 00:06:00,Resolved,Moderate,80,20,Y,N,Control Room,lift lobby,requires facilities follow-up,N
INC000578,20250610,ST008,IT001,2025-06-10 06:12:00,2025-06-10 06:17:00,2025-06-10 06:32:00,Resolved,Moderate,5,20,N,N,Passenger Help Point,lift lobby,repeat complaint from morning peak,N
INC000579,20250610,ST013,IT006,2025-06-10 06:57:00,2025-06-10 06:58:00,2025-06-10 23:00:00,Resolved,Minor,1,963,N,N,Supervisor Walkthrough,northbound platform,temporary signage installed,Y
INC000580,20250610,ST013,IT009,2025-06-10 10:36:00,2025-06-10 11:34:00,,In Progress,Moderate,58,,Y,N,Control Room,staffed gate line,temporary signage installed,N
INC000581,20250611,ST007,IT010,2025-06-11 19:23:00,2025-06-11 19:34:00,2025-06-12 08:49:00,Resolved,Major,11,806,N,N,Station Desk,staffed gate line,repeat complaint from morning peak,N
INC000582,20250612,ST004,IT005,2025-06-12 07:31:00,2025-06-12 07:51:00,2025-06-13 05:27:00,Resolved,Moderate,20,1316,N,N,Supervisor Walkthrough,northbound platform,requires facilities follow-up,N
INC000583,20250613,ST001,IT001,2025-06-13 21:30:00,2025-06-13 21:48:00,2025-06-14 21:07:00,Resolved,Major,18,1417,Y,Y,Supervisor Walkthrough,lift lobby,seen in previous two weeks,N
INC000584,20250613,ST002,IT001,2025-06-13 05:26:00,2025-06-13 05:41:00,2025-06-13 05:46:00,Resolved,Moderate,15,20,Y,N,Mobile Radio,bus interchange,temporary signage installed,N
INC000585,20250613,ST002,IT008,2025-06-13 15:11:00,2025-06-13 15:27:00,2025-06-13 17:22:00,Resolved,Major,16,131,Y,N,Mobile Radio,staffed gate line,repeat complaint from morning peak,N
INC000586,20250613,ST002,IT002,2025-06-13 15:57:00,2025-06-13 16:06:00,2025-06-13 16:39:00,Resolved,Critical,9,42,Y,N,Supervisor Walkthrough,customer help point,reported by service controller,N
INC000587,20250613,ST010,IT006,2025-06-13 19:30:00,2025-06-13 19:52:00,2025-06-13 19:50:00,Resolved,Moderate,22,20,Y,N,Passenger Help Point,northbound platform,manual log entry from station desk,N
INC000588,20250614,ST004,IT009,2025-06-14 14:03:00,2025-06-14 14:20:00,2025-06-15 08:27:00,Resolved,Moderate,17,1104,N,Y,Passenger Help Point,customer help point,seen in previous two weeks,N
INC000589,20250614,ST001,IT005,2025-06-14 05:40:00,2025-06-14 06:26:00,,In Progress,Moderate,46,,Y,N,Passenger Help Point,main concourse,reported by service controller,N
INC000590,20250615,ST005,IT002,2025-06-15 14:31:00,2025-06-15 14:40:00,2025-06-15 15:52:00,Resolved,Critical,9,81,Y,N,Mobile Radio,customer help point,passenger assistance team notified,N
INC000591,20250615,ST004,IT007,2025-06-15 16:43:00,2025-06-15 16:50:00,2025-06-15 18:20:00,Resolved,Critical,7,97,N,N,Supervisor Walkthrough,staffed gate line,reported by service controller,N
INC000592,20250616,ST007,IT001,2025-06-16 14:54:00,2025-06-16 15:07:00,2025-06-16 21:41:00,Resolved,Minor,13,407,Y,Y,Mobile Radio,customer help point,seen in previous two weeks,N
INC000593,20250616,ST003,IT002,2025-06-16 18:55:00,2025-06-16 18:56:00,2025-06-16 19:48:00,Resolved,Critical,1,53,N,N,Passenger Help Point,staffed gate line,linked to crowd control plan,N
INC000594,20250616,ST009,IT011,2025-06-16 19:27:00,2025-06-16 19:32:00,2025-06-17 05:14:00,Resolved,Minor,5,587,N,Y,Mobile Radio,northbound platform,passenger assistance team notified,N
INC000595,20250617,ST007,IT006,2025-06-17 22:27:00,2025-06-18 00:05:00,2025-06-18 19:43:00,Resolved,Moderate,98,1276,Y,Y,Supervisor Walkthrough,main concourse,passenger assistance team notified,Y
INC000596,20250617,ST004,IT011,2025-06-17 09:39:00,2025-06-17 09:56:00,2025-06-17 15:35:00,Resolved,Moderate,17,356,N,N,Passenger Help Point,platform stairs,reported by service controller,N
INC000597,20250617,ST001,IT006,2025-06-17 22:07:00,2025-06-17 22:28:00,,Escalated,Moderate,21,,Y,N,Supervisor Walkthrough,platform stairs,requires facilities follow-up,N
INC000598,20250618,ST003,IT005,2025-06-18 19:20:00,2025-06-18 19:21:00,2025-06-18 19:40:00,Resolved,Moderate,1,20,N,N,Passenger Help Point,staffed gate line,passenger assistance team notified,N
INC000599,20250618,ST012,IT008,2025-06-18 09:44:00,2025-06-18 10:01:00,,Escalated,Moderate,17,,Y,N,Passenger Help Point,bus interchange,linked to crowd control plan,Y
INC000600,20250618,ST010,IT007,2025-06-18 09:52:00,2025-06-18 10:13:00,2025-06-18 10:14:00,Resolved,Minor,21,22,Y,N,Control Room,lift lobby,seen in previous two weeks,N
INC000601,20250618,ST002,IT003,2025-06-18 16:53:00,2025-06-18 17:01:00,2025-06-19 01:02:00,Resolved,Major,8,489,N,Y,Supervisor Walkthrough,staffed gate line,repeat complaint from morning peak,N
INC000602,20250618,ST009,IT002,2025-06-18 09:51:00,2025-06-18 10:02:00,2025-06-18 11:01:00,Resolved,Critical,11,70,Y,N,Mobile Radio,platform stairs,requires facilities follow-up,N
INC000603,20250618,ST011,IT001,2025-06-18 19:37:00,2025-06-18 19:47:00,2025-06-19 00:18:00,Resolved,Minor,10,281,N,Y,Passenger Help Point,main concourse,manual log entry from station desk,N
INC000604,20250619,ST003,IT001,2025-06-19 18:24:00,2025-06-19 18:25:00,,Open,Moderate,1,,N,N,Control Room,ticket hall,requires facilities follow-up,N
INC000605,20250619,ST001,IT005,2025-06-19 14:27:00,2025-06-19 14:35:00,2025-06-20 14:42:00,Resolved,Major,8,1455,N,Y,Station Desk,lift lobby,manual log entry from station desk,N
INC000606,20250619,ST009,IT002,2025-06-19 11:58:00,2025-06-19 12:00:00,2025-06-20 06:09:00,Resolved,Critical,2,1091,N,Y,Control Room,lift lobby,repeat complaint from morning peak,N
INC000607,20250619,ST014,IT003,2025-06-19 22:55:00,2025-06-19 23:40:00,2025-06-20 13:05:00,Resolved,Major,45,850,Y,Y,Passenger Help Point,customer help point,reported by service controller,N
INC000608,20250619,ST010,IT011,2025-06-19 10:55:00,2025-06-19 11:00:00,2025-06-19 19:39:00,Resolved,Major,5,524,N,Y,Station Desk,bus interchange,temporary signage installed,Y
INC000609,20250619,ST009,IT006,2025-06-19 14:11:00,2025-06-19 14:36:00,2025-06-19 20:17:00,Resolved,Major,25,366,Y,N,Passenger Help Point,staffed gate line,linked to crowd control plan,N
INC000610,20250620,ST014,IT011,2025-06-20 07:36:00,2025-06-20 08:22:00,2025-06-20 13:42:00,Resolved,Moderate,46,366,Y,N,Mobile Radio,ticket hall,reported by service controller,N
INC000611,20250620,ST015,IT005,2025-06-20 18:59:00,2025-06-20 19:21:00,2025-06-21 23:57:00,Resolved,Minor,22,1738,N,Y,Control Room,bus interchange,passenger assistance team notified,N
INC000612,20250620,ST004,IT011,2025-06-20 17:20:00,2025-06-20 17:42:00,2025-06-21 04:11:00,Resolved,Minor,22,651,Y,Y,Mobile Radio,ticket hall,requires facilities follow-up,N
INC000613,20250620,ST015,IT005,2025-06-20 06:44:00,2025-06-20 07:19:00,2025-06-21 09:31:00,Resolved,Moderate,35,1607,Y,Y,Supervisor Walkthrough,lift lobby,reported by service controller,N
INC000614,20250620,ST003,IT003,2025-06-20 20:28:00,2025-06-20 20:35:00,2025-06-20 21:45:00,Resolved,Moderate,7,77,N,N,Supervisor Walkthrough,lift lobby,reported by service controller,N
INC000615,20250620,ST006,IT006,2025-06-20 22:46:00,2025-06-20 23:18:00,2025-06-22 00:44:00,Resolved,Minor,32,1558,Y,Y,Station Desk,platform stairs,linked to crowd control plan,N
INC000616,20250620,ST006,IT012,2025-06-20 11:20:00,2025-06-20 11:32:00,2025-06-20 15:55:00,Resolved,Minor,12,275,N,N,Passenger Help Point,customer help point,linked to crowd control plan,Y
INC000617,20250620,ST010,IT003,2025-06-20 17:31:00,2025-06-20 17:37:00,2025-06-20 20:26:00,Resolved,Moderate,6,175,N,N,Passenger Help Point,lift lobby,manual log entry from station desk,Y
INC000618,20250621,ST010,IT009,2025-06-21 23:28:00,2025-06-22 00:19:00,2025-06-22 22:42:00,Resolved,Major,51,1394,Y,Y,Station Desk,bus interchange,linked to crowd control plan,Y
INC000619,20250621,ST005,IT012,2025-06-21 13:21:00,2025-06-21 13:39:00,2025-06-22 00:42:00,Resolved,Moderate,18,681,Y,Y,Station Desk,customer help point,linked to crowd control plan,Y
INC000620,20250622,ST003,IT011,2025-06-22 21:56:00,2025-06-22 23:22:00,2025-06-23 10:51:00,Resolved,Moderate,86,775,Y,Y,Passenger Help Point,lift lobby,manual log entry from station desk,Y
INC000621,20250622,ST003,IT002,2025-06-22 12:41:00,2025-06-22 12:50:00,2025-06-22 14:09:00,Resolved,Moderate,9,88,Y,N,Station Desk,platform stairs,requires facilities follow-up,N
INC000622,20250622,ST009,IT006,2025-06-22 05:10:00,2025-06-22 05:36:00,,Escalated,Moderate,26,,Y,N,Supervisor Walkthrough,northbound platform,temporary signage installed,N
INC000623,20250622,ST014,IT009,2025-06-22 05:53:00,2025-06-22 07:24:00,2025-06-22 14:20:00,Resolved,Moderate,91,507,Y,N,Mobile Radio,ticket hall,reported by service controller,N
INC000624,20250623,ST008,IT003,2025-06-23 08:00:00,2025-06-23 08:09:00,2025-06-23 17:54:00,Resolved,Major,9,594,N,Y,Control Room,lift lobby,repeat complaint from morning peak,N
INC000625,20250623,ST010,IT009,2025-06-23 22:25:00,2025-06-23 22:45:00,2025-06-24 17:39:00,Resolved,Minor,20,1154,N,Y,Control Room,customer help point,passenger assistance team notified,N
INC000626,20250623,ST002,IT003,2025-06-23 21:57:00,2025-06-23 22:07:00,2025-06-24 02:41:00,Resolved,Major,10,284,N,N,Passenger Help Point,platform stairs,reported by service controller,N
INC000627,20250623,ST005,IT007,2025-06-23 20:15:00,2025-06-23 20:22:00,2025-06-24 01:15:00,Resolved,Moderate,7,300,N,Y,Supervisor Walkthrough,lift lobby,linked to crowd control plan,N
INC000628,20250624,ST010,IT006,2025-06-24 15:05:00,2025-06-24 15:26:00,2025-06-26 01:44:00,Resolved,Moderate,21,2079,Y,Y,Passenger Help Point,customer help point,repeat complaint from morning peak,N
INC000629,20250624,ST010,IT001,2025-06-24 06:02:00,2025-06-24 06:03:00,2025-06-24 11:15:00,Resolved,Moderate,1,313,N,Y,Station Desk,ticket hall,temporary signage installed,N
INC000630,20250624,ST007,IT009,2025-06-24 06:48:00,2025-06-24 07:01:00,2025-06-24 17:53:00,Resolved,Minor,13,665,N,N,Station Desk,lift lobby,passenger assistance team notified,N
INC000631,20250624,ST014,IT006,2025-06-24 19:41:00,2025-06-24 20:02:00,2025-06-25 07:18:00,Resolved,Major,21,697,Y,N,Passenger Help Point,platform stairs,seen in previous two weeks,N
INC000632,20250624,ST010,IT001,2025-06-24 10:57:00,2025-06-24 11:04:00,2025-06-24 16:05:00,Resolved,Moderate,7,308,N,Y,Control Room,ticket hall,seen in previous two weeks,N
INC000633,20250624,ST010,IT010,2025-06-24 11:02:00,2025-06-24 12:39:00,2025-06-26 06:15:00,Resolved,Moderate,97,2593,Y,Y,Mobile Radio,staffed gate line,linked to crowd control plan,N
INC000634,20250625,ST009,IT006,2025-06-25 13:10:00,2025-06-25 13:24:00,2025-06-27 20:23:00,Resolved,Minor,14,3313,N,Y,Control Room,northbound platform,seen in previous two weeks,N
INC000635,20250625,ST003,IT005,2025-06-25 23:39:00,2025-06-25 23:40:00,2025-06-27 09:24:00,Resolved,Minor,1,2025,N,Y,Control Room,platform stairs,temporary signage installed,N
INC000636,20250625,ST007,IT010,2025-06-25 21:31:00,2025-06-25 22:09:00,2025-06-25 21:51:00,Resolved,Minor,38,20,N,N,Mobile Radio,main concourse,temporary signage installed,N
INC000637,20250625,ST011,IT006,2025-06-25 15:45:00,2025-06-25 16:38:00,2025-06-26 10:38:00,Resolved,Minor,53,1133,Y,Y,Passenger Help Point,bus interchange,seen in previous two weeks,N
INC000638,20250625,ST006,IT012,2025-06-25 18:39:00,2025-06-25 18:58:00,2025-06-27 00:58:00,Resolved,Moderate,19,1819,Y,Y,Control Room,customer help point,requires facilities follow-up,N
INC000639,20250626,ST015,IT011,2025-06-26 15:33:00,2025-06-26 16:01:00,2025-06-26 15:53:00,Resolved,Moderate,28,20,Y,N,Mobile Radio,lift lobby,reported by service controller,N
INC000640,20250626,ST014,IT007,2025-06-26 22:49:00,2025-06-26 22:57:00,2025-06-27 01:22:00,Resolved,Moderate,8,153,N,N,Supervisor Walkthrough,lift lobby,seen in previous two weeks,N
INC000641,20250626,ST014,IT009,2025-06-26 10:12:00,2025-06-26 10:49:00,2025-06-26 21:55:00,Resolved,Moderate,37,703,Y,N,Passenger Help Point,lift lobby,passenger assistance team notified,N
INC000642,20250627,ST004,IT008,2025-06-27 10:30:00,2025-06-27 10:33:00,2025-06-28 00:06:00,Resolved,Major,3,816,N,Y,Station Desk,platform stairs,temporary signage installed,N
INC000643,20250627,ST007,IT005,2025-06-27 18:52:00,2025-06-27 19:00:00,2025-06-30 12:59:00,Resolved,Moderate,8,3967,N,Y,Passenger Help Point,platform stairs,requires facilities follow-up,N
INC000644,20250627,ST009,IT002,2025-06-27 20:00:00,2025-06-27 20:05:00,2025-06-27 21:12:00,Resolved,Critical,5,72,N,N,Passenger Help Point,platform stairs,requires facilities follow-up,N
INC000645,20250627,ST013,IT010,2025-06-27 06:03:00,2025-06-27 07:14:00,2025-06-27 06:23:00,Resolved,Minor,71,20,Y,N,Mobile Radio,bus interchange,passenger assistance team notified,N
INC000646,20250627,ST004,IT006,2025-06-27 11:50:00,2025-06-27 12:03:00,2025-06-28 22:53:00,Resolved,Major,13,2103,N,Y,Control Room,ticket hall,temporary signage installed,N
INC000647,20250628,ST015,IT003,2025-06-28 14:46:00,2025-06-28 14:54:00,2025-06-28 20:11:00,Resolved,Moderate,8,325,N,N,Control Room,bus interchange,repeat complaint from morning peak,N
INC000648,20250629,ST007,IT005,2025-06-29 12:54:00,2025-06-29 13:08:00,2025-06-29 20:30:00,Resolved,Moderate,14,456,N,N,Passenger Help Point,customer help point,linked to crowd control plan,N
INC000649,20250629,ST007,IT005,2025-06-29 07:43:00,2025-06-29 07:55:00,2025-06-30 15:29:00,Resolved,Critical,12,1906,N,Y,Station Desk,bus interchange,reported by service controller,N
INC000650,20250629,ST016,IT007,2025-06-29 23:23:00,2025-06-29 23:38:00,2025-06-30 00:52:00,Resolved,Moderate,15,89,N,N,Mobile Radio,platform stairs,passenger assistance team notified,N
INC000651,20250629,ST014,IT005,2025-06-29 14:21:00,2025-06-29 15:32:00,2025-06-30 07:32:00,Resolved,Moderate,71,1031,Y,N,Supervisor Walkthrough,main concourse,passenger assistance team notified,N
INC000652,20250630,ST001,IT009,2025-06-30 13:38:00,2025-06-30 14:02:00,2025-07-01 01:45:00,Resolved,Moderate,24,727,N,Y,Control Room,lift lobby,linked to crowd control plan,N
INC000653,20250630,ST002,IT005,2025-06-30 12:02:00,2025-06-30 12:57:00,2025-07-02 06:56:00,Resolved,Major,55,2574,Y,Y,Control Room,staffed gate line,temporary signage installed,N
INC000654,20250630,ST013,IT007,2025-06-30 13:13:00,2025-06-30 13:29:00,,In Progress,Critical,16,,Y,N,Control Room,northbound platform,temporary signage installed,N
INC000655,20250630,ST007,IT003,2025-06-30 21:15:00,2025-06-30 21:26:00,2025-07-01 05:39:00,Resolved,Major,11,504,Y,Y,Mobile Radio,platform stairs,seen in previous two weeks,N
INC000656,20250630,ST007,IT005,2025-06-30 12:43:00,2025-06-30 13:33:00,2025-07-02 21:10:00,Resolved,Minor,50,3387,Y,Y,Station Desk,customer help point,passenger assistance team notified,N
INC000657,20250701,ST016,IT009,2025-07-01 06:03:00,2025-07-01 06:22:00,2025-07-01 15:53:00,Resolved,Moderate,19,590,N,N,Mobile Radio,lift lobby,passenger assistance team notified,N
INC000658,20250701,ST001,IT003,2025-07-01 10:40:00,2025-07-01 10:51:00,2025-07-01 15:33:00,Resolved,Major,11,293,Y,N,Station Desk,platform stairs,repeat complaint from morning peak,N
INC000659,20250701,ST016,IT009,2025-07-01 10:26:00,2025-07-01 12:16:00,2025-07-02 11:31:00,Resolved,Moderate,110,1505,Y,Y,Passenger Help Point,platform stairs,passenger assistance team notified,N
INC000660,20250702,ST001,IT006,2025-07-02 22:20:00,2025-07-02 22:43:00,,Escalated,Minor,23,,Y,N,Mobile Radio,bus interchange,manual log entry from station desk,N
INC000661,20250702,ST003,IT009,2025-07-02 16:22:00,2025-07-02 16:30:00,,Escalated,Moderate,8,,N,N,Control Room,lift lobby,passenger assistance team notified,N
INC000662,20250702,ST016,IT005,2025-07-02 13:28:00,2025-07-02 14:00:00,2025-07-04 07:55:00,Resolved,Moderate,32,2547,Y,Y,Mobile Radio,customer help point,manual log entry from station desk,N
INC000663,20250702,ST001,IT009,2025-07-02 11:46:00,2025-07-02 13:18:00,2025-07-03 13:38:00,Resolved,Minor,92,1552,Y,Y,Station Desk,ticket hall,reported by service controller,N
INC000664,20250702,ST001,IT005,2025-07-02 11:57:00,2025-07-02 12:03:00,2025-07-02 19:48:00,Resolved,Major,6,471,N,N,Mobile Radio,bus interchange,temporary signage installed,N
INC000665,20250702,ST006,IT008,2025-07-02 06:53:00,2025-07-02 06:54:00,2025-07-02 15:07:00,Resolved,Major,1,494,N,Y,Control Room,lift lobby,linked to crowd control plan,N
INC000666,20250703,ST005,IT001,2025-07-03 09:57:00,2025-07-03 09:58:00,,Escalated,Moderate,1,,N,N,Passenger Help Point,main concourse,temporary signage installed,N
INC000667,20250703,ST009,IT007,2025-07-03 13:53:00,2025-07-03 14:17:00,2025-07-03 14:13:00,Resolved,Moderate,24,20,Y,N,Supervisor Walkthrough,lift lobby,temporary signage installed,N
INC000668,20250703,ST013,IT010,2025-07-03 22:47:00,2025-07-03 23:19:00,,Open,Moderate,32,,N,N,Control Room,bus interchange,passenger assistance team notified,N
INC000669,20250704,ST009,IT012,2025-07-04 23:43:00,2025-07-04 23:56:00,2025-07-05 13:37:00,Resolved,Moderate,13,834,N,Y,Control Room,customer help point,linked to crowd control plan,N
INC000670,20250704,ST006,IT003,2025-07-04 22:19:00,2025-07-04 23:10:00,2025-07-05 02:12:00,Resolved,Moderate,51,233,Y,N,Supervisor Walkthrough,main concourse,requires facilities follow-up,N
INC000671,20250704,ST013,IT004,2025-07-04 22:18:00,2025-07-04 22:20:00,2025-07-05 07:51:00,Resolved,Critical,2,573,N,Y,Passenger Help Point,lift lobby,passenger assistance team notified,N
INC000672,20250705,ST011,IT009,2025-07-05 11:55:00,2025-07-05 12:44:00,2025-07-06 07:59:00,Resolved,Moderate,49,1204,Y,Y,Control Room,bus interchange,requires facilities follow-up,N
INC000673,20250705,ST007,IT003,2025-07-05 11:07:00,2025-07-05 11:13:00,2025-07-06 09:06:00,Resolved,Moderate,6,1319,N,Y,Control Room,northbound platform,temporary signage installed,N
INC000674,20250706,ST012,IT011,2025-07-06 10:33:00,2025-07-06 10:46:00,2025-07-06 21:17:00,Resolved,Moderate,13,644,N,Y,Passenger Help Point,ticket hall,reported by service controller,N
INC000675,20250706,ST010,IT010,2025-07-06 09:20:00,2025-07-06 10:30:00,2025-07-06 11:53:00,Resolved,Moderate,70,153,Y,N,Station Desk,northbound platform,temporary signage installed,N
INC000676,20250707,ST002,IT009,2025-07-07 11:11:00,2025-07-07 11:45:00,,In Progress,Moderate,34,,Y,N,Control Room,main concourse,temporary signage installed,N
INC000677,20250707,ST013,IT010,2025-07-07 07:30:00,2025-07-07 08:59:00,2025-07-09 14:42:00,Resolved,Moderate,89,3312,Y,Y,Mobile Radio,main concourse,temporary signage installed,N
INC000678,20250707,ST010,IT007,2025-07-07 07:24:00,2025-07-07 07:25:00,2025-07-07 13:31:00,Resolved,Moderate,1,367,N,Y,Passenger Help Point,staffed gate line,seen in previous two weeks,N
INC000679,20250708,ST003,IT001,2025-07-08 19:18:00,2025-07-08 19:34:00,2025-07-08 21:29:00,Resolved,Major,16,131,Y,N,Passenger Help Point,northbound platform,seen in previous two weeks,N
INC000680,20250708,ST008,IT007,2025-07-08 07:34:00,2025-07-08 07:59:00,,Escalated,Minor,25,,Y,N,Passenger Help Point,bus interchange,reported by service controller,N
INC000681,20250708,ST013,IT002,2025-07-08 23:38:00,2025-07-08 23:39:00,2025-07-09 01:33:00,Resolved,Minor,1,115,N,N,Passenger Help Point,ticket hall,requires facilities follow-up,N
INC000682,20250708,ST007,IT006,2025-07-08 06:13:00,2025-07-08 06:30:00,2025-07-08 14:30:00,Resolved,Moderate,17,497,N,N,Station Desk,staffed gate line,linked to crowd control plan,N
INC000683,20250708,ST015,IT005,2025-07-08 23:41:00,2025-07-08 23:48:00,2025-07-09 08:22:00,Resolved,Major,7,521,N,N,Control Room,customer help point,reported by service controller,N
INC000684,20250708,ST006,IT003,2025-07-08 20:34:00,2025-07-08 20:35:00,2025-07-09 01:59:00,Resolved,Minor,1,325,N,N,Mobile Radio,ticket hall,manual log entry from station desk,Y
INC000685,20250709,ST008,IT011,2025-07-09 13:18:00,2025-07-09 14:23:00,2025-07-10 14:20:00,Resolved,Minor,65,1502,Y,Y,Passenger Help Point,customer help point,passenger assistance team notified,N
INC000686,20250710,ST002,IT003,2025-07-10 08:15:00,2025-07-10 08:22:00,2025-07-11 00:10:00,Resolved,Moderate,7,955,N,Y,Mobile Radio,staffed gate line,temporary signage installed,N
INC000687,20250710,ST002,IT011,2025-07-10 06:15:00,2025-07-10 06:42:00,2025-07-10 17:30:00,Resolved,Minor,27,675,Y,Y,Passenger Help Point,customer help point,passenger assistance team notified,Y
INC000688,20250710,ST003,IT010,2025-07-10 12:24:00,2025-07-10 13:07:00,2025-07-11 09:40:00,Resolved,Critical,43,1276,N,N,Station Desk,staffed gate line,repeat complaint from morning peak,N
INC000689,20250710,ST015,IT005,2025-07-10 18:31:00,2025-07-10 18:45:00,2025-07-11 04:30:00,Resolved,Critical,14,599,N,N,Control Room,main concourse,reported by service controller,Y
INC000690,20250711,ST009,IT007,2025-07-11 13:08:00,2025-07-11 13:37:00,2025-07-11 14:53:00,Resolved,Major,29,105,Y,N,Passenger Help Point,customer help point,passenger assistance team notified,N
INC000691,20250711,ST010,IT010,2025-07-11 14:27:00,2025-07-11 14:36:00,2025-07-11 14:47:00,Resolved,Minor,9,20,N,N,Station Desk,lift lobby,passenger assistance team notified,N
INC000692,20250711,ST007,IT001,2025-07-11 20:34:00,2025-07-11 20:46:00,2025-07-11 20:54:00,Resolved,Major,12,20,N,N,Supervisor Walkthrough,northbound platform,requires facilities follow-up,N
INC000693,20250712,ST010,IT006,2025-07-12 17:54:00,2025-07-12 18:18:00,2025-07-12 18:35:00,Resolved,Moderate,24,41,Y,N,Passenger Help Point,staffed gate line,linked to crowd control plan,N
INC000694,20250712,ST014,IT003,2025-07-12 15:47:00,2025-07-12 16:00:00,2025-07-12 21:07:00,Resolved,Critical,13,320,Y,N,Passenger Help Point,bus interchange,repeat complaint from morning peak,N
INC000695,20250712,ST003,IT007,2025-07-12 07:58:00,2025-07-12 08:26:00,2025-07-12 11:05:00,Resolved,Moderate,28,187,Y,Y,Supervisor Walkthrough,customer help point,manual log entry from station desk,N
INC000696,20250712,ST002,IT001,2025-07-12 11:45:00,2025-07-12 12:03:00,2025-07-12 18:14:00,Resolved,Critical,18,389,Y,Y,Control Room,main concourse,linked to crowd control plan,N
INC000697,20250712,ST010,IT005,2025-07-12 19:17:00,2025-07-12 19:44:00,,Open,Minor,27,,N,N,Passenger Help Point,northbound platform,temporary signage installed,N
INC000698,20250713,ST010,IT005,2025-07-13 12:52:00,2025-07-13 13:17:00,,Open,Moderate,25,,N,N,Supervisor Walkthrough,lift lobby,manual log entry from station desk,N
INC000699,20250713,ST007,IT010,2025-07-13 22:23:00,2025-07-13 23:43:00,2025-07-14 22:19:00,Resolved,Moderate,80,1436,Y,N,Control Room,customer help point,linked to crowd control plan,N
INC000700,20250714,ST001,IT001,2025-07-14 05:05:00,2025-07-14 05:15:00,2025-07-14 16:56:00,Resolved,Major,10,711,N,Y,Passenger Help Point,staffed gate line,seen in previous two weeks,N
INC000701,20250714,ST010,IT003,2025-07-14 14:27:00,2025-07-14 14:37:00,2025-07-14 23:08:00,Resolved,Moderate,10,521,N,Y,Supervisor Walkthrough,main concourse,manual log entry from station desk,N
INC000702,20250714,ST002,IT002,2025-07-14 23:32:00,2025-07-14 23:45:00,2025-07-14 23:52:00,Resolved,Moderate,13,20,Y,N,Supervisor Walkthrough,northbound platform,manual log entry from station desk,N
INC000703,20250714,ST001,IT005,2025-07-14 22:13:00,2025-07-14 23:35:00,2025-07-14 22:33:00,Resolved,Major,82,20,Y,N,Control Room,lift lobby,passenger assistance team notified,N
INC000704,20250715,ST015,IT011,2025-07-15 20:58:00,2025-07-15 21:30:00,2025-07-16 03:39:00,Resolved,Moderate,32,401,Y,N,Supervisor Walkthrough,bus interchange,requires facilities follow-up,N
INC000705,20250715,ST010,IT002,2025-07-15 21:39:00,2025-07-15 21:43:00,2025-07-15 22:33:00,Resolved,Critical,4,54,N,N,Control Room,lift lobby,reported by service controller,Y
INC000706,20250715,ST004,IT011,2025-07-15 10:45:00,2025-07-15 10:50:00,2025-07-15 23:19:00,Resolved,Critical,5,754,N,Y,Station Desk,ticket hall,linked to crowd control plan,N
INC000707,20250715,ST001,IT003,2025-07-15 10:58:00,2025-07-15 11:51:00,,Open,Major,53,,Y,N,Control Room,customer help point,temporary signage installed,N
INC000708,20250716,ST008,IT003,2025-07-16 18:52:00,2025-07-16 18:56:00,2025-07-16 22:35:00,Resolved,Minor,4,223,N,N,Control Room,platform stairs,repeat complaint from morning peak,N
INC000709,20250716,ST003,IT009,2025-07-16 07:00:00,2025-07-16 07:48:00,2025-07-16 22:06:00,Resolved,Moderate,48,906,Y,Y,Mobile Radio,main concourse,requires facilities follow-up,N
INC000710,20250716,ST014,IT003,2025-07-16 18:37:00,2025-07-16 18:50:00,2025-07-17 08:05:00,Resolved,Moderate,13,808,Y,Y,Passenger Help Point,staffed gate line,reported by service controller,N
INC000711,20250716,ST003,IT006,2025-07-16 14:33:00,2025-07-16 14:56:00,2025-07-17 12:18:00,Resolved,Moderate,23,1305,Y,Y,Control Room,main concourse,passenger assistance team notified,N
INC000712,20250716,ST013,IT012,2025-07-16 12:15:00,2025-07-16 12:39:00,2025-07-16 15:55:00,Resolved,Minor,24,220,Y,N,Mobile Radio,northbound platform,temporary signage installed,N
INC000713,20250717,ST006,IT005,2025-07-17 17:49:00,2025-07-17 18:31:00,2025-07-17 20:18:00,Resolved,Major,42,149,Y,N,Station Desk,staffed gate line,reported by service controller,N
INC000714,20250717,ST007,IT002,2025-07-17 16:34:00,2025-07-17 16:36:00,2025-07-17 18:16:00,Resolved,Critical,2,102,N,N,Supervisor Walkthrough,northbound platform,requires facilities follow-up,N
INC000715,20250717,ST013,IT007,2025-07-17 18:56:00,2025-07-17 19:58:00,2025-07-17 21:27:00,Resolved,Minor,62,151,Y,N,Station Desk,customer help point,temporary signage installed,N
INC000716,20250717,ST014,IT002,2025-07-17 19:17:00,2025-07-17 19:26:00,,Escalated,Critical,9,,Y,N,Mobile Radio,main concourse,reported by service controller,N
INC000717,20250717,ST010,IT009,2025-07-17 22:57:00,2025-07-17 23:50:00,2025-07-18 03:13:00,Resolved,Moderate,53,256,Y,N,Passenger Help Point,northbound platform,seen in previous two weeks,N
INC000718,20250718,ST005,IT001,2025-07-18 08:32:00,2025-07-18 08:41:00,2025-07-18 20:39:00,Resolved,Moderate,9,727,N,Y,Control Room,lift lobby,seen in previous two weeks,N
INC000719,20250718,ST006,IT006,2025-07-18 12:17:00,2025-07-18 12:35:00,2025-07-19 20:00:00,Resolved,Critical,18,1903,N,Y,Passenger Help Point,ticket hall,manual log entry from station desk,N
INC000720,20250718,ST002,IT003,2025-07-18 19:20:00,2025-07-18 19:21:00,2025-07-19 01:04:00,Resolved,Moderate,1,344,N,N,Supervisor Walkthrough,staffed gate line,linked to crowd control plan,N
INC000721,20250718,ST001,IT008,2025-07-18 12:34:00,2025-07-18 12:58:00,2025-07-18 16:03:00,Resolved,Minor,24,209,Y,N,Control Room,customer help point,repeat complaint from morning peak,N
INC000722,20250718,ST013,IT007,2025-07-18 14:29:00,2025-07-18 14:48:00,2025-07-18 14:49:00,Resolved,Moderate,19,20,Y,N,Supervisor Walkthrough,main concourse,repeat complaint from morning peak,N
INC000723,20250719,ST007,IT007,2025-07-19 11:50:00,2025-07-19 12:04:00,2025-07-20 08:18:00,Resolved,Moderate,14,1228,N,Y,Control Room,main concourse,reported by service controller,Y
INC000724,20250719,ST002,IT005,2025-07-19 05:20:00,2025-07-19 05:35:00,2025-07-19 13:50:00,Resolved,Moderate,15,510,N,N,Supervisor Walkthrough,main concourse,seen in previous two weeks,N
INC000725,20250719,ST002,IT011,2025-07-19 21:58:00,2025-07-19 22:07:00,2025-07-19 23:49:00,Resolved,Moderate,9,111,N,N,Station Desk,customer help point,temporary signage installed,N
INC000726,20250719,ST009,IT002,2025-07-19 12:31:00,2025-07-19 12:37:00,2025-07-19 14:12:00,Resolved,Major,6,101,N,N,Passenger Help Point,customer help point,temporary signage installed,N
INC000727,20250719,ST013,IT009,2025-07-19 23:27:00,2025-07-19 23:48:00,2025-07-20 06:15:00,Resolved,Major,21,408,N,N,Station Desk,northbound platform,requires facilities follow-up,N
INC000728,20250720,ST002,IT003,2025-07-20 20:10:00,2025-07-20 20:16:00,2025-07-20 21:13:00,Resolved,Moderate,6,63,N,N,Mobile Radio,ticket hall,manual log entry from station desk,N
INC000729,20250720,ST001,IT006,2025-07-20 15:58:00,2025-07-20 16:27:00,2025-07-21 18:56:00,Resolved,Moderate,29,1618,Y,Y,Supervisor Walkthrough,customer help point,reported by service controller,Y
INC000730,20250720,ST006,IT002,2025-07-20 10:52:00,2025-07-20 10:59:00,2025-07-20 11:12:00,Resolved,Major,7,20,Y,N,Station Desk,bus interchange,temporary signage installed,N
INC000731,20250720,ST004,IT007,2025-07-20 06:41:00,2025-07-20 06:57:00,2025-07-20 07:24:00,Resolved,Major,16,43,Y,N,Mobile Radio,platform stairs,repeat complaint from morning peak,N
INC000732,20250720,ST015,IT007,2025-07-20 14:53:00,2025-07-20 15:06:00,2025-07-20 19:05:00,Resolved,Major,13,252,N,Y,Supervisor Walkthrough,ticket hall,seen in previous two weeks,N
INC000733,20250721,ST002,IT001,2025-07-21 21:48:00,2025-07-21 22:06:00,2025-07-22 22:02:00,Resolved,Moderate,18,1454,Y,Y,Station Desk,lift lobby,requires facilities follow-up,N
INC000734,20250721,ST003,IT010,2025-07-21 05:32:00,2025-07-21 06:02:00,2025-07-21 05:52:00,Resolved,Major,30,20,N,N,Mobile Radio,northbound platform,linked to crowd control plan,N
INC000735,20250721,ST010,IT006,2025-07-21 12:03:00,2025-07-21 12:35:00,2025-07-21 20:56:00,Resolved,Moderate,32,533,Y,N,Mobile Radio,lift lobby,passenger assistance team notified,N
INC000736,20250721,ST008,IT007,2025-07-21 12:41:00,2025-07-21 12:52:00,2025-07-21 21:59:00,Resolved,Major,11,558,N,Y,Passenger Help Point,ticket hall,seen in previous two weeks,N
INC000737,20250722,ST003,IT005,2025-07-22 12:08:00,2025-07-22 13:20:00,2025-07-23 05:32:00,Resolved,Minor,72,1044,Y,N,Control Room,staffed gate line,repeat complaint from morning peak,Y
INC000738,20250722,ST004,IT009,2025-07-22 17:13:00,2025-07-22 17:51:00,2025-07-23 20:32:00,Resolved,Major,38,1639,Y,Y,Station Desk,bus interchange,temporary signage installed,N
INC000739,20250722,ST003,IT010,2025-07-22 06:33:00,2025-07-22 07:32:00,2025-07-24 07:09:00,Resolved,Moderate,59,2916,Y,Y,Mobile Radio,bus interchange,manual log entry from station desk,N
INC000740,20250722,ST007,IT002,2025-07-22 06:14:00,2025-07-22 06:17:00,2025-07-22 08:14:00,Resolved,Critical,3,120,N,N,Station Desk,northbound platform,reported by service controller,N
INC000741,20250722,ST008,IT003,2025-07-22 12:45:00,2025-07-22 12:56:00,2025-07-23 16:15:00,Resolved,Moderate,11,1650,Y,Y,Control Room,customer help point,requires facilities follow-up,N
INC000742,20250723,ST004,IT010,2025-07-23 16:42:00,2025-07-23 17:03:00,2025-07-23 17:02:00,Resolved,Moderate,21,20,N,N,Passenger Help Point,lift lobby,reported by service controller,N
INC000743,20250724,ST008,IT005,2025-07-24 07:42:00,2025-07-24 08:33:00,2025-07-25 18:28:00,Resolved,Major,51,2086,Y,Y,Mobile Radio,lift lobby,seen in previous two weeks,N
INC000744,20250724,ST009,IT001,2025-07-24 06:40:00,2025-07-24 06:45:00,2025-07-24 10:00:00,Resolved,Minor,5,200,N,N,Passenger Help Point,northbound platform,requires facilities follow-up,N
INC000745,20250724,ST013,IT010,2025-07-24 19:12:00,2025-07-24 19:54:00,2025-07-24 19:32:00,Resolved,Moderate,42,20,N,N,Control Room,northbound platform,requires facilities follow-up,N
INC000746,20250725,ST006,IT003,2025-07-25 12:37:00,2025-07-25 12:51:00,2025-07-25 21:26:00,Resolved,Minor,14,529,Y,Y,Station Desk,northbound platform,seen in previous two weeks,N
INC000747,20250725,ST014,IT010,2025-07-25 05:02:00,2025-07-25 05:35:00,2025-07-26 20:18:00,Resolved,Moderate,33,2356,N,Y,Mobile Radio,main concourse,requires facilities follow-up,N
INC000748,20250725,ST007,IT001,2025-07-25 23:17:00,2025-07-25 23:26:00,,Open,Moderate,9,,N,N,Passenger Help Point,staffed gate line,reported by service controller,N
INC000749,20250725,ST001,IT009,2025-07-25 22:24:00,2025-07-25 23:21:00,2025-07-26 17:06:00,Resolved,Moderate,57,1122,Y,Y,Passenger Help Point,customer help point,requires facilities follow-up,Y
INC000750,20250726,ST004,IT007,2025-07-26 21:58:00,2025-07-26 22:19:00,2025-07-27 04:43:00,Resolved,Major,21,405,Y,Y,Control Room,platform stairs,reported by service controller,N
INC000751,20250726,ST007,IT007,2025-07-26 16:12:00,2025-07-26 16:34:00,2025-07-26 16:32:00,Resolved,Critical,22,20,Y,N,Station Desk,customer help point,temporary signage installed,N
INC000752,20250727,ST006,IT010,2025-07-27 07:15:00,2025-07-27 09:10:00,2025-07-28 15:05:00,Resolved,Moderate,115,1910,Y,Y,Passenger Help Point,customer help point,linked to crowd control plan,N
INC000753,20250728,ST003,IT005,2025-07-28 15:06:00,2025-07-28 15:51:00,,Escalated,Minor,45,,Y,N,Station Desk,ticket hall,repeat complaint from morning peak,N
INC000754,20250728,ST011,IT010,2025-07-28 15:24:00,2025-07-28 16:52:00,2025-07-28 23:59:00,Resolved,Critical,88,515,Y,N,Mobile Radio,bus interchange,repeat complaint from morning peak,N
INC000755,20250728,ST003,IT002,2025-07-28 05:19:00,2025-07-28 05:20:00,2025-07-28 08:19:00,Resolved,Major,1,180,N,Y,Supervisor Walkthrough,platform stairs,reported by service controller,N
INC000756,20250729,ST007,IT001,2025-07-29 06:14:00,2025-07-29 06:23:00,2025-07-29 06:34:00,Resolved,Minor,9,20,N,N,Control Room,main concourse,repeat complaint from morning peak,N
INC000757,20250729,ST008,IT006,2025-07-29 20:29:00,2025-07-29 20:49:00,2025-07-30 23:48:00,Resolved,Moderate,20,1639,N,Y,Control Room,ticket hall,seen in previous two weeks,N
INC000758,20250729,ST013,IT003,2025-07-29 22:07:00,2025-07-29 22:15:00,2025-07-30 04:35:00,Resolved,Major,8,388,N,Y,Supervisor Walkthrough,lift lobby,requires facilities follow-up,Y
INC000759,20250730,ST009,IT005,2025-07-30 13:33:00,2025-07-30 14:03:00,2025-07-31 03:36:00,Resolved,Moderate,30,843,N,N,Supervisor Walkthrough,staffed gate line,repeat complaint from morning peak,N
INC000760,20250730,ST010,IT002,2025-07-30 17:31:00,2025-07-30 17:34:00,2025-07-30 17:51:00,Resolved,Major,3,20,N,N,Supervisor Walkthrough,northbound platform,linked to crowd control plan,N
INC000761,20250730,ST002,IT011,2025-07-30 23:30:00,2025-07-30 23:47:00,2025-07-31 11:12:00,Resolved,Major,17,702,N,Y,Passenger Help Point,main concourse,repeat complaint from morning peak,N
INC000762,20250730,ST009,IT007,2025-07-30 19:03:00,2025-07-30 19:11:00,2025-07-30 21:13:00,Resolved,Moderate,8,130,N,N,Supervisor Walkthrough,ticket hall,seen in previous two weeks,N
INC000763,20250731,ST009,IT007,2025-07-31 07:35:00,2025-07-31 07:36:00,,Open,Minor,1,,N,N,Station Desk,northbound platform,manual log entry from station desk,N
INC000764,20250731,ST001,IT007,2025-07-31 06:25:00,2025-07-31 06:33:00,,In Progress,Moderate,8,,N,N,Mobile Radio,lift lobby,requires facilities follow-up,Y
INC000765,20250731,ST007,IT009,2025-07-31 05:04:00,2025-07-31 05:22:00,2025-07-31 21:30:00,Resolved,Major,18,986,N,Y,Passenger Help Point,staffed gate line,seen in previous two weeks,N
INC000766,20250731,ST010,IT003,2025-07-31 06:36:00,2025-07-31 06:42:00,,Open,Critical,6,,N,N,Mobile Radio,customer help point,passenger assistance team notified,Y
INC000767,20250801,ST008,IT007,2025-08-01 08:08:00,2025-08-01 08:15:00,,Open,Moderate,7,,N,N,Station Desk,northbound platform,passenger assistance team notified,N
INC000768,20250801,ST007,IT009,2025-08-01 15:25:00,2025-08-01 15:30:00,2025-08-02 04:01:00,Resolved,Moderate,5,756,N,Y,Control Room,northbound platform,requires facilities follow-up,N
INC000769,20250801,ST001,IT007,2025-08-01 10:04:00,2025-08-01 10:20:00,2025-08-01 11:44:00,Resolved,Minor,16,100,Y,N,Control Room,main concourse,linked to crowd control plan,Y
INC000770,20250801,ST011,IT006,2025-08-01 15:09:00,2025-08-01 15:19:00,2025-08-02 07:29:00,Resolved,Critical,10,980,N,N,Passenger Help Point,lift lobby,linked to crowd control plan,N
INC000771,20250802,ST002,IT007,2025-08-02 09:06:00,2025-08-02 09:21:00,2025-08-02 09:26:00,Resolved,Major,15,20,N,N,Station Desk,main concourse,manual log entry from station desk,N
INC000772,20250803,ST015,IT001,2025-08-03 09:16:00,2025-08-03 09:27:00,2025-08-03 13:52:00,Resolved,Moderate,11,276,N,Y,Station Desk,customer help point,requires facilities follow-up,N
INC000773,20250803,ST013,IT003,2025-08-03 18:06:00,2025-08-03 18:18:00,2025-08-04 00:25:00,Resolved,Moderate,12,379,Y,Y,Passenger Help Point,staffed gate line,reported by service controller,N
INC000774,20250804,ST001,IT003,2025-08-04 09:45:00,2025-08-04 11:17:00,2025-08-04 10:38:00,Resolved,Critical,92,53,Y,N,Control Room,main concourse,repeat complaint from morning peak,N
INC000775,20250804,ST001,IT007,2025-08-04 05:23:00,2025-08-04 05:30:00,2025-08-04 08:04:00,Resolved,Moderate,7,161,N,N,Passenger Help Point,platform stairs,repeat complaint from morning peak,N
INC000776,20250804,ST014,IT010,2025-08-04 22:08:00,2025-08-04 22:58:00,2025-08-06 03:56:00,Resolved,Minor,50,1788,Y,Y,Station Desk,ticket hall,reported by service controller,N
INC000777,20250805,ST003,IT002,2025-08-05 09:15:00,2025-08-05 09:24:00,2025-08-05 09:35:00,Resolved,Critical,9,20,Y,N,Control Room,main concourse,passenger assistance team notified,N
INC000778,20250805,ST008,IT010,2025-08-05 18:28:00,2025-08-05 18:48:00,2025-08-06 14:23:00,Resolved,Moderate,20,1195,N,N,Supervisor Walkthrough,main concourse,seen in previous two weeks,N
INC000779,20250805,ST001,IT007,2025-08-05 19:13:00,2025-08-05 19:34:00,2025-08-05 20:40:00,Resolved,Major,21,87,Y,N,Control Room,northbound platform,seen in previous two weeks,N
INC000780,20250805,ST003,IT003,2025-08-05 23:29:00,2025-08-05 23:30:00,2025-08-06 03:33:00,Resolved,Major,1,244,N,N,Passenger Help Point,customer help point,seen in previous two weeks,N
INC000781,20250805,ST015,IT002,2025-08-05 10:32:00,2025-08-05 10:34:00,2025-08-05 12:01:00,Resolved,Critical,2,89,N,N,Passenger Help Point,bus interchange,requires facilities follow-up,N
INC000782,20250805,ST002,IT005,2025-08-05 14:57:00,2025-08-05 15:08:00,2025-08-06 03:01:00,Resolved,Moderate,11,724,N,N,Supervisor Walkthrough,platform stairs,repeat complaint from morning peak,N
INC000783,20250805,ST010,IT009,2025-08-05 21:19:00,2025-08-05 21:55:00,2025-08-07 04:08:00,Resolved,Moderate,36,1849,Y,Y,Passenger Help Point,ticket hall,seen in previous two weeks,N
INC000784,20250805,ST013,IT003,2025-08-05 05:00:00,2025-08-05 05:13:00,2025-08-05 10:12:00,Resolved,Moderate,13,312,Y,N,Passenger Help Point,main concourse,seen in previous two weeks,N
INC000785,20250805,ST011,IT001,2025-08-05 18:53:00,2025-08-05 19:08:00,2025-08-06 19:25:00,Resolved,Minor,15,1472,Y,Y,Mobile Radio,staffed gate line,temporary signage installed,N
INC000786,20250806,ST001,IT003,2025-08-06 12:01:00,2025-08-06 12:11:00,,Open,Moderate,10,,N,N,Mobile Radio,platform stairs,seen in previous two weeks,Y
INC000787,20250806,ST003,IT012,2025-08-06 15:45:00,2025-08-06 16:04:00,2025-08-06 19:21:00,Resolved,Moderate,19,216,Y,N,Control Room,bus interchange,requires facilities follow-up,N
INC000788,20250806,ST002,IT009,2025-08-06 22:46:00,2025-08-06 23:29:00,2025-08-07 01:02:00,Resolved,Critical,43,136,Y,N,Supervisor Walkthrough,ticket hall,passenger assistance team notified,N
INC000789,20250807,ST002,IT001,2025-08-07 18:35:00,2025-08-07 18:47:00,2025-08-07 21:14:00,Resolved,Critical,12,159,N,N,Passenger Help Point,lift lobby,repeat complaint from morning peak,N
INC000790,20250807,ST007,IT001,2025-08-07 16:48:00,2025-08-07 16:54:00,2025-08-07 22:14:00,Resolved,Critical,6,326,N,Y,Supervisor Walkthrough,bus interchange,repeat complaint from morning peak,N
INC000791,20250807,ST009,IT001,2025-08-07 12:40:00,2025-08-07 12:46:00,2025-08-07 15:29:00,Resolved,Major,6,169,N,N,Mobile Radio,ticket hall,reported by service controller,N
INC000792,20250808,ST006,IT005,2025-08-08 06:12:00,2025-08-08 07:14:00,2025-08-09 12:10:00,Resolved,Major,62,1798,Y,Y,Station Desk,main concourse,seen in previous two weeks,Y
INC000793,20250808,ST010,IT010,2025-08-08 13:28:00,2025-08-08 14:06:00,2025-08-10 14:58:00,Resolved,Major,38,2970,N,Y,Mobile Radio,bus interchange,manual log entry from station desk,N
INC000794,20250808,ST010,IT011,2025-08-08 20:07:00,2025-08-08 20:26:00,2025-08-09 23:42:00,Resolved,Major,19,1655,N,Y,Passenger Help Point,northbound platform,seen in previous two weeks,N
INC000795,20250808,ST006,IT002,2025-08-08 06:36:00,2025-08-08 06:43:00,,Open,Critical,7,,Y,N,Control Room,bus interchange,passenger assistance team notified,N
INC000796,20250808,ST006,IT012,2025-08-08 15:30:00,2025-08-08 15:37:00,,Open,Critical,7,,N,N,Mobile Radio,staffed gate line,temporary signage installed,N
INC000797,20250808,ST001,IT003,2025-08-08 15:35:00,2025-08-08 15:39:00,2025-08-09 14:57:00,Resolved,Major,4,1402,N,Y,Mobile Radio,staffed gate line,requires facilities follow-up,N
INC000798,20250808,ST008,IT003,2025-08-08 20:16:00,2025-08-08 20:26:00,,Escalated,Moderate,10,,N,N,Supervisor Walkthrough,bus interchange,linked to crowd control plan,N
INC000799,20250808,ST007,IT009,2025-08-08 11:37:00,2025-08-08 12:12:00,2025-08-09 05:07:00,Resolved,Major,35,1050,Y,Y,Control Room,main concourse,temporary signage installed,N
INC000800,20250809,ST010,IT005,2025-08-09 22:13:00,2025-08-09 22:28:00,2025-08-10 16:03:00,Resolved,Moderate,15,1070,N,N,Control Room,bus interchange,manual log entry from station desk,N
INC000801,20250810,ST006,IT001,2025-08-10 05:48:00,2025-08-10 06:03:00,2025-08-10 10:50:00,Resolved,Moderate,15,302,Y,Y,Passenger Help Point,platform stairs,manual log entry from station desk,Y
INC000802,20250810,ST006,IT002,2025-08-10 12:37:00,2025-08-10 12:58:00,2025-08-10 21:39:00,Resolved,Critical,21,542,Y,Y,Station Desk,ticket hall,requires facilities follow-up,N
INC000803,20250811,ST001,IT006,2025-08-11 16:32:00,2025-08-11 16:51:00,2025-08-11 22:47:00,Resolved,Major,19,375,N,N,Control Room,bus interchange,linked to crowd control plan,N
INC000804,20250811,ST007,IT008,2025-08-11 19:50:00,2025-08-11 19:51:00,2025-08-11 21:25:00,Resolved,Moderate,1,95,N,N,Passenger Help Point,northbound platform,manual log entry from station desk,N
INC000805,20250811,ST001,IT007,2025-08-11 22:32:00,2025-08-11 22:44:00,2025-08-11 22:52:00,Resolved,Major,12,20,N,N,Control Room,main concourse,manual log entry from station desk,N
INC000806,20250812,ST005,IT005,2025-08-12 22:40:00,2025-08-12 23:23:00,2025-08-13 04:23:00,Resolved,Moderate,43,343,Y,N,Supervisor Walkthrough,lift lobby,requires facilities follow-up,Y
INC000807,20250813,ST016,IT009,2025-08-13 05:44:00,2025-08-13 06:40:00,2025-08-14 23:11:00,Resolved,Moderate,56,2487,Y,Y,Control Room,main concourse,requires facilities follow-up,N
INC000808,20250813,ST013,IT004,2025-08-13 10:59:00,2025-08-13 11:04:00,2025-08-13 11:46:00,Resolved,Critical,5,47,N,N,Supervisor Walkthrough,lift lobby,repeat complaint from morning peak,N
INC000809,20250813,ST003,IT009,2025-08-13 07:41:00,2025-08-13 08:01:00,2025-08-14 04:45:00,Resolved,Moderate,20,1264,N,Y,Supervisor Walkthrough,main concourse,passenger assistance team notified,N
INC000810,20250813,ST002,IT005,2025-08-13 22:59:00,2025-08-13 23:32:00,,Escalated,Critical,33,,Y,N,Passenger Help Point,staffed gate line,seen in previous two weeks,Y
INC000811,20250813,ST002,IT006,2025-08-13 09:19:00,2025-08-13 09:49:00,2025-08-14 15:08:00,Resolved,Moderate,30,1789,Y,Y,Control Room,platform stairs,temporary signage installed,N
INC000812,20250813,ST001,IT006,2025-08-13 07:44:00,2025-08-13 08:21:00,2025-08-14 17:18:00,Resolved,Moderate,37,2014,Y,Y,Passenger Help Point,lift lobby,passenger assistance team notified,Y
INC000813,20250813,ST015,IT009,2025-08-13 22:51:00,2025-08-13 22:52:00,2025-08-14 05:43:00,Resolved,Minor,1,412,N,N,Passenger Help Point,northbound platform,reported by service controller,N
INC000814,20250813,ST003,IT010,2025-08-13 22:54:00,2025-08-13 23:23:00,2025-08-14 12:48:00,Resolved,Moderate,29,834,N,N,Control Room,ticket hall,reported by service controller,N
INC000815,20250814,ST001,IT011,2025-08-14 20:23:00,2025-08-14 20:50:00,2025-08-14 20:43:00,Resolved,Moderate,27,20,Y,N,Station Desk,northbound platform,passenger assistance team notified,Y
INC000816,20250814,ST007,IT001,2025-08-14 16:52:00,2025-08-14 17:34:00,2025-08-15 04:36:00,Resolved,Major,42,704,Y,Y,Station Desk,lift lobby,passenger assistance team notified,N
INC000817,20250814,ST010,IT007,2025-08-14 17:57:00,2025-08-14 18:18:00,,In Progress,Critical,21,,Y,N,Supervisor Walkthrough,bus interchange,seen in previous two weeks,N
INC000818,20250815,ST002,IT008,2025-08-15 07:24:00,2025-08-15 07:41:00,2025-08-15 10:04:00,Resolved,Moderate,17,160,Y,N,Supervisor Walkthrough,customer help point,passenger assistance team notified,N
INC000819,20250816,ST008,IT007,2025-08-16 14:30:00,2025-08-16 14:48:00,,Open,Minor,18,,Y,N,Supervisor Walkthrough,main concourse,manual log entry from station desk,Y
INC000820,20250817,ST004,IT011,2025-08-17 09:36:00,2025-08-17 09:54:00,2025-08-18 08:25:00,Resolved,Moderate,18,1369,N,Y,Station Desk,platform stairs,reported by service controller,N
INC000821,20250817,ST010,IT005,2025-08-17 09:40:00,2025-08-17 10:28:00,2025-08-19 03:57:00,Resolved,Moderate,48,2537,Y,Y,Passenger Help Point,lift lobby,seen in previous two weeks,N
INC000822,20250818,ST003,IT010,2025-08-18 15:55:00,2025-08-18 17:09:00,2025-08-19 20:51:00,Resolved,Major,74,1736,Y,Y,Mobile Radio,main concourse,requires facilities follow-up,N
INC000823,20250818,ST001,IT003,2025-08-18 13:16:00,2025-08-18 13:25:00,2025-08-18 19:31:00,Resolved,Moderate,9,375,N,Y,Supervisor Walkthrough,northbound platform,reported by service controller,N
INC000824,20250818,ST008,IT010,2025-08-18 18:02:00,2025-08-18 19:06:00,2025-08-21 02:49:00,Resolved,Minor,64,3407,Y,Y,Passenger Help Point,ticket hall,reported by service controller,N
INC000825,20250818,ST007,IT010,2025-08-18 13:06:00,2025-08-18 14:47:00,,Open,Major,101,,Y,N,Control Room,bus interchange,temporary signage installed,N
INC000826,20250818,ST014,IT006,2025-08-18 17:10:00,2025-08-18 17:38:00,2025-08-19 12:40:00,Resolved,Moderate,28,1170,Y,Y,Control Room,northbound platform,repeat complaint from morning peak,N
INC000827,20250819,ST006,IT007,2025-08-19 12:05:00,2025-08-19 12:17:00,2025-08-19 14:06:00,Resolved,Moderate,12,121,N,N,Station Desk,customer help point,manual log entry from station desk,N
INC000828,20250819,ST009,IT012,2025-08-19 06:15:00,2025-08-19 06:31:00,2025-08-19 20:29:00,Resolved,Major,16,854,Y,Y,Station Desk,main concourse,temporary signage installed,N
INC000829,20250819,ST013,IT009,2025-08-19 17:49:00,2025-08-19 18:26:00,2025-08-20 02:11:00,Resolved,Critical,37,502,Y,N,Control Room,northbound platform,manual log entry from station desk,N
INC000830,20250819,ST014,IT001,2025-08-19 21:47:00,2025-08-19 21:52:00,2025-08-21 00:35:00,Resolved,Moderate,5,1608,N,Y,Passenger Help Point,staffed gate line,repeat complaint from morning peak,Y
INC000831,20250819,ST003,IT011,2025-08-19 22:07:00,2025-08-19 23:44:00,2025-08-20 05:13:00,Resolved,Major,97,426,Y,N,Control Room,bus interchange,linked to crowd control plan,Y
INC000832,20250820,ST005,IT001,2025-08-20 07:58:00,2025-08-20 08:04:00,2025-08-20 08:38:00,Resolved,Moderate,6,40,N,N,Control Room,northbound platform,manual log entry from station desk,N
INC000833,20250820,ST012,IT005,2025-08-20 15:08:00,2025-08-20 15:38:00,,Escalated,Moderate,30,,N,N,Supervisor Walkthrough,lift lobby,linked to crowd control plan,N
INC000834,20250820,ST006,IT005,2025-08-20 16:35:00,2025-08-20 16:36:00,,Escalated,Minor,1,,N,N,Station Desk,northbound platform,linked to crowd control plan,N
INC000835,20250820,ST002,IT007,2025-08-20 12:53:00,2025-08-20 13:01:00,2025-08-20 16:41:00,Resolved,Moderate,8,228,N,Y,Supervisor Walkthrough,main concourse,linked to crowd control plan,N
INC000836,20250820,ST004,IT002,2025-08-20 19:48:00,2025-08-20 19:56:00,2025-08-20 20:08:00,Resolved,Critical,8,20,Y,N,Passenger Help Point,northbound platform,seen in previous two weeks,N
INC000837,20250820,ST015,IT011,2025-08-20 23:41:00,2025-08-20 23:51:00,2025-08-22 02:06:00,Resolved,Moderate,10,1585,N,Y,Passenger Help Point,bus interchange,reported by service controller,N
INC000838,20250820,ST010,IT010,2025-08-20 21:04:00,2025-08-20 21:32:00,,Escalated,Minor,28,,N,N,Mobile Radio,staffed gate line,reported by service controller,Y
INC000839,20250820,ST013,IT006,2025-08-20 08:43:00,2025-08-20 09:35:00,2025-08-21 12:50:00,Resolved,Minor,52,1687,Y,Y,Supervisor Walkthrough,main concourse,passenger assistance team notified,N
INC000840,20250821,ST003,IT005,2025-08-21 18:10:00,2025-08-21 18:52:00,2025-08-24 05:20:00,Resolved,Moderate,42,3550,Y,Y,Supervisor Walkthrough,bus interchange,passenger assistance team notified,N
INC000841,20250821,ST009,IT011,2025-08-21 15:22:00,2025-08-21 15:35:00,,Escalated,Moderate,13,,N,N,Station Desk,ticket hall,linked to crowd control plan,N
INC000842,20250821,ST006,IT001,2025-08-21 23:56:00,2025-08-22 00:34:00,2025-08-22 01:32:00,Resolved,Moderate,38,96,Y,N,Passenger Help Point,bus interchange,seen in previous two weeks,N
INC000843,20250822,ST002,IT008,2025-08-22 09:57:00,2025-08-22 10:02:00,2025-08-22 13:43:00,Resolved,Minor,5,226,N,N,Supervisor Walkthrough,platform stairs,seen in previous two weeks,N
INC000844,20250822,ST002,IT007,2025-08-22 22:29:00,2025-08-22 22:30:00,2025-08-23 04:41:00,Resolved,Moderate,1,372,N,Y,Station Desk,northbound platform,manual log entry from station desk,N
INC000845,20250822,ST006,IT007,2025-08-22 09:28:00,2025-08-22 09:45:00,2025-08-23 03:14:00,Resolved,Major,17,1066,Y,Y,Passenger Help Point,lift lobby,seen in previous two weeks,N
INC000846,20250823,ST015,IT012,2025-08-23 14:43:00,2025-08-23 14:55:00,2025-08-24 10:24:00,Resolved,Moderate,12,1181,N,Y,Mobile Radio,main concourse,repeat complaint from morning peak,N
INC000847,20250823,ST001,IT003,2025-08-23 18:57:00,2025-08-23 19:09:00,2025-08-23 19:17:00,Resolved,Critical,12,20,Y,N,Supervisor Walkthrough,bus interchange,repeat complaint from morning peak,N
INC000848,20250824,ST002,IT011,2025-08-24 20:54:00,2025-08-24 20:55:00,2025-08-25 06:56:00,Resolved,Moderate,1,602,N,Y,Control Room,staffed gate line,seen in previous two weeks,Y
INC000849,20250824,ST009,IT005,2025-08-24 08:57:00,2025-08-24 09:53:00,,In Progress,Moderate,56,,Y,N,Mobile Radio,northbound platform,passenger assistance team notified,N
INC000850,20250825,ST006,IT007,2025-08-25 17:52:00,2025-08-25 17:57:00,2025-08-25 20:31:00,Resolved,Minor,5,159,N,N,Mobile Radio,customer help point,reported by service controller,N
INC000851,20250826,ST005,IT006,2025-08-26 08:25:00,2025-08-26 08:54:00,2025-08-26 22:17:00,Resolved,Major,29,832,Y,N,Mobile Radio,platform stairs,passenger assistance team notified,N
INC000852,20250827,ST001,IT006,2025-08-27 15:39:00,2025-08-27 15:57:00,,Open,Moderate,18,,N,N,Passenger Help Point,platform stairs,temporary signage installed,N
INC000853,20250827,ST001,IT010,2025-08-27 17:16:00,2025-08-27 18:03:00,2025-08-28 10:08:00,Resolved,Moderate,47,1012,Y,N,Passenger Help Point,staffed gate line,manual log entry from station desk,N
INC000854,20250827,ST001,IT004,2025-08-27 09:07:00,2025-08-27 09:10:00,2025-08-27 12:48:00,Resolved,Moderate,3,221,N,Y,Control Room,staffed gate line,temporary signage installed,Y
INC000855,20250828,ST015,IT009,2025-08-28 18:24:00,2025-08-28 19:17:00,2025-08-29 19:57:00,Resolved,Moderate,53,1533,Y,Y,Mobile Radio,lift lobby,repeat complaint from morning peak,N
INC000856,20250828,ST001,IT007,2025-08-28 06:23:00,2025-08-28 07:14:00,2025-08-28 10:07:00,Resolved,Critical,51,224,Y,Y,Control Room,main concourse,passenger assistance team notified,N
INC000857,20250828,ST006,IT012,2025-08-28 16:18:00,2025-08-28 16:44:00,2025-08-29 06:00:00,Resolved,Major,26,822,Y,Y,Station Desk,platform stairs,passenger assistance team notified,N
INC000858,20250828,ST001,IT007,2025-08-28 11:08:00,2025-08-28 11:21:00,2025-08-28 14:30:00,Resolved,Major,13,202,N,Y,Mobile Radio,staffed gate line,repeat complaint from morning peak,N
INC000859,20250828,ST010,IT001,2025-08-28 23:34:00,2025-08-29 00:30:00,2025-08-29 03:19:00,Resolved,Moderate,56,225,Y,N,Control Room,northbound platform,passenger assistance team notified,N
INC000860,20250828,ST002,IT012,2025-08-28 22:53:00,2025-08-29 00:17:00,2025-08-29 08:46:00,Resolved,Moderate,84,593,Y,N,Control Room,northbound platform,temporary signage installed,Y
INC000861,20250828,ST007,IT011,2025-08-28 08:52:00,2025-08-28 09:01:00,2025-08-28 15:23:00,Resolved,Moderate,9,391,N,N,Passenger Help Point,platform stairs,linked to crowd control plan,N
INC000862,20250828,ST001,IT007,2025-08-28 23:48:00,2025-08-29 00:00:00,2025-08-29 17:05:00,Resolved,Major,12,1037,N,Y,Passenger Help Point,platform stairs,seen in previous two weeks,N
INC000863,20250829,ST015,IT002,2025-08-29 07:32:00,2025-08-29 08:03:00,2025-08-29 07:52:00,Resolved,Major,31,20,Y,N,Control Room,ticket hall,passenger assistance team notified,N
INC000864,20250829,ST001,IT006,2025-08-29 15:15:00,2025-08-29 15:20:00,2025-08-30 13:07:00,Resolved,Moderate,5,1312,N,Y,Supervisor Walkthrough,bus interchange,repeat complaint from morning peak,Y
INC000865,20250829,ST003,IT011,2025-08-29 18:33:00,2025-08-29 18:47:00,2025-08-30 11:15:00,Resolved,Minor,14,1002,N,Y,Station Desk,platform stairs,requires facilities follow-up,N
INC000866,20250830,ST001,IT001,2025-08-30 05:43:00,2025-08-30 05:54:00,2025-08-30 09:31:00,Resolved,Minor,11,228,N,N,Mobile Radio,staffed gate line,manual log entry from station desk,Y
INC000867,20250831,ST009,IT006,2025-08-31 21:28:00,2025-08-31 22:11:00,2025-09-01 17:53:00,Resolved,Moderate,43,1225,Y,Y,Station Desk,bus interchange,requires facilities follow-up,N
INC000868,20250831,ST006,IT010,2025-08-31 19:31:00,2025-08-31 19:32:00,2025-08-31 21:51:00,Resolved,Major,1,140,N,N,Passenger Help Point,ticket hall,repeat complaint from morning peak,N
INC000869,20250901,ST001,IT006,2025-09-01 15:46:00,2025-09-01 16:16:00,2025-09-02 23:52:00,Resolved,Moderate,30,1926,Y,Y,Control Room,bus interchange,manual log entry from station desk,N
INC000870,20250901,ST002,IT002,2025-09-01 13:46:00,2025-09-01 13:50:00,2025-09-01 14:27:00,Resolved,Minor,4,41,N,N,Station Desk,lift lobby,manual log entry from station desk,N
INC000871,20250901,ST006,IT002,2025-09-01 10:16:00,2025-09-01 10:18:00,,In Progress,Critical,2,,N,N,Mobile Radio,customer help point,linked to crowd control plan,N
INC000872,20250901,ST015,IT007,2025-09-01 07:29:00,2025-09-01 07:30:00,2025-09-01 10:17:00,Resolved,Moderate,1,168,N,N,Mobile Radio,bus interchange,requires facilities follow-up,Y
INC000873,20250902,ST001,IT008,2025-09-02 18:00:00,2025-09-02 18:11:00,2025-09-03 02:53:00,Resolved,Major,11,533,N,Y,Passenger Help Point,ticket hall,seen in previous two weeks,N
INC000874,20250902,ST003,IT005,2025-09-02 16:57:00,2025-09-02 17:30:00,2025-09-03 12:29:00,Resolved,Major,33,1172,Y,N,Station Desk,ticket hall,seen in previous two weeks,N
INC000875,20250902,ST009,IT001,2025-09-02 17:20:00,2025-09-02 17:22:00,,Open,Moderate,2,,N,N,Control Room,bus interchange,requires facilities follow-up,N
INC000876,20250903,ST014,IT008,2025-09-03 17:15:00,2025-09-03 17:28:00,2025-09-03 19:21:00,Resolved,Moderate,13,126,Y,N,Supervisor Walkthrough,staffed gate line,seen in previous two weeks,N
INC000877,20250904,ST012,IT003,2025-09-04 06:32:00,2025-09-04 06:43:00,2025-09-04 08:34:00,Resolved,Moderate,11,122,Y,N,Control Room,bus interchange,requires facilities follow-up,N
INC000878,20250904,ST003,IT006,2025-09-04 20:14:00,2025-09-04 20:33:00,2025-09-05 06:04:00,Resolved,Major,19,590,N,N,Station Desk,lift lobby,repeat complaint from morning peak,N
INC000879,20250904,ST013,IT006,2025-09-04 16:14:00,2025-09-04 17:01:00,2025-09-05 20:33:00,Resolved,Minor,47,1699,Y,Y,Station Desk,lift lobby,temporary signage installed,N
INC000880,20250905,ST011,IT005,2025-09-05 23:52:00,2025-09-06 00:09:00,2025-09-06 00:12:00,Resolved,Minor,17,20,N,N,Station Desk,lift lobby,requires facilities follow-up,N
INC000881,20250905,ST001,IT003,2025-09-05 08:16:00,2025-09-05 09:31:00,2025-09-06 10:49:00,Resolved,Major,75,1593,Y,Y,Mobile Radio,ticket hall,manual log entry from station desk,N
INC000882,20250905,ST009,IT012,2025-09-05 15:49:00,2025-09-05 16:05:00,2025-09-05 21:21:00,Resolved,Minor,16,332,Y,N,Control Room,platform stairs,passenger assistance team notified,N
INC000883,20250906,ST015,IT005,2025-09-06 10:53:00,2025-09-06 11:27:00,2025-09-08 11:43:00,Resolved,Minor,34,2930,Y,Y,Station Desk,staffed gate line,repeat complaint from morning peak,N
INC000884,20250906,ST006,IT006,2025-09-06 07:36:00,2025-09-06 08:02:00,2025-09-07 00:48:00,Resolved,Minor,26,1032,Y,N,Supervisor Walkthrough,northbound platform,manual log entry from station desk,N
INC000885,20250907,ST002,IT010,2025-09-07 09:43:00,2025-09-07 10:02:00,2025-09-07 18:47:00,Resolved,Major,19,544,N,N,Supervisor Walkthrough,staffed gate line,seen in previous two weeks,N
INC000886,20250907,ST014,IT003,2025-09-07 17:59:00,2025-09-07 18:14:00,2025-09-07 22:40:00,Resolved,Moderate,15,281,Y,N,Mobile Radio,staffed gate line,temporary signage installed,N
INC000887,20250908,ST007,IT010,2025-09-08 09:03:00,2025-09-08 09:45:00,2025-09-09 07:59:00,Resolved,Moderate,42,1376,N,N,Passenger Help Point,platform stairs,linked to crowd control plan,N
INC000888,20250908,ST006,IT005,2025-09-08 18:40:00,2025-09-08 19:25:00,2025-09-09 20:08:00,Resolved,Minor,45,1528,Y,Y,Station Desk,customer help point,seen in previous two weeks,N
INC000889,20250908,ST001,IT009,2025-09-08 15:37:00,2025-09-08 16:03:00,2025-09-10 01:06:00,Resolved,Moderate,26,2009,Y,Y,Mobile Radio,main concourse,linked to crowd control plan,Y
INC000890,20250908,ST003,IT007,2025-09-08 17:21:00,2025-09-08 17:39:00,2025-09-08 19:43:00,Resolved,Moderate,18,142,Y,N,Supervisor Walkthrough,main concourse,linked to crowd control plan,Y
INC000891,20250908,ST001,IT001,2025-09-08 17:10:00,2025-09-08 17:26:00,,Escalated,Moderate,16,,Y,N,Station Desk,platform stairs,manual log entry from station desk,N
INC000892,20250909,ST001,IT011,2025-09-09 11:30:00,2025-09-09 11:42:00,2025-09-09 20:04:00,Resolved,Critical,12,514,N,Y,Station Desk,lift lobby,passenger assistance team notified,N
INC000893,20250909,ST004,IT011,2025-09-09 23:16:00,2025-09-09 23:30:00,2025-09-09 23:36:00,Resolved,Major,14,20,N,N,Supervisor Walkthrough,lift lobby,repeat complaint from morning peak,N
INC000894,20250909,ST002,IT005,2025-09-09 06:31:00,2025-09-09 07:26:00,2025-09-10 23:52:00,Resolved,Moderate,55,2481,Y,Y,Mobile Radio,staffed gate line,passenger assistance team notified,N
INC000895,20250910,ST006,IT007,2025-09-10 09:49:00,2025-09-10 10:00:00,2025-09-10 13:43:00,Resolved,Minor,11,234,N,Y,Control Room,bus interchange,seen in previous two weeks,N
INC000896,20250910,ST009,IT003,2025-09-10 07:25:00,2025-09-10 07:29:00,2025-09-10 16:54:00,Resolved,Moderate,4,569,N,Y,Passenger Help Point,staffed gate line,repeat complaint from morning peak,N
INC000897,20250910,ST014,IT008,2025-09-10 14:01:00,2025-09-10 14:11:00,2025-09-10 22:15:00,Resolved,Major,10,494,N,Y,Station Desk,main concourse,linked to crowd control plan,N
INC000898,20250910,ST015,IT001,2025-09-10 15:35:00,2025-09-10 15:46:00,2025-09-10 21:15:00,Resolved,Major,11,340,N,Y,Control Room,northbound platform,seen in previous two weeks,N
INC000899,20250911,ST010,IT002,2025-09-11 16:04:00,2025-09-11 16:12:00,2025-09-12 15:38:00,Resolved,Critical,8,1414,Y,Y,Control Room,customer help point,linked to crowd control plan,N
INC000900,20250911,ST003,IT009,2025-09-11 21:53:00,2025-09-11 22:17:00,2025-09-12 21:20:00,Resolved,Major,24,1407,N,Y,Passenger Help Point,bus interchange,seen in previous two weeks,N
INC000901,20250911,ST001,IT006,2025-09-11 21:22:00,2025-09-11 22:04:00,2025-09-12 10:13:00,Resolved,Major,42,771,Y,N,Passenger Help Point,northbound platform,seen in previous two weeks,N
INC000902,20250912,ST013,IT005,2025-09-12 05:23:00,2025-09-12 06:49:00,2025-09-13 12:47:00,Resolved,Minor,86,1884,Y,Y,Mobile Radio,platform stairs,repeat complaint from morning peak,N
INC000903,20250912,ST003,IT010,2025-09-12 13:18:00,2025-09-12 14:16:00,2025-09-13 12:53:00,Resolved,Major,58,1415,Y,N,Passenger Help Point,customer help point,manual log entry from station desk,N
INC000904,20250912,ST001,IT006,2025-09-12 18:05:00,2025-09-12 18:33:00,2025-09-13 21:07:00,Resolved,Moderate,28,1622,Y,Y,Mobile Radio,platform stairs,requires facilities follow-up,N
INC000905,20250912,ST001,IT008,2025-09-12 16:09:00,2025-09-12 16:17:00,2025-09-12 23:27:00,Resolved,Minor,8,438,N,Y,Passenger Help Point,northbound platform,seen in previous two weeks,N
INC000906,20250913,ST002,IT007,2025-09-13 12:49:00,2025-09-13 13:10:00,2025-09-13 14:15:00,Resolved,Moderate,21,86,Y,N,Station Desk,ticket hall,passenger assistance team notified,N
INC000907,20250913,ST004,IT001,2025-09-13 12:12:00,2025-09-13 12:13:00,2025-09-13 13:21:00,Resolved,Moderate,1,69,N,N,Supervisor Walkthrough,staffed gate line,requires facilities follow-up,N
INC000908,20250913,ST012,IT005,2025-09-13 06:03:00,2025-09-13 06:39:00,2025-09-15 10:31:00,Resolved,Moderate,36,3148,Y,Y,Mobile Radio,bus interchange,reported by service controller,N
INC000909,20250913,ST002,IT003,2025-09-13 13:18:00,2025-09-13 13:24:00,2025-09-13 13:38:00,Resolved,Major,6,20,N,N,Station Desk,staffed gate line,seen in previous two weeks,N
INC000910,20250914,ST005,IT003,2025-09-14 05:50:00,2025-09-14 06:00:00,2025-09-15 05:16:00,Resolved,Moderate,10,1406,N,Y,Control Room,lift lobby,manual log entry from station desk,N
INC000911,20250914,ST002,IT003,2025-09-14 11:30:00,2025-09-14 11:39:00,2025-09-15 15:23:00,Resolved,Moderate,9,1673,N,Y,Control Room,staffed gate line,passenger assistance team notified,N
INC000912,20250915,ST016,IT010,2025-09-15 19:13:00,2025-09-15 19:50:00,2025-09-15 23:59:00,Resolved,Moderate,37,286,N,N,Mobile Radio,staffed gate line,repeat complaint from morning peak,N
INC000913,20250915,ST016,IT009,2025-09-15 14:45:00,2025-09-15 15:12:00,2025-09-16 00:25:00,Resolved,Minor,27,580,Y,N,Control Room,staffed gate line,repeat complaint from morning peak,N
INC000914,20250915,ST010,IT003,2025-09-15 21:39:00,2025-09-15 22:42:00,,Open,Moderate,63,,Y,N,Passenger Help Point,bus interchange,linked to crowd control plan,N
INC000915,20250915,ST004,IT006,2025-09-15 05:59:00,2025-09-15 06:05:00,2025-09-15 13:28:00,Resolved,Major,6,449,N,N,Passenger Help Point,lift lobby,reported by service controller,N
INC000916,20250916,ST004,IT003,2025-09-16 17:46:00,2025-09-16 17:55:00,2025-09-16 18:57:00,Resolved,Minor,9,71,N,N,Mobile Radio,platform stairs,linked to crowd control plan,N
INC000917,20250916,ST012,IT007,2025-09-16 18:38:00,2025-09-16 18:55:00,2025-09-16 22:20:00,Resolved,Major,17,222,Y,Y,Control Room,platform stairs,seen in previous two weeks,N
INC000918,20250916,ST002,IT003,2025-09-16 06:47:00,2025-09-16 06:49:00,,In Progress,Moderate,2,,N,N,Passenger Help Point,customer help point,manual log entry from station desk,N
INC000919,20250917,ST004,IT006,2025-09-17 05:36:00,2025-09-17 06:05:00,,In Progress,Moderate,29,,Y,N,Station Desk,northbound platform,temporary signage installed,N
INC000920,20250917,ST008,IT006,2025-09-17 16:05:00,2025-09-17 16:29:00,2025-09-18 10:14:00,Resolved,Moderate,24,1089,Y,Y,Supervisor Walkthrough,bus interchange,requires facilities follow-up,N
INC000921,20250917,ST004,IT003,2025-09-17 14:12:00,2025-09-17 15:06:00,2025-09-18 01:07:00,Resolved,Major,54,655,Y,Y,Supervisor Walkthrough,main concourse,manual log entry from station desk,N
INC000922,20250918,ST002,IT005,2025-09-18 18:30:00,2025-09-18 19:11:00,2025-09-20 01:09:00,Resolved,Critical,41,1839,Y,Y,Control Room,bus interchange,temporary signage installed,Y
INC000923,20250918,ST015,IT006,2025-09-18 17:34:00,2025-09-18 18:08:00,2025-09-18 21:40:00,Resolved,Minor,34,246,Y,N,Supervisor Walkthrough,main concourse,linked to crowd control plan,N
INC000924,20250918,ST002,IT007,2025-09-18 23:17:00,2025-09-19 00:01:00,2025-09-19 01:43:00,Resolved,Moderate,44,146,Y,N,Mobile Radio,main concourse,manual log entry from station desk,N
INC000925,20250918,ST013,IT007,2025-09-18 15:47:00,2025-09-18 16:19:00,2025-09-18 18:39:00,Resolved,Moderate,32,172,Y,N,Station Desk,main concourse,linked to crowd control plan,N
INC000926,20250918,ST012,IT002,2025-09-18 09:29:00,2025-09-18 09:34:00,2025-09-18 10:33:00,Resolved,Critical,5,64,N,N,Control Room,bus interchange,reported by service controller,N
INC000927,20250918,ST008,IT009,2025-09-18 19:28:00,2025-09-18 19:49:00,2025-09-19 01:37:00,Resolved,Major,21,369,N,N,Station Desk,ticket hall,reported by service controller,N
INC000928,20250919,ST004,IT009,2025-09-19 23:35:00,2025-09-19 23:41:00,2025-09-20 20:06:00,Resolved,Moderate,6,1231,N,Y,Supervisor Walkthrough,lift lobby,linked to crowd control plan,N
INC000929,20250919,ST011,IT002,2025-09-19 14:16:00,2025-09-19 14:23:00,,Open,Critical,7,,Y,N,Control Room,lift lobby,seen in previous two weeks,N
INC000930,20250919,ST007,IT001,2025-09-19 22:31:00,2025-09-19 22:43:00,2025-09-20 07:10:00,Resolved,Minor,12,519,N,Y,Passenger Help Point,ticket hall,repeat complaint from morning peak,Y
INC000931,20250919,ST003,IT009,2025-09-19 22:58:00,2025-09-19 23:24:00,2025-09-20 13:01:00,Resolved,Major,26,843,Y,Y,Mobile Radio,northbound platform,passenger assistance team notified,N
INC000932,20250919,ST002,IT011,2025-09-19 16:33:00,2025-09-19 16:44:00,2025-09-19 21:33:00,Resolved,Minor,11,300,N,N,Station Desk,lift lobby,requires facilities follow-up,N
INC000933,20250920,ST005,IT005,2025-09-20 12:29:00,2025-09-20 13:10:00,2025-09-22 07:30:00,Resolved,Major,41,2581,Y,Y,Station Desk,customer help point,linked to crowd control plan,N
INC000934,20250920,ST004,IT002,2025-09-20 09:47:00,2025-09-20 11:10:00,2025-09-20 12:59:00,Resolved,Critical,83,192,Y,Y,Station Desk,ticket hall,passenger assistance team notified,N
INC000935,20250921,ST003,IT007,2025-09-21 20:41:00,2025-09-21 20:54:00,2025-09-21 21:24:00,Resolved,Major,13,43,N,N,Mobile Radio,platform stairs,manual log entry from station desk,N
INC000936,20250921,ST014,IT009,2025-09-21 15:46:00,2025-09-21 16:12:00,2025-09-23 09:24:00,Resolved,Minor,26,2498,Y,Y,Mobile Radio,staffed gate line,reported by service controller,N
INC000937,20250922,ST014,IT009,2025-09-22 11:49:00,2025-09-22 12:16:00,2025-09-22 19:18:00,Resolved,Moderate,27,449,Y,N,Control Room,staffed gate line,linked to crowd control plan,N
INC000938,20250922,ST001,IT010,2025-09-22 17:35:00,2025-09-22 18:15:00,2025-09-24 14:56:00,Resolved,Major,40,2721,N,Y,Supervisor Walkthrough,bus interchange,passenger assistance team notified,Y
INC000939,20250922,ST005,IT009,2025-09-22 20:39:00,2025-09-22 20:57:00,2025-09-23 14:46:00,Resolved,Moderate,18,1087,N,Y,Passenger Help Point,customer help point,repeat complaint from morning peak,N
INC000940,20250922,ST001,IT004,2025-09-22 06:02:00,2025-09-22 06:50:00,2025-09-22 06:22:00,Resolved,Major,48,20,Y,N,Control Room,customer help point,repeat complaint from morning peak,N
INC000941,20250922,ST015,IT006,2025-09-22 16:13:00,2025-09-22 16:29:00,2025-09-24 06:41:00,Resolved,Minor,16,2308,N,Y,Supervisor Walkthrough,platform stairs,manual log entry from station desk,N
INC000942,20250922,ST003,IT005,2025-09-22 12:17:00,2025-09-22 12:33:00,2025-09-23 21:35:00,Resolved,Major,16,1998,N,Y,Station Desk,lift lobby,manual log entry from station desk,N
INC000943,20250922,ST010,IT007,2025-09-22 21:31:00,2025-09-22 21:49:00,,Escalated,Moderate,18,,Y,N,Control Room,northbound platform,seen in previous two weeks,N
INC000944,20250922,ST001,IT003,2025-09-22 09:54:00,2025-09-22 10:05:00,2025-09-22 16:52:00,Resolved,Major,11,418,Y,Y,Passenger Help Point,main concourse,manual log entry from station desk,N
INC000945,20250922,ST004,IT010,2025-09-22 08:56:00,2025-09-22 09:09:00,2025-09-23 10:05:00,Resolved,Minor,13,1509,N,Y,Supervisor Walkthrough,ticket hall,linked to crowd control plan,Y
INC000946,20250923,ST015,IT012,2025-09-23 05:43:00,2025-09-23 06:03:00,2025-09-23 23:21:00,Resolved,Major,20,1058,Y,Y,Passenger Help Point,lift lobby,repeat complaint from morning peak,N
INC000947,20250923,ST002,IT005,2025-09-23 14:58:00,2025-09-23 16:59:00,2025-09-24 02:56:00,Resolved,Moderate,121,718,Y,N,Supervisor Walkthrough,lift lobby,reported by service controller,N
INC000948,20250923,ST008,IT009,2025-09-23 14:08:00,2025-09-23 14:42:00,2025-09-23 20:56:00,Resolved,Moderate,34,408,Y,N,Supervisor Walkthrough,customer help point,linked to crowd control plan,N
INC000949,20250923,ST007,IT010,2025-09-23 11:29:00,2025-09-23 11:56:00,2025-09-25 00:39:00,Resolved,Moderate,27,2230,N,Y,Mobile Radio,ticket hall,requires facilities follow-up,N
INC000950,20250923,ST013,IT009,2025-09-23 10:44:00,2025-09-23 11:09:00,2025-09-23 11:04:00,Resolved,Moderate,25,20,N,N,Mobile Radio,northbound platform,passenger assistance team notified,Y
INC000951,20250924,ST010,IT009,2025-09-24 06:21:00,2025-09-24 06:52:00,2025-09-25 07:08:00,Resolved,Moderate,31,1487,Y,Y,Station Desk,ticket hall,reported by service controller,N
INC000952,20250925,ST010,IT011,2025-09-25 13:49:00,2025-09-25 14:23:00,2025-09-25 23:06:00,Resolved,Major,34,557,Y,Y,Station Desk,northbound platform,requires facilities follow-up,N
INC000953,20250925,ST002,IT010,2025-09-25 11:54:00,2025-09-25 12:48:00,,Open,Major,54,,Y,N,Station Desk,ticket hall,requires facilities follow-up,N
INC000954,20250925,ST003,IT001,2025-09-25 22:09:00,2025-09-25 22:18:00,2025-09-25 23:22:00,Resolved,Critical,9,73,N,N,Control Room,lift lobby,passenger assistance team notified,N
INC000955,20250925,ST007,IT002,2025-09-25 06:30:00,2025-09-25 06:38:00,2025-09-25 07:34:00,Resolved,Critical,8,64,Y,N,Station Desk,northbound platform,seen in previous two weeks,N
INC000956,20250925,ST008,IT007,2025-09-25 14:01:00,2025-09-25 14:03:00,2025-09-25 16:01:00,Resolved,Moderate,2,120,N,N,Mobile Radio,main concourse,reported by service controller,N
INC000957,20250925,ST004,IT010,2025-09-25 13:06:00,2025-09-25 13:30:00,2025-09-25 16:38:00,Resolved,Major,24,212,N,N,Station Desk,lift lobby,seen in previous two weeks,N
INC000958,20250926,ST013,IT007,2025-09-26 17:34:00,2025-09-26 17:41:00,,Open,Major,7,,N,N,Station Desk,staffed gate line,reported by service controller,N
INC000959,20250926,ST010,IT005,2025-09-26 14:58:00,2025-09-26 15:37:00,2025-09-27 20:41:00,Resolved,Moderate,39,1783,Y,Y,Control Room,lift lobby,linked to crowd control plan,N
INC000960,20250926,ST008,IT006,2025-09-26 20:47:00,2025-09-26 21:26:00,2025-09-28 00:08:00,Resolved,Moderate,39,1641,Y,Y,Passenger Help Point,staffed gate line,reported by service controller,N
INC000961,20250927,ST001,IT009,2025-09-27 14:07:00,2025-09-27 14:25:00,,Open,Major,18,,N,N,Supervisor Walkthrough,ticket hall,seen in previous two weeks,N
INC000962,20250927,ST001,IT005,2025-09-27 12:16:00,2025-09-27 13:32:00,2025-09-28 09:37:00,Resolved,Moderate,76,1281,Y,N,Control Room,customer help point,manual log entry from station desk,Y
INC000963,20250928,ST001,IT003,2025-09-28 23:20:00,2025-09-28 23:37:00,2025-09-29 08:22:00,Resolved,Critical,17,542,Y,Y,Station Desk,lift lobby,seen in previous two weeks,N
INC000964,20250928,ST003,IT010,2025-09-28 07:20:00,2025-09-28 07:24:00,2025-09-30 17:19:00,Resolved,Major,4,3479,N,Y,Mobile Radio,lift lobby,reported by service controller,N
INC000965,20250929,ST010,IT008,2025-09-29 21:02:00,2025-09-29 22:12:00,2025-09-30 04:28:00,Resolved,Moderate,70,446,Y,Y,Mobile Radio,platform stairs,reported by service controller,N
INC000966,20250929,ST001,IT012,2025-09-29 11:14:00,2025-09-29 11:33:00,2025-09-29 23:50:00,Resolved,Minor,19,756,Y,Y,Station Desk,northbound platform,reported by service controller,N
INC000967,20250929,ST008,IT006,2025-09-29 21:55:00,2025-09-29 22:11:00,2025-10-01 21:20:00,Resolved,Moderate,16,2845,N,Y,Passenger Help Point,staffed gate line,linked to crowd control plan,N
INC000968,20250929,ST009,IT005,2025-09-29 11:30:00,2025-09-29 12:51:00,2025-10-01 04:09:00,Resolved,Moderate,81,2439,Y,Y,Passenger Help Point,ticket hall,passenger assistance team notified,N
INC000969,20250929,ST001,IT001,2025-09-29 06:48:00,2025-09-29 06:59:00,2025-09-29 08:29:00,Resolved,Major,11,101,N,N,Passenger Help Point,main concourse,temporary signage installed,Y
INC000970,20250930,ST002,IT005,2025-09-30 15:02:00,2025-09-30 15:15:00,2025-10-01 01:49:00,Resolved,Minor,13,647,N,N,Control Room,customer help point,reported by service controller,N
INC000971,20250930,ST014,IT003,2025-09-30 07:35:00,2025-09-30 07:46:00,2025-09-30 15:54:00,Resolved,Moderate,11,499,Y,Y,Control Room,ticket hall,reported by service controller,N
INC000972,20250930,ST007,IT001,2025-09-30 15:30:00,2025-09-30 15:47:00,2025-09-30 20:37:00,Resolved,Major,17,307,Y,Y,Passenger Help Point,northbound platform,repeat complaint from morning peak,Y
INC000973,20250930,ST006,IT008,2025-09-30 13:41:00,2025-09-30 13:53:00,2025-09-30 17:50:00,Resolved,Minor,12,249,N,N,Mobile Radio,bus interchange,manual log entry from station desk,N
INC000974,20251001,ST001,IT003,2025-10-01 19:17:00,2025-10-01 19:20:00,2025-10-01 23:46:00,Resolved,Major,3,269,N,N,Control Room,ticket hall,reported by service controller,Y
INC000975,20251001,ST007,IT007,2025-10-01 13:27:00,2025-10-01 13:46:00,2025-10-01 16:55:00,Resolved,Major,19,208,Y,Y,Station Desk,northbound platform,linked to crowd control plan,N
INC000976,20251001,ST007,IT003,2025-10-01 08:13:00,2025-10-01 08:26:00,,Open,Moderate,13,,Y,N,Control Room,northbound platform,manual log entry from station desk,N
INC000977,20251001,ST002,IT004,2025-10-01 20:51:00,2025-10-01 20:56:00,2025-10-02 00:24:00,Resolved,Critical,5,213,N,Y,Station Desk,customer help point,temporary signage installed,N
INC000978,20251002,ST006,IT009,2025-10-02 14:50:00,2025-10-02 15:24:00,2025-10-03 14:16:00,Resolved,Moderate,34,1406,Y,Y,Passenger Help Point,platform stairs,repeat complaint from morning peak,N
INC000979,20251002,ST015,IT009,2025-10-02 20:46:00,2025-10-02 21:08:00,2025-10-03 04:45:00,Resolved,Moderate,22,479,N,N,Station Desk,platform stairs,passenger assistance team notified,N
INC000980,20251002,ST004,IT009,2025-10-02 05:13:00,2025-10-02 05:42:00,2025-10-02 14:43:00,Resolved,Major,29,570,Y,N,Passenger Help Point,ticket hall,seen in previous two weeks,N
INC000981,20251003,ST009,IT011,2025-10-03 15:13:00,2025-10-03 15:18:00,2025-10-03 19:55:00,Resolved,Moderate,5,282,N,N,Supervisor Walkthrough,northbound platform,passenger assistance team notified,N
INC000982,20251003,ST014,IT009,2025-10-03 11:09:00,2025-10-03 11:27:00,2025-10-04 04:08:00,Resolved,Moderate,18,1019,N,Y,Mobile Radio,main concourse,manual log entry from station desk,N
INC000983,20251003,ST006,IT007,2025-10-03 19:23:00,2025-10-03 19:24:00,2025-10-04 01:10:00,Resolved,Moderate,1,347,N,Y,Mobile Radio,platform stairs,seen in previous two weeks,Y
INC000984,20251003,ST010,IT010,2025-10-03 18:08:00,2025-10-03 19:17:00,,In Progress,Major,69,,Y,N,Passenger Help Point,ticket hall,reported by service controller,N
INC000985,20251003,ST013,IT008,2025-10-03 19:20:00,2025-10-03 19:22:00,2025-10-04 00:33:00,Resolved,Moderate,2,313,N,Y,Mobile Radio,bus interchange,manual log entry from station desk,N
INC000986,20251004,ST003,IT003,2025-10-04 08:22:00,2025-10-04 08:28:00,2025-10-04 10:10:00,Resolved,Moderate,6,108,N,N,Supervisor Walkthrough,northbound platform,passenger assistance team notified,Y
INC000987,20251004,ST010,IT007,2025-10-04 15:02:00,2025-10-04 15:03:00,2025-10-04 15:45:00,Resolved,Moderate,1,43,N,N,Mobile Radio,bus interchange,manual log entry from station desk,N
INC000988,20251004,ST009,IT003,2025-10-04 23:03:00,2025-10-04 23:13:00,,Open,Moderate,10,,N,N,Supervisor Walkthrough,platform stairs,temporary signage installed,N
INC000989,20251005,ST005,IT001,2025-10-05 10:16:00,2025-10-05 10:38:00,2025-10-05 21:37:00,Resolved,Moderate,22,681,Y,Y,Control Room,customer help point,passenger assistance team notified,N
INC000990,20251005,ST008,IT012,2025-10-05 10:32:00,2025-10-05 10:35:00,2025-10-05 22:06:00,Resolved,Minor,3,694,N,Y,Station Desk,main concourse,temporary signage installed,N
INC000991,20251006,ST010,IT004,2025-10-06 10:01:00,2025-10-06 10:05:00,2025-10-06 11:42:00,Resolved,Moderate,4,101,N,N,Station Desk,lift lobby,reported by service controller,Y
INC000992,20251006,ST010,IT007,2025-10-06 23:57:00,2025-10-07 00:06:00,2025-10-07 05:43:00,Resolved,Major,9,346,N,Y,Mobile Radio,bus interchange,temporary signage installed,N
INC000993,20251006,ST008,IT002,2025-10-06 18:17:00,2025-10-06 18:22:00,2025-10-06 18:59:00,Resolved,Critical,5,42,N,N,Passenger Help Point,customer help point,seen in previous two weeks,N
INC000994,20251006,ST015,IT001,2025-10-06 15:35:00,2025-10-06 15:41:00,2025-10-07 00:57:00,Resolved,Moderate,6,562,N,Y,Passenger Help Point,staffed gate line,requires facilities follow-up,N
INC000995,20251006,ST003,IT003,2025-10-06 18:04:00,2025-10-06 18:08:00,2025-10-06 23:26:00,Resolved,Minor,4,322,N,N,Supervisor Walkthrough,staffed gate line,passenger assistance team notified,N
INC000996,20251006,ST003,IT007,2025-10-06 05:03:00,2025-10-06 05:23:00,2025-10-06 05:23:00,Resolved,Major,20,20,Y,N,Supervisor Walkthrough,customer help point,linked to crowd control plan,N
INC000997,20251007,ST001,IT005,2025-10-07 22:04:00,2025-10-07 22:16:00,2025-10-09 16:16:00,Resolved,Minor,12,2532,N,Y,Mobile Radio,customer help point,requires facilities follow-up,N
INC000998,20251007,ST003,IT001,2025-10-07 14:26:00,2025-10-07 14:42:00,2025-10-07 15:57:00,Resolved,Minor,16,91,Y,N,Supervisor Walkthrough,customer help point,requires facilities follow-up,N
INC000999,20251007,ST002,IT010,2025-10-07 05:11:00,2025-10-07 06:35:00,,In Progress,Critical,84,,Y,N,Passenger Help Point,platform stairs,requires facilities follow-up,N
INC001000,20251007,ST003,IT011,2025-10-07 12:26:00,2025-10-07 12:42:00,2025-10-07 21:57:00,Resolved,Moderate,16,571,N,Y,Supervisor Walkthrough,platform stairs,reported by service controller,N
INC001001,20251007,ST006,IT002,2025-10-07 07:04:00,2025-10-07 07:06:00,2025-10-07 08:53:00,Resolved,Critical,2,109,N,N,Control Room,ticket hall,repeat complaint from morning peak,N
INC001002,20251007,ST015,IT001,2025-10-07 07:11:00,2025-10-07 07:37:00,2025-10-07 09:47:00,Resolved,Moderate,26,156,Y,N,Mobile Radio,platform stairs,linked to crowd control plan,N
INC001003,20251007,ST009,IT010,2025-10-07 13:50:00,2025-10-07 14:18:00,,In Progress,Moderate,28,,N,N,Station Desk,northbound platform,seen in previous two weeks,N
INC001004,20251007,ST014,IT007,2025-10-07 18:40:00,2025-10-07 18:54:00,2025-10-08 00:24:00,Resolved,Minor,14,344,N,Y,Supervisor Walkthrough,main concourse,repeat complaint from morning peak,N
INC001005,20251007,ST010,IT012,2025-10-07 16:17:00,2025-10-07 16:30:00,2025-10-08 09:57:00,Resolved,Moderate,13,1060,N,Y,Mobile Radio,ticket hall,manual log entry from station desk,Y
INC001006,20251008,ST004,IT007,2025-10-08 19:24:00,2025-10-08 19:39:00,,Open,Moderate,15,,N,N,Control Room,northbound platform,passenger assistance team notified,N
INC001007,20251008,ST005,IT007,2025-10-08 23:44:00,2025-10-08 23:55:00,2025-10-09 03:41:00,Resolved,Moderate,11,237,N,Y,Supervisor Walkthrough,lift lobby,repeat complaint from morning peak,N
INC001008,20251008,ST008,IT001,2025-10-08 08:52:00,2025-10-08 08:56:00,2025-10-08 10:18:00,Resolved,Major,4,86,N,N,Supervisor Walkthrough,staffed gate line,manual log entry from station desk,Y
INC001009,20251008,ST002,IT002,2025-10-08 17:56:00,2025-10-08 19:01:00,2025-10-08 19:18:00,Resolved,Critical,65,82,Y,N,Mobile Radio,platform stairs,repeat complaint from morning peak,N
INC001010,20251008,ST006,IT009,2025-10-08 21:24:00,2025-10-08 22:56:00,2025-10-09 03:01:00,Resolved,Critical,92,337,Y,N,Passenger Help Point,main concourse,passenger assistance team notified,Y
INC001011,20251009,ST014,IT001,2025-10-09 12:31:00,2025-10-09 12:41:00,2025-10-10 07:23:00,Resolved,Minor,10,1132,N,Y,Passenger Help Point,northbound platform,manual log entry from station desk,N
INC001012,20251009,ST014,IT008,2025-10-09 14:56:00,2025-10-09 15:04:00,2025-10-10 09:31:00,Resolved,Minor,8,1115,N,Y,Passenger Help Point,platform stairs,reported by service controller,N
INC001013,20251009,ST009,IT008,2025-10-09 10:44:00,2025-10-09 11:04:00,,In Progress,Minor,20,,Y,N,Control Room,staffed gate line,linked to crowd control plan,N
INC001014,20251009,ST010,IT002,2025-10-09 21:23:00,2025-10-09 21:24:00,2025-10-10 00:19:00,Resolved,Critical,1,176,N,Y,Control Room,staffed gate line,seen in previous two weeks,N
INC001015,20251009,ST004,IT001,2025-10-09 06:21:00,2025-10-09 06:42:00,2025-10-09 13:06:00,Resolved,Moderate,21,405,Y,Y,Passenger Help Point,customer help point,seen in previous two weeks,N
INC001016,20251010,ST002,IT007,2025-10-10 18:31:00,2025-10-10 18:40:00,2025-10-10 22:15:00,Resolved,Major,9,224,N,Y,Mobile Radio,customer help point,linked to crowd control plan,N
INC001017,20251010,ST013,IT003,2025-10-10 20:16:00,2025-10-10 20:23:00,2025-10-11 05:57:00,Resolved,Major,7,581,N,Y,Station Desk,bus interchange,manual log entry from station desk,Y
INC001018,20251010,ST002,IT001,2025-10-10 05:39:00,2025-10-10 05:53:00,2025-10-10 14:42:00,Resolved,Minor,14,543,Y,Y,Station Desk,northbound platform,repeat complaint from morning peak,N
INC001019,20251010,ST002,IT008,2025-10-10 17:01:00,2025-10-10 17:13:00,2025-10-10 23:22:00,Resolved,Critical,12,381,N,Y,Station Desk,main concourse,linked to crowd control plan,Y
INC001020,20251011,ST002,IT001,2025-10-11 10:19:00,2025-10-11 10:33:00,2025-10-11 12:37:00,Resolved,Moderate,14,138,Y,N,Supervisor Walkthrough,ticket hall,linked to crowd control plan,Y
INC001021,20251011,ST007,IT006,2025-10-11 07:49:00,2025-10-11 08:04:00,2025-10-12 04:15:00,Resolved,Moderate,15,1226,N,Y,Supervisor Walkthrough,platform stairs,linked to crowd control plan,N
INC001022,20251011,ST006,IT010,2025-10-11 07:26:00,2025-10-11 08:11:00,2025-10-11 07:46:00,Resolved,Moderate,45,20,N,N,Mobile Radio,staffed gate line,passenger assistance team notified,N
INC001023,20251011,ST013,IT003,2025-10-11 06:28:00,2025-10-11 06:40:00,2025-10-11 15:43:00,Resolved,Major,12,555,Y,Y,Mobile Radio,staffed gate line,manual log entry from station desk,Y
INC001024,20251011,ST005,IT001,2025-10-11 17:31:00,2025-10-11 17:47:00,2025-10-11 21:01:00,Resolved,Minor,16,210,Y,N,Control Room,ticket hall,manual log entry from station desk,N
INC001025,20251012,ST013,IT011,2025-10-12 11:12:00,2025-10-12 11:33:00,2025-10-12 23:30:00,Resolved,Critical,21,738,Y,Y,Mobile Radio,ticket hall,passenger assistance team notified,N
INC001026,20251012,ST012,IT003,2025-10-12 10:11:00,2025-10-12 10:26:00,2025-10-12 23:13:00,Resolved,Major,15,782,Y,Y,Passenger Help Point,ticket hall,requires facilities follow-up,N
INC001027,20251012,ST009,IT006,2025-10-12 09:50:00,2025-10-12 10:08:00,2025-10-12 22:43:00,Resolved,Major,18,773,N,N,Station Desk,bus interchange,reported by service controller,N
INC001028,20251012,ST009,IT008,2025-10-12 10:34:00,2025-10-12 10:47:00,2025-10-12 17:39:00,Resolved,Moderate,13,425,Y,Y,Passenger Help Point,staffed gate line,requires facilities follow-up,N
INC001029,20251012,ST002,IT005,2025-10-12 06:21:00,2025-10-12 06:47:00,2025-10-13 02:33:00,Resolved,Minor,26,1212,N,N,Mobile Radio,ticket hall,repeat complaint from morning peak,N
INC001030,20251013,ST015,IT008,2025-10-13 15:24:00,2025-10-13 15:46:00,2025-10-14 05:10:00,Resolved,Major,22,826,Y,Y,Passenger Help Point,bus interchange,linked to crowd control plan,N
INC001031,20251013,ST007,IT006,2025-10-13 17:33:00,2025-10-13 18:20:00,2025-10-13 17:53:00,Resolved,Moderate,47,20,Y,N,Station Desk,northbound platform,passenger assistance team notified,N
INC001032,20251013,ST014,IT007,2025-10-13 10:54:00,2025-10-13 11:23:00,2025-10-14 10:00:00,Resolved,Major,29,1386,Y,Y,Station Desk,bus interchange,temporary signage installed,Y
INC001033,20251014,ST002,IT011,2025-10-14 21:20:00,2025-10-14 21:48:00,2025-10-15 01:47:00,Resolved,Critical,28,267,Y,N,Mobile Radio,lift lobby,passenger assistance team notified,N
INC001034,20251014,ST009,IT007,2025-10-14 21:41:00,2025-10-14 21:50:00,2025-10-15 01:04:00,Resolved,Major,9,203,N,Y,Station Desk,customer help point,passenger assistance team notified,N
INC001035,20251014,ST005,IT003,2025-10-14 14:11:00,2025-10-14 14:25:00,2025-10-14 22:10:00,Resolved,Major,14,479,Y,Y,Passenger Help Point,staffed gate line,temporary signage installed,N
INC001036,20251014,ST002,IT009,2025-10-14 12:21:00,2025-10-14 13:21:00,2025-10-15 02:26:00,Resolved,Major,60,845,Y,Y,Supervisor Walkthrough,customer help point,manual log entry from station desk,N
INC001037,20251015,ST009,IT005,2025-10-15 15:14:00,2025-10-15 16:14:00,2025-10-16 15:24:00,Resolved,Moderate,60,1450,Y,Y,Mobile Radio,staffed gate line,reported by service controller,N
INC001038,20251015,ST009,IT012,2025-10-15 08:33:00,2025-10-15 08:40:00,,In Progress,Major,7,,N,N,Passenger Help Point,northbound platform,repeat complaint from morning peak,N
INC001039,20251015,ST010,IT010,2025-10-15 12:38:00,2025-10-15 12:54:00,2025-10-17 03:05:00,Resolved,Minor,16,2307,N,Y,Control Room,main concourse,seen in previous two weeks,N
INC001040,20251015,ST002,IT006,2025-10-15 11:07:00,2025-10-15 11:08:00,2025-10-15 18:19:00,Resolved,Minor,1,432,N,N,Control Room,bus interchange,manual log entry from station desk,N
INC001041,20251015,ST013,IT007,2025-10-15 17:31:00,2025-10-15 17:53:00,2025-10-15 17:51:00,Resolved,Moderate,22,20,Y,N,Control Room,customer help point,linked to crowd control plan,N
INC001042,20251016,ST002,IT002,2025-10-16 19:50:00,2025-10-16 19:53:00,2025-10-16 21:48:00,Resolved,Critical,3,118,N,N,Station Desk,ticket hall,requires facilities follow-up,Y
INC001043,20251017,ST010,IT005,2025-10-17 17:17:00,2025-10-17 18:05:00,2025-10-17 23:20:00,Resolved,Moderate,48,363,Y,N,Passenger Help Point,customer help point,seen in previous two weeks,N
INC001044,20251017,ST003,IT003,2025-10-17 13:50:00,2025-10-17 14:08:00,2025-10-17 15:29:00,Resolved,Critical,18,99,Y,N,Control Room,main concourse,repeat complaint from morning peak,N
INC001045,20251017,ST009,IT006,2025-10-17 23:20:00,2025-10-17 23:34:00,2025-10-18 07:54:00,Resolved,Moderate,14,514,N,N,Station Desk,platform stairs,requires facilities follow-up,N
INC001046,20251018,ST006,IT003,2025-10-18 15:33:00,2025-10-18 15:40:00,2025-10-18 22:43:00,Resolved,Moderate,7,430,N,Y,Station Desk,northbound platform,linked to crowd control plan,N
INC001047,20251018,ST009,IT012,2025-10-18 13:01:00,2025-10-18 13:22:00,2025-10-18 16:04:00,Resolved,Moderate,21,183,Y,N,Mobile Radio,northbound platform,reported by service controller,N
INC001048,20251019,ST012,IT010,2025-10-19 05:46:00,2025-10-19 06:00:00,,In Progress,Minor,14,,N,N,Station Desk,staffed gate line,linked to crowd control plan,N
INC001049,20251019,ST012,IT003,2025-10-19 15:41:00,2025-10-19 15:51:00,2025-10-20 13:07:00,Resolved,Minor,10,1286,N,Y,Control Room,platform stairs,seen in previous two weeks,N
INC001050,20251019,ST008,IT005,2025-10-19 16:38:00,2025-10-19 17:07:00,,Open,Major,29,,N,N,Supervisor Walkthrough,staffed gate line,temporary signage installed,N
INC001051,20251019,ST013,IT010,2025-10-19 11:53:00,2025-10-19 12:22:00,2025-10-20 15:37:00,Resolved,Moderate,29,1664,N,Y,Mobile Radio,main concourse,linked to crowd control plan,N
INC001052,20251020,ST001,IT009,2025-10-20 12:42:00,2025-10-20 13:52:00,2025-10-20 13:50:00,Resolved,Moderate,70,68,Y,N,Supervisor Walkthrough,bus interchange,linked to crowd control plan,N
INC001053,20251020,ST009,IT003,2025-10-20 18:01:00,2025-10-20 18:02:00,,Open,Moderate,1,,N,N,Supervisor Walkthrough,bus interchange,passenger assistance team notified,Y
INC001054,20251020,ST008,IT003,2025-10-20 20:55:00,2025-10-20 21:10:00,2025-10-21 15:07:00,Resolved,Moderate,15,1092,Y,Y,Supervisor Walkthrough,northbound platform,linked to crowd control plan,N
INC001055,20251021,ST009,IT006,2025-10-21 15:49:00,2025-10-21 16:19:00,2025-10-22 10:38:00,Resolved,Moderate,30,1129,Y,Y,Station Desk,staffed gate line,seen in previous two weeks,N
INC001056,20251021,ST013,IT002,2025-10-21 22:20:00,2025-10-21 22:25:00,2025-10-22 05:09:00,Resolved,Critical,5,409,N,Y,Supervisor Walkthrough,lift lobby,linked to crowd control plan,N
INC001057,20251021,ST006,IT002,2025-10-21 12:50:00,2025-10-21 13:01:00,,Open,Moderate,11,,Y,N,Station Desk,customer help point,requires facilities follow-up,N
INC001058,20251022,ST015,IT001,2025-10-22 08:06:00,2025-10-22 08:11:00,2025-10-22 12:43:00,Resolved,Moderate,5,277,N,Y,Supervisor Walkthrough,platform stairs,linked to crowd control plan,N
INC001059,20251022,ST007,IT010,2025-10-22 10:10:00,2025-10-22 10:43:00,2025-10-23 13:47:00,Resolved,Critical,33,1657,N,Y,Passenger Help Point,bus interchange,repeat complaint from morning peak,N
INC001060,20251022,ST008,IT002,2025-10-22 12:33:00,2025-10-22 13:57:00,2025-10-22 13:43:00,Resolved,Critical,84,70,Y,N,Passenger Help Point,ticket hall,linked to crowd control plan,N
INC001061,20251022,ST003,IT007,2025-10-22 19:52:00,2025-10-22 20:03:00,2025-10-22 20:45:00,Resolved,Major,11,53,N,N,Control Room,bus interchange,requires facilities follow-up,Y
INC001062,20251022,ST014,IT011,2025-10-22 17:00:00,2025-10-22 17:26:00,2025-10-23 06:43:00,Resolved,Critical,26,823,Y,Y,Mobile Radio,ticket hall,passenger assistance team notified,N
INC001063,20251023,ST009,IT006,2025-10-23 05:41:00,2025-10-23 06:11:00,,In Progress,Minor,30,,Y,N,Passenger Help Point,northbound platform,requires facilities follow-up,N
INC001064,20251023,ST001,IT002,2025-10-23 17:06:00,2025-10-23 18:04:00,2025-10-23 19:18:00,Resolved,Critical,58,132,Y,Y,Passenger Help Point,customer help point,repeat complaint from morning peak,N
INC001065,20251023,ST003,IT002,2025-10-23 12:29:00,2025-10-23 12:31:00,2025-10-24 12:17:00,Resolved,Major,2,1428,N,Y,Control Room,staffed gate line,reported by service controller,N
INC001066,20251023,ST005,IT003,2025-10-23 13:47:00,2025-10-23 14:01:00,2025-10-23 16:51:00,Resolved,Moderate,14,184,Y,N,Passenger Help Point,ticket hall,reported by service controller,N
INC001067,20251023,ST013,IT009,2025-10-23 22:22:00,2025-10-23 22:48:00,2025-10-24 17:58:00,Resolved,Major,26,1176,Y,Y,Control Room,main concourse,requires facilities follow-up,N
INC001068,20251023,ST003,IT007,2025-10-23 15:22:00,2025-10-23 15:42:00,2025-10-23 19:42:00,Resolved,Moderate,20,260,Y,Y,Supervisor Walkthrough,staffed gate line,temporary signage installed,N
INC001069,20251023,ST002,IT002,2025-10-23 22:26:00,2025-10-23 22:57:00,2025-10-23 22:46:00,Resolved,Critical,31,20,Y,N,Control Room,bus interchange,linked to crowd control plan,N
INC001070,20251023,ST002,IT004,2025-10-23 16:40:00,2025-10-23 16:47:00,2025-10-23 20:34:00,Resolved,Critical,7,234,Y,Y,Passenger Help Point,ticket hall,seen in previous two weeks,N
INC001071,20251024,ST006,IT001,2025-10-24 17:41:00,2025-10-24 17:54:00,2025-10-24 21:44:00,Resolved,Minor,13,243,Y,Y,Control Room,ticket hall,manual log entry from station desk,N
INC001072,20251024,ST007,IT002,2025-10-24 10:26:00,2025-10-24 10:29:00,,Open,Critical,3,,N,N,Control Room,lift lobby,repeat complaint from morning peak,N
INC001073,20251024,ST012,IT005,2025-10-24 22:05:00,2025-10-24 22:55:00,,In Progress,Major,50,,Y,N,Station Desk,customer help point,repeat complaint from morning peak,N
INC001074,20251024,ST002,IT007,2025-10-24 18:58:00,2025-10-24 19:30:00,,Open,Moderate,32,,Y,N,Control Room,lift lobby,reported by service controller,N
INC001075,20251024,ST015,IT002,2025-10-24 21:32:00,2025-10-24 21:41:00,2025-10-25 02:25:00,Resolved,Major,9,293,Y,Y,Supervisor Walkthrough,northbound platform,requires facilities follow-up,N
INC001076,20251024,ST007,IT011,2025-10-24 13:40:00,2025-10-24 13:58:00,2025-10-24 18:44:00,Resolved,Moderate,18,304,N,N,Passenger Help Point,staffed gate line,repeat complaint from morning peak,N
INC001077,20251024,ST002,IT005,2025-10-24 13:23:00,2025-10-24 14:10:00,2025-10-25 12:48:00,Resolved,Moderate,47,1405,Y,N,Supervisor Walkthrough,lift lobby,temporary signage installed,N
INC001078,20251024,ST003,IT005,2025-10-24 15:46:00,2025-10-24 15:50:00,2025-10-26 18:42:00,Resolved,Moderate,4,3056,N,Y,Control Room,northbound platform,manual log entry from station desk,N
INC001079,20251025,ST013,IT003,2025-10-25 05:53:00,2025-10-25 06:00:00,2025-10-25 07:17:00,Resolved,Major,7,84,N,N,Control Room,staffed gate line,repeat complaint from morning peak,N
INC001080,20251025,ST009,IT005,2025-10-25 14:54:00,2025-10-25 14:55:00,2025-10-27 01:07:00,Resolved,Moderate,1,2053,N,Y,Mobile Radio,customer help point,repeat complaint from morning peak,N
INC001081,20251026,ST003,IT001,2025-10-26 08:45:00,2025-10-26 08:54:00,2025-10-26 12:29:00,Resolved,Moderate,9,224,N,N,Passenger Help Point,bus interchange,temporary signage installed,N
INC001082,20251027,ST015,IT001,2025-10-27 18:22:00,2025-10-27 19:19:00,2025-10-28 00:46:00,Resolved,Major,57,384,Y,Y,Station Desk,bus interchange,seen in previous two weeks,N
INC001083,20251028,ST009,IT003,2025-10-28 14:08:00,2025-10-28 15:20:00,2025-10-29 03:38:00,Resolved,Critical,72,810,Y,Y,Mobile Radio,ticket hall,requires facilities follow-up,N
INC001084,20251028,ST007,IT009,2025-10-28 06:02:00,2025-10-28 06:20:00,2025-10-30 03:56:00,Resolved,Moderate,18,2754,N,Y,Supervisor Walkthrough,bus interchange,temporary signage installed,N
INC001085,20251028,ST015,IT001,2025-10-28 23:48:00,2025-10-29 00:06:00,,In Progress,Moderate,18,,Y,N,Passenger Help Point,main concourse,repeat complaint from morning peak,Y
INC001086,20251029,ST009,IT007,2025-10-29 17:30:00,2025-10-29 17:51:00,,Open,Minor,21,,Y,N,Passenger Help Point,ticket hall,reported by service controller,N
INC001087,20251029,ST004,IT011,2025-10-29 15:09:00,2025-10-29 15:20:00,2025-10-29 22:49:00,Resolved,Minor,11,460,N,N,Passenger Help Point,platform stairs,seen in previous two weeks,N
INC001088,20251029,ST007,IT001,2025-10-29 16:40:00,2025-10-29 16:48:00,2025-10-29 21:55:00,Resolved,Minor,8,315,N,Y,Passenger Help Point,customer help point,passenger assistance team notified,N
INC001089,20251029,ST009,IT012,2025-10-29 09:28:00,2025-10-29 10:16:00,2025-10-29 19:19:00,Resolved,Minor,48,591,Y,N,Station Desk,staffed gate line,passenger assistance team notified,N
INC001090,20251029,ST002,IT005,2025-10-29 23:26:00,2025-10-30 00:03:00,2025-10-30 19:03:00,Resolved,Critical,37,1177,Y,N,Control Room,platform stairs,reported by service controller,Y
INC001091,20251029,ST008,IT003,2025-10-29 22:04:00,2025-10-29 22:06:00,,In Progress,Moderate,2,,N,N,Station Desk,bus interchange,repeat complaint from morning peak,Y
INC001092,20251029,ST006,IT011,2025-10-29 06:31:00,2025-10-29 06:58:00,2025-10-29 18:48:00,Resolved,Critical,27,737,Y,Y,Control Room,ticket hall,reported by service controller,N
INC001093,20251029,ST004,IT005,2025-10-29 19:38:00,2025-10-29 20:15:00,2025-10-31 09:51:00,Resolved,Minor,37,2293,Y,Y,Control Room,staffed gate line,reported by service controller,N
INC001094,20251029,ST010,IT004,2025-10-29 14:16:00,2025-10-29 14:22:00,2025-10-29 17:20:00,Resolved,Critical,6,184,Y,Y,Control Room,customer help point,seen in previous two weeks,N
INC001095,20251030,ST014,IT007,2025-10-30 07:36:00,2025-10-30 07:54:00,,Open,Major,18,,Y,N,Control Room,staffed gate line,seen in previous two weeks,N
INC001096,20251030,ST001,IT007,2025-10-30 19:32:00,2025-10-30 20:52:00,2025-10-30 20:08:00,Resolved,Major,80,36,Y,N,Mobile Radio,bus interchange,linked to crowd control plan,N
INC001097,20251030,ST015,IT011,2025-10-30 22:00:00,2025-10-30 22:30:00,,Open,Moderate,30,,Y,N,Control Room,bus interchange,reported by service controller,N
INC001098,20251030,ST013,IT003,2025-10-30 07:35:00,2025-10-30 07:36:00,2025-10-30 16:52:00,Resolved,Major,1,557,N,Y,Mobile Radio,bus interchange,passenger assistance team notified,N
INC001099,20251031,ST007,IT010,2025-10-31 06:51:00,2025-10-31 07:07:00,2025-11-01 10:38:00,Resolved,Moderate,16,1667,N,Y,Supervisor Walkthrough,ticket hall,passenger assistance team notified,N
INC001100,20251031,ST004,IT008,2025-10-31 05:09:00,2025-10-31 05:28:00,2025-10-31 22:52:00,Resolved,Moderate,19,1063,Y,Y,Control Room,lift lobby,repeat complaint from morning peak,N
INC001101,20251031,ST013,IT001,2025-10-31 10:07:00,2025-10-31 10:17:00,,In Progress,Moderate,10,,N,N,Supervisor Walkthrough,staffed gate line,requires facilities follow-up,N
INC001102,20251031,ST005,IT007,2025-10-31 10:38:00,2025-10-31 10:39:00,,Open,Moderate,1,,N,N,Control Room,lift lobby,linked to crowd control plan,N
INC001103,20251031,ST004,IT006,2025-10-31 20:59:00,2025-10-31 21:27:00,,Escalated,Minor,28,,Y,N,Mobile Radio,customer help point,linked to crowd control plan,N
INC001104,20251101,ST007,IT002,2025-11-01 06:00:00,2025-11-01 06:01:00,2025-11-01 07:32:00,Resolved,Critical,1,92,N,N,Mobile Radio,customer help point,linked to crowd control plan,N
INC001105,20251101,ST004,IT010,2025-11-01 07:31:00,2025-11-01 08:47:00,,Open,Moderate,76,,Y,N,Passenger Help Point,staffed gate line,passenger assistance team notified,N
INC001106,20251102,ST004,IT005,2025-11-02 12:34:00,2025-11-02 12:36:00,2025-11-03 15:38:00,Resolved,Moderate,2,1624,N,Y,Mobile Radio,main concourse,linked to crowd control plan,N
INC001107,20251103,ST014,IT002,2025-11-03 13:13:00,2025-11-03 14:29:00,2025-11-03 16:00:00,Resolved,Minor,76,167,Y,Y,Passenger Help Point,staffed gate line,passenger assistance team notified,N
INC001108,20251103,ST010,IT003,2025-11-03 06:00:00,2025-11-03 06:04:00,2025-11-03 08:38:00,Resolved,Critical,4,158,N,N,Mobile Radio,bus interchange,reported by service controller,N
INC001109,20251103,ST003,IT003,2025-11-03 09:34:00,2025-11-03 09:40:00,2025-11-03 13:52:00,Resolved,Major,6,258,N,N,Station Desk,customer help point,repeat complaint from morning peak,N
INC001110,20251103,ST013,IT005,2025-11-03 23:25:00,2025-11-03 23:48:00,,Open,Minor,23,,N,N,Mobile Radio,lift lobby,requires facilities follow-up,N
INC001111,20251103,ST003,IT002,2025-11-03 07:09:00,2025-11-03 07:10:00,2025-11-03 08:07:00,Resolved,Critical,1,58,N,N,Mobile Radio,platform stairs,requires facilities follow-up,N
INC001112,20251103,ST003,IT006,2025-11-03 15:11:00,2025-11-03 15:38:00,2025-11-04 20:45:00,Resolved,Major,27,1774,Y,Y,Supervisor Walkthrough,customer help point,linked to crowd control plan,N
INC001113,20251104,ST013,IT002,2025-11-04 07:37:00,2025-11-04 07:38:00,2025-11-04 09:58:00,Resolved,Moderate,1,141,N,Y,Mobile Radio,platform stairs,temporary signage installed,N
INC001114,20251104,ST010,IT005,2025-11-04 19:10:00,2025-11-04 19:19:00,2025-11-07 12:36:00,Resolved,Critical,9,3926,N,Y,Passenger Help Point,ticket hall,reported by service controller,N
INC001115,20251104,ST010,IT003,2025-11-04 09:42:00,2025-11-04 09:52:00,2025-11-04 17:58:00,Resolved,Major,10,496,N,Y,Mobile Radio,platform stairs,linked to crowd control plan,N
INC001116,20251105,ST016,IT009,2025-11-05 06:23:00,2025-11-05 06:49:00,2025-11-06 10:54:00,Resolved,Minor,26,1711,Y,Y,Passenger Help Point,main concourse,passenger assistance team notified,N
INC001117,20251106,ST002,IT002,2025-11-06 18:36:00,2025-11-06 18:44:00,,In Progress,Critical,8,,Y,N,Control Room,bus interchange,requires facilities follow-up,N
INC001118,20251106,ST004,IT009,2025-11-06 14:24:00,2025-11-06 15:00:00,2025-11-07 04:44:00,Resolved,Minor,36,860,Y,Y,Station Desk,platform stairs,seen in previous two weeks,N
INC001119,20251106,ST015,IT009,2025-11-06 23:21:00,2025-11-06 23:42:00,2025-11-06 23:41:00,Resolved,Minor,21,20,N,N,Control Room,bus interchange,passenger assistance team notified,N
INC001120,20251106,ST001,IT003,2025-11-06 19:53:00,2025-11-06 20:09:00,2025-11-06 20:13:00,Resolved,Major,16,20,Y,N,Supervisor Walkthrough,ticket hall,temporary signage installed,Y
INC001121,20251106,ST014,IT009,2025-11-06 14:13:00,2025-11-06 14:36:00,2025-11-06 17:07:00,Resolved,Moderate,23,174,N,N,Supervisor Walkthrough,ticket hall,reported by service controller,N
INC001122,20251106,ST014,IT006,2025-11-06 08:11:00,2025-11-06 08:12:00,2025-11-07 08:44:00,Resolved,Major,1,1473,N,Y,Mobile Radio,platform stairs,reported by service controller,N
INC001123,20251107,ST002,IT012,2025-11-07 06:45:00,2025-11-07 08:06:00,,In Progress,Critical,81,,Y,N,Station Desk,lift lobby,requires facilities follow-up,Y
INC001124,20251107,ST003,IT009,2025-11-07 13:30:00,2025-11-07 13:59:00,2025-11-08 00:18:00,Resolved,Critical,29,648,Y,N,Passenger Help Point,northbound platform,temporary signage installed,N
INC001125,20251107,ST010,IT005,2025-11-07 06:38:00,2025-11-07 07:40:00,2025-11-08 17:10:00,Resolved,Moderate,62,2072,Y,Y,Supervisor Walkthrough,staffed gate line,seen in previous two weeks,N
INC001126,20251107,ST015,IT006,2025-11-07 21:50:00,2025-11-07 22:21:00,2025-11-08 06:05:00,Resolved,Major,31,495,Y,N,Passenger Help Point,main concourse,linked to crowd control plan,N
INC001127,20251107,ST012,IT009,2025-11-07 23:30:00,2025-11-07 23:43:00,2025-11-08 00:42:00,Resolved,Critical,13,72,N,N,Mobile Radio,main concourse,seen in previous two weeks,N
INC001128,20251107,ST001,IT011,2025-11-07 09:26:00,2025-11-07 09:45:00,2025-11-08 03:38:00,Resolved,Moderate,19,1092,N,Y,Supervisor Walkthrough,main concourse,seen in previous two weeks,N
INC001129,20251108,ST002,IT007,2025-11-08 20:36:00,2025-11-08 20:46:00,2025-11-09 03:12:00,Resolved,Moderate,10,396,N,Y,Control Room,customer help point,reported by service controller,N
INC001130,20251108,ST012,IT005,2025-11-08 22:10:00,2025-11-08 22:21:00,,Escalated,Major,11,,N,N,Station Desk,customer help point,linked to crowd control plan,N
INC001131,20251108,ST002,IT001,2025-11-08 13:04:00,2025-11-08 14:20:00,,In Progress,Major,76,,Y,N,Control Room,bus interchange,reported by service controller,N
INC001132,20251108,ST007,IT011,2025-11-08 23:46:00,2025-11-08 23:53:00,2025-11-09 01:29:00,Resolved,Major,7,103,N,N,Supervisor Walkthrough,northbound platform,passenger assistance team notified,N
INC001133,20251109,ST005,IT002,2025-11-09 22:43:00,2025-11-09 22:47:00,2025-11-10 02:19:00,Resolved,Critical,4,216,N,Y,Supervisor Walkthrough,staffed gate line,passenger assistance team notified,N
INC001134,20251110,ST012,IT011,2025-11-10 06:00:00,2025-11-10 06:38:00,2025-11-11 14:52:00,Resolved,Moderate,38,1972,Y,Y,Supervisor Walkthrough,lift lobby,linked to crowd control plan,N
INC001135,20251110,ST012,IT001,2025-11-10 17:28:00,2025-11-10 17:44:00,2025-11-10 23:37:00,Resolved,Major,16,369,Y,Y,Mobile Radio,staffed gate line,passenger assistance team notified,N
INC001136,20251110,ST006,IT010,2025-11-10 16:32:00,2025-11-10 17:29:00,2025-11-10 23:41:00,Resolved,Minor,57,429,Y,N,Supervisor Walkthrough,main concourse,requires facilities follow-up,N
INC001137,20251110,ST005,IT005,2025-11-10 18:43:00,2025-11-10 18:58:00,2025-11-12 02:06:00,Resolved,Minor,15,1883,N,Y,Passenger Help Point,northbound platform,reported by service controller,N
INC001138,20251110,ST012,IT003,2025-11-10 13:59:00,2025-11-10 14:14:00,2025-11-11 03:32:00,Resolved,Moderate,15,813,Y,Y,Control Room,northbound platform,manual log entry from station desk,N
INC001139,20251110,ST014,IT002,2025-11-10 19:00:00,2025-11-10 19:08:00,,Escalated,Critical,8,,Y,N,Passenger Help Point,northbound platform,seen in previous two weeks,N
INC001140,20251111,ST003,IT003,2025-11-11 23:56:00,2025-11-12 01:20:00,2025-11-12 04:47:00,Resolved,Moderate,84,291,Y,N,Supervisor Walkthrough,main concourse,reported by service controller,N
INC001141,20251111,ST001,IT001,2025-11-11 16:45:00,2025-11-11 16:56:00,2025-11-11 19:44:00,Resolved,Critical,11,179,N,N,Passenger Help Point,customer help point,seen in previous two weeks,N
INC001142,20251111,ST013,IT007,2025-11-11 08:18:00,2025-11-11 08:26:00,2025-11-11 09:15:00,Resolved,Major,8,57,N,N,Mobile Radio,bus interchange,reported by service controller,Y
INC001143,20251112,ST006,IT009,2025-11-12 07:12:00,2025-11-12 09:14:00,2025-11-12 16:45:00,Resolved,Major,122,573,Y,N,Supervisor Walkthrough,staffed gate line,reported by service controller,N
INC001144,20251112,ST008,IT001,2025-11-12 05:55:00,2025-11-12 05:56:00,2025-11-12 09:13:00,Resolved,Critical,1,198,N,N,Supervisor Walkthrough,customer help point,seen in previous two weeks,N
INC001145,20251112,ST004,IT005,2025-11-12 18:22:00,2025-11-12 18:29:00,2025-11-13 23:17:00,Resolved,Moderate,7,1735,N,Y,Station Desk,platform stairs,temporary signage installed,N
INC001146,20251112,ST008,IT009,2025-11-12 21:38:00,2025-11-12 21:40:00,2025-11-12 22:50:00,Resolved,Major,2,72,N,N,Control Room,northbound platform,requires facilities follow-up,N
INC001147,20251113,ST016,IT009,2025-11-13 15:40:00,2025-11-13 16:09:00,2025-11-14 03:46:00,Resolved,Moderate,29,726,Y,Y,Passenger Help Point,bus interchange,passenger assistance team notified,N
INC001148,20251113,ST009,IT001,2025-11-13 21:22:00,2025-11-13 21:33:00,2025-11-14 01:09:00,Resolved,Moderate,11,227,N,N,Station Desk,customer help point,linked to crowd control plan,N
INC001149,20251113,ST006,IT012,2025-11-13 11:39:00,2025-11-13 11:50:00,2025-11-13 18:39:00,Resolved,Critical,11,420,N,N,Supervisor Walkthrough,customer help point,temporary signage installed,N
INC001150,20251113,ST001,IT001,2025-11-13 13:33:00,2025-11-13 13:34:00,2025-11-14 06:12:00,Resolved,Major,1,999,N,Y,Control Room,main concourse,seen in previous two weeks,N
INC001151,20251114,ST008,IT009,2025-11-14 12:08:00,2025-11-14 12:18:00,2025-11-14 15:24:00,Resolved,Moderate,10,196,N,N,Station Desk,main concourse,repeat complaint from morning peak,N
INC001152,20251114,ST011,IT005,2025-11-14 20:53:00,2025-11-14 21:36:00,2025-11-15 21:18:00,Resolved,Minor,43,1465,Y,Y,Passenger Help Point,platform stairs,seen in previous two weeks,N
INC001153,20251114,ST001,IT010,2025-11-14 20:56:00,2025-11-14 21:48:00,2025-11-15 03:38:00,Resolved,Moderate,52,402,Y,N,Passenger Help Point,bus interchange,manual log entry from station desk,Y
INC001154,20251114,ST013,IT001,2025-11-14 14:22:00,2025-11-14 14:46:00,2025-11-14 20:14:00,Resolved,Minor,24,352,Y,Y,Station Desk,customer help point,repeat complaint from morning peak,Y
INC001155,20251114,ST016,IT001,2025-11-14 18:26:00,2025-11-14 18:31:00,2025-11-14 21:46:00,Resolved,Moderate,5,200,N,N,Passenger Help Point,northbound platform,temporary signage installed,N
INC001156,20251114,ST008,IT011,2025-11-14 09:42:00,2025-11-14 10:06:00,2025-11-14 15:46:00,Resolved,Moderate,24,364,Y,N,Control Room,customer help point,linked to crowd control plan,N
INC001157,20251115,ST004,IT005,2025-11-15 10:37:00,2025-11-15 10:51:00,2025-11-15 16:22:00,Resolved,Moderate,14,345,N,N,Station Desk,ticket hall,linked to crowd control plan,N
INC001158,20251115,ST001,IT005,2025-11-15 11:46:00,2025-11-15 11:54:00,2025-11-17 19:27:00,Resolved,Minor,8,3341,N,Y,Mobile Radio,customer help point,passenger assistance team notified,Y
INC001159,20251115,ST013,IT010,2025-11-15 10:16:00,2025-11-15 10:30:00,2025-11-16 05:19:00,Resolved,Moderate,14,1143,N,N,Passenger Help Point,lift lobby,manual log entry from station desk,N
INC001160,20251115,ST002,IT008,2025-11-15 20:47:00,2025-11-15 22:14:00,2025-11-15 23:52:00,Resolved,Major,87,185,Y,N,Control Room,ticket hall,requires facilities follow-up,N
INC001161,20251115,ST015,IT010,2025-11-15 08:33:00,2025-11-15 09:22:00,2025-11-16 15:47:00,Resolved,Major,49,1874,Y,Y,Passenger Help Point,customer help point,reported by service controller,Y
INC001162,20251116,ST001,IT009,2025-11-16 12:03:00,2025-11-16 12:40:00,2025-11-17 00:12:00,Resolved,Moderate,37,729,Y,Y,Control Room,lift lobby,temporary signage installed,N
INC001163,20251116,ST002,IT006,2025-11-16 10:42:00,2025-11-16 11:06:00,2025-11-17 05:50:00,Resolved,Moderate,24,1148,Y,Y,Control Room,bus interchange,repeat complaint from morning peak,N
INC001164,20251117,ST015,IT008,2025-11-17 21:14:00,2025-11-17 21:24:00,2025-11-17 23:53:00,Resolved,Moderate,10,159,N,N,Passenger Help Point,bus interchange,seen in previous two weeks,N
INC001165,20251117,ST003,IT005,2025-11-17 15:49:00,2025-11-17 16:37:00,2025-11-18 06:59:00,Resolved,Moderate,48,910,Y,N,Control Room,staffed gate line,linked to crowd control plan,N
INC001166,20251117,ST008,IT001,2025-11-17 09:48:00,2025-11-17 09:55:00,2025-11-17 17:04:00,Resolved,Moderate,7,436,N,Y,Mobile Radio,northbound platform,repeat complaint from morning peak,N
INC001167,20251117,ST015,IT009,2025-11-17 05:14:00,2025-11-17 05:28:00,2025-11-17 06:44:00,Resolved,Moderate,14,90,N,N,Passenger Help Point,customer help point,manual log entry from station desk,N
INC001168,20251117,ST011,IT002,2025-11-17 15:19:00,2025-11-17 15:21:00,2025-11-18 06:06:00,Resolved,Critical,2,887,N,Y,Passenger Help Point,customer help point,requires facilities follow-up,N
INC001169,20251117,ST003,IT009,2025-11-17 23:15:00,2025-11-17 23:47:00,2025-11-18 05:49:00,Resolved,Moderate,32,394,Y,N,Station Desk,northbound platform,seen in previous two weeks,N
INC001170,20251117,ST006,IT011,2025-11-17 18:38:00,2025-11-17 19:00:00,2025-11-18 00:28:00,Resolved,Moderate,22,350,Y,N,Control Room,bus interchange,repeat complaint from morning peak,Y
INC001171,20251118,ST008,IT010,2025-11-18 19:00:00,2025-11-18 19:53:00,2025-11-19 19:30:00,Resolved,Major,53,1470,Y,Y,Mobile Radio,lift lobby,manual log entry from station desk,N
INC001172,20251118,ST002,IT006,2025-11-18 12:14:00,2025-11-18 12:15:00,2025-11-19 02:41:00,Resolved,Critical,1,867,N,N,Control Room,northbound platform,repeat complaint from morning peak,Y
INC001173,20251118,ST015,IT002,2025-11-18 06:35:00,2025-11-18 06:40:00,,Escalated,Moderate,5,,N,N,Station Desk,platform stairs,manual log entry from station desk,N
INC001174,20251118,ST003,IT001,2025-11-18 09:03:00,2025-11-18 09:17:00,2025-11-18 10:50:00,Resolved,Moderate,14,107,Y,N,Control Room,bus interchange,passenger assistance team notified,N
INC001175,20251119,ST002,IT006,2025-11-19 19:33:00,2025-11-19 20:02:00,,In Progress,Major,29,,Y,N,Mobile Radio,bus interchange,seen in previous two weeks,Y
INC001176,20251119,ST005,IT006,2025-11-19 20:53:00,2025-11-19 21:25:00,2025-11-20 05:02:00,Resolved,Minor,32,489,Y,N,Passenger Help Point,ticket hall,temporary signage installed,N
INC001177,20251119,ST006,IT007,2025-11-19 05:37:00,2025-11-19 05:42:00,2025-11-19 05:57:00,Resolved,Moderate,5,20,N,N,Passenger Help Point,northbound platform,manual log entry from station desk,Y
INC001178,20251119,ST005,IT002,2025-11-19 19:16:00,2025-11-19 19:32:00,2025-11-20 18:07:00,Resolved,Critical,16,1371,Y,Y,Station Desk,lift lobby,requires facilities follow-up,Y
INC001179,20251120,ST010,IT010,2025-11-20 21:36:00,2025-11-20 21:38:00,2025-11-21 11:39:00,Resolved,Moderate,2,843,N,N,Supervisor Walkthrough,ticket hall,repeat complaint from morning peak,N
INC001180,20251120,ST001,IT008,2025-11-20 08:24:00,2025-11-20 08:29:00,2025-11-20 15:16:00,Resolved,Moderate,5,412,N,Y,Mobile Radio,ticket hall,reported by service controller,N
INC001181,20251120,ST008,IT005,2025-11-20 10:04:00,2025-11-20 10:12:00,2025-11-22 13:48:00,Resolved,Moderate,8,3104,N,Y,Supervisor Walkthrough,northbound platform,linked to crowd control plan,N
INC001182,20251120,ST001,IT009,2025-11-20 17:31:00,2025-11-20 17:57:00,2025-11-21 12:15:00,Resolved,Moderate,26,1124,Y,Y,Passenger Help Point,platform stairs,passenger assistance team notified,Y
INC001183,20251121,ST001,IT002,2025-11-21 05:22:00,2025-11-21 05:33:00,,Escalated,Critical,11,,Y,N,Mobile Radio,customer help point,requires facilities follow-up,N
INC001184,20251121,ST006,IT011,2025-11-21 14:17:00,2025-11-21 14:57:00,2025-11-21 20:21:00,Resolved,Moderate,40,364,Y,N,Supervisor Walkthrough,ticket hall,requires facilities follow-up,N
INC001185,20251121,ST013,IT005,2025-11-21 13:02:00,2025-11-21 13:07:00,2025-11-24 05:45:00,Resolved,Moderate,5,3883,N,Y,Control Room,northbound platform,reported by service controller,N
INC001186,20251121,ST013,IT007,2025-11-21 07:59:00,2025-11-21 08:15:00,2025-11-21 10:41:00,Resolved,Moderate,16,162,Y,N,Passenger Help Point,main concourse,requires facilities follow-up,Y
INC001187,20251122,ST008,IT009,2025-11-22 19:59:00,2025-11-22 20:52:00,2025-11-22 20:19:00,Resolved,Major,53,20,Y,N,Supervisor Walkthrough,customer help point,passenger assistance team notified,N
INC001188,20251123,ST009,IT001,2025-11-23 09:51:00,2025-11-23 10:02:00,2025-11-23 15:46:00,Resolved,Major,11,355,N,Y,Station Desk,bus interchange,temporary signage installed,N
INC001189,20251123,ST012,IT005,2025-11-23 07:12:00,2025-11-23 07:52:00,2025-11-24 00:25:00,Resolved,Moderate,40,1033,Y,N,Control Room,main concourse,linked to crowd control plan,Y
INC001190,20251123,ST008,IT002,2025-11-23 05:47:00,2025-11-23 05:59:00,2025-11-23 06:46:00,Resolved,Major,12,59,Y,N,Supervisor Walkthrough,main concourse,manual log entry from station desk,N
INC001191,20251123,ST013,IT007,2025-11-23 16:46:00,2025-11-23 16:56:00,2025-11-23 21:00:00,Resolved,Minor,10,254,N,Y,Passenger Help Point,lift lobby,requires facilities follow-up,N
INC001192,20251123,ST002,IT005,2025-11-23 05:48:00,2025-11-23 06:08:00,2025-11-24 11:14:00,Resolved,Moderate,20,1766,N,Y,Supervisor Walkthrough,northbound platform,passenger assistance team notified,N
INC001193,20251124,ST004,IT005,2025-11-24 17:57:00,2025-11-24 18:25:00,2025-11-25 17:52:00,Resolved,Minor,28,1435,N,N,Control Room,lift lobby,linked to crowd control plan,N
INC001194,20251124,ST014,IT004,2025-11-24 20:47:00,2025-11-24 20:57:00,2025-11-25 02:45:00,Resolved,Critical,10,358,Y,Y,Control Room,lift lobby,reported by service controller,N
INC001195,20251124,ST015,IT006,2025-11-24 23:15:00,2025-11-24 23:49:00,2025-11-26 11:31:00,Resolved,Moderate,34,2176,Y,Y,Supervisor Walkthrough,bus interchange,passenger assistance team notified,N
INC001196,20251124,ST009,IT007,2025-11-24 23:26:00,2025-11-24 23:33:00,2025-11-25 03:09:00,Resolved,Moderate,7,223,N,Y,Mobile Radio,lift lobby,passenger assistance team notified,Y
INC001197,20251124,ST016,IT012,2025-11-24 21:28:00,2025-11-24 21:36:00,2025-11-24 21:48:00,Resolved,Minor,8,20,N,N,Passenger Help Point,northbound platform,passenger assistance team notified,N
INC001198,20251124,ST003,IT009,2025-11-24 18:16:00,2025-11-24 18:39:00,,In Progress,Moderate,23,,N,N,Control Room,staffed gate line,passenger assistance team notified,N
INC001199,20251125,ST013,IT005,2025-11-25 19:12:00,2025-11-25 19:20:00,2025-11-25 20:57:00,Resolved,Moderate,8,105,N,N,Mobile Radio,platform stairs,passenger assistance team notified,N
INC001200,20251126,ST010,IT012,2025-11-26 11:23:00,2025-11-26 11:33:00,2025-11-27 10:48:00,Resolved,Minor,10,1405,N,Y,Passenger Help Point,northbound platform,passenger assistance team notified,N
INC001201,20251127,ST013,IT004,2025-11-27 12:07:00,2025-11-27 12:11:00,,Open,Moderate,4,,N,N,Passenger Help Point,ticket hall,reported by service controller,N
INC001202,20251127,ST004,IT006,2025-11-27 08:18:00,2025-11-27 08:19:00,2025-11-28 15:22:00,Resolved,Moderate,1,1864,N,Y,Station Desk,main concourse,linked to crowd control plan,N
INC001203,20251127,ST001,IT011,2025-11-27 09:56:00,2025-11-27 09:57:00,2025-11-27 18:58:00,Resolved,Critical,1,542,N,Y,Mobile Radio,customer help point,temporary signage installed,N
INC001204,20251127,ST004,IT001,2025-11-27 15:33:00,2025-11-27 15:34:00,2025-11-27 18:18:00,Resolved,Moderate,1,165,N,N,Station Desk,northbound platform,temporary signage installed,N
INC001205,20251127,ST013,IT012,2025-11-27 06:02:00,2025-11-27 06:11:00,2025-11-27 20:11:00,Resolved,Moderate,9,849,N,Y,Station Desk,northbound platform,reported by service controller,N
INC001206,20251127,ST015,IT005,2025-11-27 14:36:00,2025-11-27 15:02:00,2025-11-28 08:22:00,Resolved,Minor,26,1066,N,N,Supervisor Walkthrough,bus interchange,manual log entry from station desk,N
INC001207,20251127,ST013,IT005,2025-11-27 08:59:00,2025-11-27 09:07:00,2025-11-27 16:47:00,Resolved,Moderate,8,468,N,N,Supervisor Walkthrough,staffed gate line,seen in previous two weeks,N
INC001208,20251127,ST016,IT007,2025-11-27 07:52:00,2025-11-27 07:59:00,2025-11-27 23:47:00,Resolved,Critical,7,955,N,Y,Passenger Help Point,northbound platform,reported by service controller,N
INC001209,20251127,ST007,IT012,2025-11-27 14:55:00,2025-11-27 15:17:00,2025-11-27 23:35:00,Resolved,Moderate,22,520,Y,N,Control Room,ticket hall,linked to crowd control plan,N
INC001210,20251127,ST007,IT002,2025-11-27 13:56:00,2025-11-27 13:57:00,2025-11-27 14:16:00,Resolved,Critical,1,20,N,N,Station Desk,lift lobby,temporary signage installed,N
INC001211,20251128,ST007,IT011,2025-11-28 23:21:00,2025-11-28 23:57:00,2025-11-29 08:33:00,Resolved,Moderate,36,552,Y,Y,Station Desk,platform stairs,requires facilities follow-up,N
INC001212,20251128,ST013,IT006,2025-11-28 22:47:00,2025-11-28 22:51:00,2025-11-29 20:01:00,Resolved,Major,4,1274,N,Y,Passenger Help Point,staffed gate line,passenger assistance team notified,Y
INC001213,20251128,ST001,IT002,2025-11-28 16:06:00,2025-11-28 16:14:00,2025-11-28 18:00:00,Resolved,Moderate,8,114,Y,N,Control Room,customer help point,reported by service controller,Y
INC001214,20251128,ST001,IT012,2025-11-28 10:37:00,2025-11-28 11:02:00,2025-11-28 10:57:00,Resolved,Moderate,25,20,Y,N,Mobile Radio,main concourse,passenger assistance team notified,N
INC001215,20251129,ST002,IT008,2025-11-29 07:56:00,2025-11-29 08:18:00,2025-11-29 19:36:00,Resolved,Critical,22,700,Y,Y,Mobile Radio,customer help point,requires facilities follow-up,N
INC001216,20251130,ST010,IT009,2025-11-30 11:45:00,2025-11-30 12:14:00,2025-11-30 20:37:00,Resolved,Moderate,29,532,Y,N,Mobile Radio,bus interchange,reported by service controller,N
INC001217,20251201,ST010,IT004,2025-12-01 22:40:00,2025-12-01 22:47:00,2025-12-02 00:50:00,Resolved,Moderate,7,130,Y,N,Station Desk,staffed gate line,requires facilities follow-up,N
INC001218,20251201,ST001,IT011,2025-12-01 17:26:00,2025-12-01 18:32:00,,In Progress,Minor,66,,Y,N,Supervisor Walkthrough,bus interchange,temporary signage installed,N
INC001219,20251201,ST006,IT007,2025-12-01 08:36:00,2025-12-01 08:56:00,2025-12-01 14:55:00,Resolved,Major,20,379,Y,Y,Supervisor Walkthrough,main concourse,reported by service controller,N
INC001220,20251201,ST009,IT001,2025-12-01 13:34:00,2025-12-01 13:41:00,2025-12-02 04:57:00,Resolved,Moderate,7,923,N,Y,Station Desk,staffed gate line,seen in previous two weeks,N
INC001221,20251202,ST003,IT003,2025-12-02 10:06:00,2025-12-02 10:24:00,2025-12-02 16:39:00,Resolved,Major,18,393,Y,Y,Control Room,platform stairs,requires facilities follow-up,Y
INC001222,20251202,ST004,IT005,2025-12-02 10:19:00,2025-12-02 10:41:00,2025-12-03 09:41:00,Resolved,Moderate,22,1402,N,N,Mobile Radio,ticket hall,temporary signage installed,N
INC001223,20251202,ST016,IT007,2025-12-02 22:16:00,2025-12-02 22:28:00,2025-12-03 02:51:00,Resolved,Minor,12,275,N,Y,Mobile Radio,lift lobby,temporary signage installed,N
INC001224,20251202,ST006,IT002,2025-12-02 08:31:00,2025-12-02 08:43:00,,Escalated,Critical,12,,Y,N,Passenger Help Point,customer help point,requires facilities follow-up,N
INC001225,20251203,ST002,IT009,2025-12-03 08:09:00,2025-12-03 08:40:00,2025-12-03 14:34:00,Resolved,Major,31,385,Y,N,Station Desk,platform stairs,manual log entry from station desk,N
INC001226,20251203,ST016,IT009,2025-12-03 08:08:00,2025-12-03 08:37:00,2025-12-04 08:23:00,Resolved,Moderate,29,1455,Y,Y,Station Desk,platform stairs,temporary signage installed,N
INC001227,20251203,ST015,IT011,2025-12-03 07:49:00,2025-12-03 08:12:00,2025-12-04 01:46:00,Resolved,Minor,23,1077,Y,Y,Supervisor Walkthrough,platform stairs,repeat complaint from morning peak,N
INC001228,20251203,ST002,IT006,2025-12-03 07:58:00,2025-12-03 08:35:00,2025-12-04 02:08:00,Resolved,Major,37,1090,Y,Y,Supervisor Walkthrough,customer help point,manual log entry from station desk,N
INC001229,20251203,ST008,IT003,2025-12-03 05:56:00,2025-12-03 06:36:00,2025-12-03 15:23:00,Resolved,Major,40,567,Y,Y,Control Room,ticket hall,linked to crowd control plan,N
INC001230,20251203,ST006,IT003,2025-12-03 20:57:00,2025-12-03 21:03:00,2025-12-04 01:27:00,Resolved,Moderate,6,270,N,N,Control Room,platform stairs,linked to crowd control plan,N
INC001231,20251204,ST009,IT007,2025-12-04 21:18:00,2025-12-04 21:44:00,2025-12-04 21:38:00,Resolved,Critical,26,20,Y,N,Passenger Help Point,customer help point,requires facilities follow-up,N
INC001232,20251204,ST007,IT009,2025-12-04 07:58:00,2025-12-04 08:40:00,2025-12-04 19:28:00,Resolved,Moderate,42,690,Y,N,Mobile Radio,staffed gate line,seen in previous two weeks,N
INC001233,20251204,ST015,IT003,2025-12-04 09:27:00,2025-12-04 09:32:00,2025-12-04 11:46:00,Resolved,Major,5,139,N,N,Passenger Help Point,ticket hall,seen in previous two weeks,N
INC001234,20251204,ST011,IT002,2025-12-04 17:28:00,2025-12-04 17:38:00,2025-12-04 20:45:00,Resolved,Major,10,197,Y,Y,Control Room,bus interchange,linked to crowd control plan,N
INC001235,20251204,ST016,IT011,2025-12-04 11:24:00,2025-12-04 11:40:00,2025-12-04 20:13:00,Resolved,Minor,16,529,N,Y,Passenger Help Point,lift lobby,repeat complaint from morning peak,N
INC001236,20251204,ST007,IT012,2025-12-04 20:01:00,2025-12-04 20:18:00,,Escalated,Major,17,,Y,N,Mobile Radio,platform stairs,reported by service controller,N
INC001237,20251204,ST001,IT007,2025-12-04 19:25:00,2025-12-04 19:26:00,2025-12-04 23:11:00,Resolved,Major,1,226,N,Y,Mobile Radio,staffed gate line,linked to crowd control plan,Y
INC001238,20251205,ST006,IT003,2025-12-05 11:45:00,2025-12-05 11:51:00,2025-12-05 17:29:00,Resolved,Moderate,6,344,N,N,Supervisor Walkthrough,lift lobby,passenger assistance team notified,N
INC001239,20251206,ST006,IT009,2025-12-06 16:08:00,2025-12-06 16:51:00,2025-12-07 00:40:00,Resolved,Minor,43,512,Y,N,Passenger Help Point,ticket hall,reported by service controller,Y
INC001240,20251207,ST009,IT012,2025-12-07 15:16:00,2025-12-07 15:22:00,,In Progress,Moderate,6,,N,N,Mobile Radio,main concourse,linked to crowd control plan,N
INC001241,20251207,ST011,IT010,2025-12-07 09:03:00,2025-12-07 09:48:00,2025-12-08 13:44:00,Resolved,Major,45,1721,N,Y,Supervisor Walkthrough,platform stairs,repeat complaint from morning peak,N
INC001242,20251207,ST001,IT007,2025-12-07 17:19:00,2025-12-07 18:16:00,2025-12-07 18:22:00,Resolved,Major,57,63,Y,N,Station Desk,platform stairs,temporary signage installed,N
INC001243,20251207,ST001,IT011,2025-12-07 21:08:00,2025-12-07 21:27:00,,Open,Moderate,19,,N,N,Mobile Radio,main concourse,linked to crowd control plan,N
INC001244,20251207,ST007,IT011,2025-12-07 11:31:00,2025-12-07 11:57:00,2025-12-07 11:51:00,Resolved,Moderate,26,20,Y,N,Control Room,northbound platform,passenger assistance team notified,N
INC001245,20251207,ST006,IT003,2025-12-07 11:34:00,2025-12-07 12:20:00,2025-12-07 17:49:00,Resolved,Major,46,375,Y,Y,Supervisor Walkthrough,lift lobby,passenger assistance team notified,Y
INC001246,20251208,ST001,IT007,2025-12-08 08:50:00,2025-12-08 09:10:00,2025-12-08 09:10:00,Resolved,Major,20,20,Y,N,Passenger Help Point,platform stairs,requires facilities follow-up,N
INC001247,20251208,ST005,IT005,2025-12-08 11:18:00,2025-12-08 11:25:00,,In Progress,Major,7,,N,N,Passenger Help Point,customer help point,manual log entry from station desk,N
INC001248,20251208,ST008,IT001,2025-12-08 10:01:00,2025-12-08 10:19:00,2025-12-08 15:04:00,Resolved,Moderate,18,303,Y,Y,Passenger Help Point,lift lobby,manual log entry from station desk,Y
INC001249,20251208,ST001,IT003,2025-12-08 18:40:00,2025-12-08 18:59:00,2025-12-08 21:13:00,Resolved,Minor,19,153,Y,N,Control Room,lift lobby,seen in previous two weeks,N
INC001250,20251208,ST001,IT002,2025-12-08 21:23:00,2025-12-08 21:30:00,2025-12-09 00:13:00,Resolved,Critical,7,170,Y,Y,Mobile Radio,customer help point,temporary signage installed,N
INC001251,20251208,ST008,IT011,2025-12-08 16:47:00,2025-12-08 17:07:00,2025-12-09 07:07:00,Resolved,Moderate,20,860,N,Y,Mobile Radio,northbound platform,reported by service controller,N
INC001252,20251208,ST009,IT002,2025-12-08 06:04:00,2025-12-08 06:08:00,,In Progress,Critical,4,,N,N,Station Desk,platform stairs,passenger assistance team notified,N
INC001253,20251209,ST003,IT003,2025-12-09 09:55:00,2025-12-09 10:03:00,2025-12-09 11:48:00,Resolved,Moderate,8,113,N,N,Mobile Radio,northbound platform,manual log entry from station desk,Y
INC001254,20251210,ST007,IT008,2025-12-10 13:39:00,2025-12-10 13:45:00,2025-12-10 21:57:00,Resolved,Critical,6,498,N,Y,Passenger Help Point,northbound platform,linked to crowd control plan,N
INC001255,20251210,ST008,IT011,2025-12-10 12:46:00,2025-12-10 13:12:00,2025-12-10 13:06:00,Resolved,Major,26,20,Y,N,Station Desk,ticket hall,manual log entry from station desk,N
INC001256,20251210,ST001,IT001,2025-12-10 17:42:00,2025-12-10 17:49:00,2025-12-11 04:58:00,Resolved,Critical,7,676,N,Y,Control Room,lift lobby,reported by service controller,Y
INC001257,20251211,ST010,IT007,2025-12-11 19:10:00,2025-12-11 20:02:00,,Open,Major,52,,Y,N,Supervisor Walkthrough,staffed gate line,linked to crowd control plan,N
INC001258,20251211,ST005,IT007,2025-12-11 21:47:00,2025-12-11 21:58:00,2025-12-12 03:06:00,Resolved,Major,11,319,N,Y,Control Room,platform stairs,passenger assistance team notified,Y
INC001259,20251211,ST008,IT011,2025-12-11 17:22:00,2025-12-11 17:42:00,2025-12-11 22:54:00,Resolved,Moderate,20,332,N,N,Control Room,northbound platform,manual log entry from station desk,N
INC001260,20251212,ST008,IT003,2025-12-12 16:29:00,2025-12-12 16:44:00,2025-12-12 21:59:00,Resolved,Moderate,15,330,Y,N,Passenger Help Point,northbound platform,passenger assistance team notified,Y
INC001261,20251212,ST008,IT005,2025-12-12 17:57:00,2025-12-12 18:19:00,2025-12-13 15:18:00,Resolved,Major,22,1281,N,N,Mobile Radio,northbound platform,reported by service controller,N
INC001262,20251212,ST013,IT005,2025-12-12 11:17:00,2025-12-12 11:34:00,,Open,Minor,17,,N,N,Mobile Radio,ticket hall,repeat complaint from morning peak,N
INC001263,20251212,ST010,IT009,2025-12-12 10:53:00,2025-12-12 11:22:00,2025-12-13 12:11:00,Resolved,Minor,29,1518,Y,Y,Control Room,staffed gate line,manual log entry from station desk,Y
INC001264,20251212,ST006,IT003,2025-12-12 20:33:00,2025-12-12 20:48:00,,In Progress,Minor,15,,Y,N,Mobile Radio,platform stairs,seen in previous two weeks,N
INC001265,20251212,ST006,IT012,2025-12-12 15:02:00,2025-12-12 15:04:00,2025-12-12 22:29:00,Resolved,Major,2,447,N,N,Station Desk,staffed gate line,linked to crowd control plan,N
INC001266,20251212,ST004,IT001,2025-12-12 16:59:00,2025-12-12 17:11:00,,Escalated,Major,12,,N,N,Passenger Help Point,platform stairs,requires facilities follow-up,N
INC001267,20251212,ST002,IT011,2025-12-12 17:14:00,2025-12-12 17:15:00,2025-12-13 07:59:00,Resolved,Minor,1,885,N,Y,Supervisor Walkthrough,platform stairs,manual log entry from station desk,N
INC001268,20251212,ST014,IT006,2025-12-12 09:35:00,2025-12-12 09:45:00,2025-12-13 02:53:00,Resolved,Moderate,10,1038,N,N,Mobile Radio,ticket hall,reported by service controller,N
INC001269,20251212,ST005,IT006,2025-12-12 21:30:00,2025-12-12 21:40:00,2025-12-13 10:02:00,Resolved,Major,10,752,N,N,Supervisor Walkthrough,ticket hall,passenger assistance team notified,N
INC001270,20251213,ST014,IT005,2025-12-13 16:07:00,2025-12-13 16:59:00,2025-12-15 01:34:00,Resolved,Moderate,52,2007,Y,Y,Station Desk,lift lobby,manual log entry from station desk,N
INC001271,20251213,ST004,IT005,2025-12-13 23:50:00,2025-12-14 00:47:00,2025-12-15 05:45:00,Resolved,Major,57,1795,Y,Y,Station Desk,lift lobby,temporary signage installed,N
INC001272,20251213,ST014,IT006,2025-12-13 18:28:00,2025-12-13 18:56:00,2025-12-14 11:24:00,Resolved,Moderate,28,1016,Y,N,Control Room,platform stairs,passenger assistance team notified,N
INC001273,20251213,ST009,IT003,2025-12-13 23:20:00,2025-12-13 23:39:00,2025-12-14 04:56:00,Resolved,Moderate,19,336,Y,N,Passenger Help Point,ticket hall,requires facilities follow-up,N
INC001274,20251214,ST005,IT006,2025-12-14 17:30:00,2025-12-14 17:55:00,2025-12-15 02:10:00,Resolved,Minor,25,520,Y,N,Station Desk,staffed gate line,linked to crowd control plan,Y
INC001275,20251215,ST004,IT007,2025-12-15 15:52:00,2025-12-15 16:10:00,2025-12-15 16:12:00,Resolved,Major,18,20,Y,N,Control Room,lift lobby,seen in previous two weeks,N
INC001276,20251215,ST012,IT002,2025-12-15 20:04:00,2025-12-15 20:08:00,2025-12-16 01:39:00,Resolved,Critical,4,335,N,Y,Station Desk,staffed gate line,passenger assistance team notified,Y
INC001277,20251215,ST008,IT002,2025-12-15 19:04:00,2025-12-15 19:07:00,2025-12-16 17:01:00,Resolved,Moderate,3,1317,N,Y,Station Desk,main concourse,reported by service controller,N
INC001278,20251215,ST009,IT007,2025-12-15 17:24:00,2025-12-15 17:32:00,,Open,Major,8,,N,N,Passenger Help Point,bus interchange,linked to crowd control plan,N
INC001279,20251215,ST001,IT006,2025-12-15 16:47:00,2025-12-15 18:24:00,2025-12-16 22:59:00,Resolved,Minor,97,1812,Y,Y,Station Desk,staffed gate line,requires facilities follow-up,N
INC001280,20251215,ST013,IT008,2025-12-15 12:09:00,2025-12-15 12:24:00,2025-12-15 15:05:00,Resolved,Minor,15,176,Y,N,Passenger Help Point,platform stairs,linked to crowd control plan,N
INC001281,20251216,ST005,IT001,2025-12-16 06:19:00,2025-12-16 07:14:00,2025-12-16 09:13:00,Resolved,Major,55,174,Y,N,Station Desk,platform stairs,passenger assistance team notified,N
INC001282,20251216,ST013,IT003,2025-12-16 19:18:00,2025-12-16 19:56:00,2025-12-17 00:09:00,Resolved,Major,38,291,Y,N,Station Desk,lift lobby,passenger assistance team notified,N
INC001283,20251216,ST002,IT003,2025-12-16 17:11:00,2025-12-16 17:25:00,2025-12-17 07:28:00,Resolved,Major,14,857,Y,Y,Mobile Radio,customer help point,repeat complaint from morning peak,N
INC001284,20251216,ST016,IT008,2025-12-16 06:27:00,2025-12-16 06:43:00,,Open,Major,16,,Y,N,Station Desk,main concourse,requires facilities follow-up,N
INC001285,20251216,ST005,IT003,2025-12-16 23:30:00,2025-12-16 23:31:00,2025-12-17 05:13:00,Resolved,Major,1,343,N,N,Supervisor Walkthrough,staffed gate line,reported by service controller,N
INC001286,20251216,ST008,IT002,2025-12-16 16:04:00,2025-12-16 16:09:00,2025-12-16 17:14:00,Resolved,Critical,5,70,N,N,Mobile Radio,bus interchange,seen in previous two weeks,N
INC001287,20251216,ST001,IT006,2025-12-16 20:34:00,2025-12-16 21:42:00,2025-12-16 20:54:00,Resolved,Major,68,20,Y,N,Station Desk,bus interchange,linked to crowd control plan,N
INC001288,20251217,ST006,IT005,2025-12-17 17:20:00,2025-12-17 18:37:00,2025-12-18 15:40:00,Resolved,Critical,77,1340,Y,N,Mobile Radio,bus interchange,repeat complaint from morning peak,N
INC001289,20251217,ST014,IT010,2025-12-17 06:19:00,2025-12-17 06:30:00,2025-12-18 00:59:00,Resolved,Minor,11,1120,N,N,Supervisor Walkthrough,ticket hall,repeat complaint from morning peak,N
INC001290,20251217,ST016,IT011,2025-12-17 08:45:00,2025-12-17 08:55:00,2025-12-17 14:50:00,Resolved,Moderate,10,365,N,N,Passenger Help Point,northbound platform,manual log entry from station desk,N
INC001291,20251217,ST008,IT010,2025-12-17 05:06:00,2025-12-17 05:29:00,2025-12-17 09:46:00,Resolved,Moderate,23,280,N,N,Passenger Help Point,main concourse,reported by service controller,N
INC001292,20251218,ST002,IT002,2025-12-18 14:04:00,2025-12-18 14:12:00,2025-12-18 14:35:00,Resolved,Critical,8,31,Y,N,Control Room,northbound platform,manual log entry from station desk,N
INC001293,20251218,ST009,IT002,2025-12-18 15:33:00,2025-12-18 15:35:00,2025-12-18 20:01:00,Resolved,Critical,2,268,N,Y,Control Room,platform stairs,temporary signage installed,N
INC001294,20251218,ST015,IT003,2025-12-18 21:13:00,2025-12-18 21:16:00,,In Progress,Moderate,3,,N,N,Control Room,main concourse,reported by service controller,N
INC001295,20251218,ST010,IT001,2025-12-18 19:43:00,2025-12-18 19:52:00,2025-12-18 20:03:00,Resolved,Critical,9,20,N,N,Mobile Radio,staffed gate line,seen in previous two weeks,N
INC001296,20251218,ST010,IT009,2025-12-18 10:59:00,2025-12-18 11:23:00,2025-12-18 19:18:00,Resolved,Minor,24,499,N,N,Control Room,northbound platform,requires facilities follow-up,Y
INC001297,20251218,ST003,IT009,2025-12-18 22:11:00,2025-12-18 23:32:00,2025-12-19 11:54:00,Resolved,Minor,81,823,Y,Y,Mobile Radio,main concourse,temporary signage installed,N
INC001298,20251219,ST004,IT005,2025-12-19 19:10:00,2025-12-19 19:33:00,2025-12-20 20:23:00,Resolved,Moderate,23,1513,N,Y,Mobile Radio,staffed gate line,manual log entry from station desk,N
INC001299,20251219,ST002,IT001,2025-12-19 14:04:00,2025-12-19 14:14:00,2025-12-19 15:01:00,Resolved,Minor,10,57,N,N,Control Room,northbound platform,manual log entry from station desk,N
INC001300,20251219,ST006,IT007,2025-12-19 22:08:00,2025-12-19 22:27:00,2025-12-19 23:45:00,Resolved,Moderate,19,97,Y,N,Control Room,northbound platform,manual log entry from station desk,N
INC001301,20251219,ST010,IT006,2025-12-19 09:09:00,2025-12-19 09:12:00,2025-12-20 11:43:00,Resolved,Moderate,3,1594,N,Y,Passenger Help Point,staffed gate line,reported by service controller,N
INC001302,20251220,ST009,IT007,2025-12-20 20:21:00,2025-12-20 20:23:00,2025-12-21 01:58:00,Resolved,Critical,2,337,N,Y,Mobile Radio,lift lobby,requires facilities follow-up,N
INC001303,20251220,ST004,IT005,2025-12-20 11:43:00,2025-12-20 12:11:00,2025-12-20 12:03:00,Resolved,Moderate,28,20,N,N,Control Room,northbound platform,temporary signage installed,N
INC001304,20251220,ST014,IT006,2025-12-20 13:44:00,2025-12-20 14:00:00,2025-12-20 14:04:00,Resolved,Major,16,20,N,N,Station Desk,main concourse,passenger assistance team notified,N
INC001305,20251220,ST013,IT005,2025-12-20 11:21:00,2025-12-20 12:29:00,2025-12-22 01:01:00,Resolved,Moderate,68,2260,Y,Y,Station Desk,customer help point,manual log entry from station desk,N
INC001306,20251221,ST008,IT012,2025-12-21 16:31:00,2025-12-21 16:40:00,2025-12-22 01:55:00,Resolved,Moderate,9,564,N,N,Mobile Radio,ticket hall,requires facilities follow-up,N
INC001307,20251221,ST004,IT003,2025-12-21 06:25:00,2025-12-21 07:19:00,2025-12-21 13:48:00,Resolved,Minor,54,443,Y,Y,Supervisor Walkthrough,staffed gate line,reported by service controller,Y
INC001308,20251221,ST001,IT001,2025-12-21 15:28:00,2025-12-21 15:42:00,,Open,Moderate,14,,Y,N,Mobile Radio,customer help point,requires facilities follow-up,Y
INC001309,20251222,ST010,IT005,2025-12-22 06:56:00,2025-12-22 07:18:00,2025-12-24 01:28:00,Resolved,Major,22,2552,N,Y,Control Room,bus interchange,reported by service controller,N
INC001310,20251222,ST012,IT011,2025-12-22 20:16:00,2025-12-22 20:56:00,2025-12-22 20:36:00,Resolved,Major,40,20,Y,N,Passenger Help Point,staffed gate line,linked to crowd control plan,N
INC001311,20251222,ST003,IT006,2025-12-22 22:45:00,2025-12-22 22:46:00,2025-12-23 08:48:00,Resolved,Critical,1,603,N,N,Control Room,northbound platform,requires facilities follow-up,N
INC001312,20251222,ST010,IT001,2025-12-22 09:22:00,2025-12-22 09:29:00,2025-12-22 17:52:00,Resolved,Minor,7,510,N,Y,Mobile Radio,bus interchange,repeat complaint from morning peak,Y
INC001313,20251223,ST013,IT011,2025-12-23 18:16:00,2025-12-23 18:44:00,2025-12-23 18:36:00,Resolved,Moderate,28,20,Y,N,Control Room,customer help point,seen in previous two weeks,N
INC001314,20251223,ST006,IT010,2025-12-23 11:11:00,2025-12-23 11:28:00,2025-12-23 11:31:00,Resolved,Critical,17,20,N,N,Passenger Help Point,bus interchange,temporary signage installed,N
INC001315,20251223,ST006,IT003,2025-12-23 05:15:00,2025-12-23 05:27:00,,Open,Major,12,,Y,N,Control Room,main concourse,manual log entry from station desk,N
INC001316,20251223,ST003,IT003,2025-12-23 12:09:00,2025-12-23 12:16:00,2025-12-23 21:12:00,Resolved,Major,7,543,N,Y,Station Desk,main concourse,seen in previous two weeks,N
INC001317,20251223,ST007,IT005,2025-12-23 12:29:00,2025-12-23 12:55:00,2025-12-24 11:07:00,Resolved,Minor,26,1358,N,N,Passenger Help Point,platform stairs,reported by service controller,N
INC001318,20251223,ST010,IT007,2025-12-23 19:42:00,2025-12-23 19:54:00,2025-12-24 00:41:00,Resolved,Moderate,12,299,N,Y,Supervisor Walkthrough,customer help point,passenger assistance team notified,Y
INC001319,20251224,ST003,IT007,2025-12-24 17:15:00,2025-12-24 17:28:00,2025-12-24 19:10:00,Resolved,Minor,13,115,N,N,Mobile Radio,ticket hall,repeat complaint from morning peak,N
INC001320,20251224,ST001,IT005,2025-12-24 06:34:00,2025-12-24 06:46:00,2025-12-26 14:54:00,Resolved,Minor,12,3380,N,Y,Control Room,lift lobby,temporary signage installed,Y
INC001321,20251224,ST004,IT001,2025-12-24 16:56:00,2025-12-24 17:07:00,2025-12-25 00:04:00,Resolved,Moderate,11,428,N,Y,Station Desk,platform stairs,manual log entry from station desk,N
INC001322,20251224,ST002,IT010,2025-12-24 16:31:00,2025-12-24 17:23:00,2025-12-25 22:35:00,Resolved,Moderate,52,1804,Y,Y,Mobile Radio,platform stairs,reported by service controller,N
INC001323,20251224,ST001,IT008,2025-12-24 17:46:00,2025-12-24 17:47:00,,Open,Minor,1,,N,N,Supervisor Walkthrough,main concourse,temporary signage installed,N
INC001324,20251224,ST006,IT008,2025-12-24 10:57:00,2025-12-24 11:04:00,2025-12-25 01:35:00,Resolved,Moderate,7,878,N,Y,Station Desk,main concourse,temporary signage installed,N
INC001325,20251225,ST001,IT009,2025-12-25 16:07:00,2025-12-25 16:31:00,2025-12-26 00:18:00,Resolved,Moderate,24,491,N,N,Supervisor Walkthrough,lift lobby,seen in previous two weeks,Y
INC001326,20251225,ST002,IT010,2025-12-25 17:28:00,2025-12-25 17:48:00,,Open,Moderate,20,,N,N,Control Room,lift lobby,manual log entry from station desk,Y
INC001327,20251225,ST008,IT007,2025-12-25 12:36:00,2025-12-25 12:58:00,2025-12-25 17:59:00,Resolved,Moderate,22,323,Y,Y,Mobile Radio,customer help point,passenger assistance team notified,N
INC001328,20251226,ST007,IT004,2025-12-26 12:26:00,2025-12-26 12:29:00,2025-12-26 14:13:00,Resolved,Critical,3,107,N,N,Station Desk,platform stairs,repeat complaint from morning peak,Y
INC001329,20251227,ST013,IT007,2025-12-27 09:45:00,2025-12-27 10:44:00,2025-12-27 14:37:00,Resolved,Moderate,59,292,Y,Y,Supervisor Walkthrough,main concourse,linked to crowd control plan,N
INC001330,20251227,ST011,IT003,2025-12-27 09:51:00,2025-12-27 10:06:00,2025-12-27 10:11:00,Resolved,Moderate,15,20,Y,N,Control Room,bus interchange,temporary signage installed,N
INC001331,20251227,ST006,IT001,2025-12-27 07:38:00,2025-12-27 07:52:00,2025-12-27 11:32:00,Resolved,Major,14,234,Y,N,Passenger Help Point,main concourse,passenger assistance team notified,N
INC001332,20251227,ST001,IT011,2025-12-27 12:20:00,2025-12-27 12:43:00,2025-12-27 19:42:00,Resolved,Major,23,442,Y,N,Control Room,bus interchange,reported by service controller,Y
INC001333,20251228,ST006,IT012,2025-12-28 12:40:00,2025-12-28 12:49:00,2025-12-28 19:42:00,Resolved,Critical,9,422,N,N,Supervisor Walkthrough,main concourse,reported by service controller,Y
INC001334,20251228,ST002,IT006,2025-12-28 13:39:00,2025-12-28 14:03:00,2025-12-29 01:39:00,Resolved,Critical,24,720,Y,N,Mobile Radio,customer help point,seen in previous two weeks,N
INC001335,20251229,ST001,IT001,2025-12-29 13:47:00,2025-12-29 14:12:00,2025-12-29 14:07:00,Resolved,Moderate,25,20,Y,N,Mobile Radio,bus interchange,reported by service controller,N
INC001336,20251229,ST003,IT006,2025-12-29 22:38:00,2025-12-29 22:50:00,2025-12-31 02:23:00,Resolved,Minor,12,1665,N,Y,Mobile Radio,northbound platform,reported by service controller,N
INC001337,20251229,ST010,IT003,2025-12-29 22:56:00,2025-12-29 23:12:00,2025-12-30 05:15:00,Resolved,Moderate,16,379,Y,Y,Control Room,staffed gate line,reported by service controller,N
INC001338,20251229,ST007,IT005,2025-12-29 23:37:00,2025-12-30 00:03:00,2025-12-29 23:57:00,Resolved,Major,26,20,N,N,Mobile Radio,customer help point,seen in previous two weeks,Y
INC001339,20251229,ST009,IT007,2025-12-29 23:27:00,2025-12-29 23:43:00,2025-12-30 03:52:00,Resolved,Moderate,16,265,Y,Y,Mobile Radio,staffed gate line,reported by service controller,N
INC001340,20251229,ST013,IT005,2025-12-29 16:34:00,2025-12-29 17:19:00,,Escalated,Major,45,,Y,N,Mobile Radio,bus interchange,temporary signage installed,N
INC001341,20251230,ST001,IT006,2025-12-30 13:04:00,2025-12-30 13:11:00,2025-12-31 00:49:00,Resolved,Moderate,7,705,N,N,Mobile Radio,bus interchange,linked to crowd control plan,N
INC001342,20251230,ST006,IT007,2025-12-30 13:19:00,2025-12-30 13:34:00,2025-12-30 16:00:00,Resolved,Major,15,161,N,N,Control Room,platform stairs,repeat complaint from morning peak,Y
INC001343,20251230,ST016,IT010,2025-12-30 17:33:00,2025-12-30 17:49:00,2026-01-01 09:49:00,Resolved,Moderate,16,2416,N,Y,Station Desk,lift lobby,manual log entry from station desk,N
INC001344,20251230,ST001,IT005,2025-12-30 09:16:00,2025-12-30 09:59:00,2025-12-30 09:36:00,Resolved,Moderate,43,20,Y,N,Station Desk,platform stairs,temporary signage installed,N
INC001345,20251231,ST016,IT003,2025-12-31 22:38:00,2025-12-31 22:50:00,2025-12-31 22:58:00,Resolved,Critical,12,20,Y,N,Supervisor Walkthrough,main concourse,seen in previous two weeks,N
INC001346,20251231,ST007,IT001,2025-12-31 08:09:00,2025-12-31 08:20:00,2025-12-31 11:57:00,Resolved,Minor,11,228,N,N,Supervisor Walkthrough,bus interchange,temporary signage installed,N
INC001347,20251231,ST001,IT006,2025-12-31 12:34:00,2025-12-31 12:37:00,2026-01-01 01:26:00,Resolved,Major,3,772,N,N,Supervisor Walkthrough,staffed gate line,requires facilities follow-up,N
INC001348,20260101,ST003,IT008,2026-01-01 16:13:00,2026-01-01 16:21:00,2026-01-01 18:05:00,Resolved,Moderate,8,112,N,N,Control Room,lift lobby,temporary signage installed,N
INC001349,20260101,ST003,IT011,2026-01-01 08:08:00,2026-01-01 08:51:00,2026-01-01 17:17:00,Resolved,Major,43,549,Y,Y,Station Desk,customer help point,manual log entry from station desk,N
INC001350,20260101,ST008,IT005,2026-01-01 18:59:00,2026-01-01 19:35:00,2026-01-04 00:49:00,Resolved,Moderate,36,3230,Y,Y,Station Desk,northbound platform,reported by service controller,N
INC001351,20260101,ST002,IT002,2026-01-01 15:50:00,2026-01-01 15:52:00,2026-01-01 19:39:00,Resolved,Critical,2,229,N,Y,Mobile Radio,northbound platform,reported by service controller,N
INC001352,20260102,ST016,IT001,2026-01-02 10:31:00,2026-01-02 11:48:00,2026-01-02 21:26:00,Resolved,Major,77,655,Y,Y,Supervisor Walkthrough,lift lobby,passenger assistance team notified,N
INC001353,20260102,ST010,IT010,2026-01-02 07:20:00,2026-01-02 08:24:00,2026-01-03 23:29:00,Resolved,Major,64,2409,Y,Y,Station Desk,lift lobby,repeat complaint from morning peak,N
INC001354,20260102,ST001,IT010,2026-01-02 14:45:00,2026-01-02 14:56:00,2026-01-03 06:11:00,Resolved,Minor,11,926,N,N,Supervisor Walkthrough,bus interchange,temporary signage installed,N
INC001355,20260103,ST010,IT010,2026-01-03 20:18:00,2026-01-03 20:57:00,2026-01-04 18:57:00,Resolved,Moderate,39,1359,N,N,Mobile Radio,platform stairs,requires facilities follow-up,Y
INC001356,20260103,ST005,IT009,2026-01-03 17:07:00,2026-01-03 17:41:00,2026-01-04 00:11:00,Resolved,Major,34,424,Y,N,Supervisor Walkthrough,staffed gate line,manual log entry from station desk,N
INC001357,20260104,ST010,IT001,2026-01-04 16:21:00,2026-01-04 17:08:00,2026-01-05 00:42:00,Resolved,Moderate,47,501,Y,Y,Supervisor Walkthrough,platform stairs,requires facilities follow-up,N
INC001358,20260104,ST007,IT007,2026-01-04 10:04:00,2026-01-04 10:22:00,2026-01-04 10:24:00,Resolved,Moderate,18,20,Y,N,Mobile Radio,ticket hall,requires facilities follow-up,N
INC001359,20260105,ST005,IT003,2026-01-05 07:18:00,2026-01-05 07:31:00,2026-01-05 07:38:00,Resolved,Moderate,13,20,Y,N,Control Room,customer help point,seen in previous two weeks,N
INC001360,20260105,ST010,IT002,2026-01-05 22:10:00,2026-01-05 22:11:00,2026-01-05 22:30:00,Resolved,Moderate,1,20,N,N,Station Desk,main concourse,passenger assistance team notified,N
INC001361,20260105,ST015,IT006,2026-01-05 22:44:00,2026-01-05 23:35:00,2026-01-07 00:31:00,Resolved,Moderate,51,1547,Y,Y,Station Desk,bus interchange,passenger assistance team notified,N
INC001362,20260105,ST002,IT001,2026-01-05 11:53:00,2026-01-05 12:20:00,2026-01-05 14:56:00,Resolved,Major,27,183,Y,N,Station Desk,bus interchange,manual log entry from station desk,N
INC001363,20260105,ST010,IT005,2026-01-05 15:19:00,2026-01-05 15:40:00,2026-01-06 14:54:00,Resolved,Moderate,21,1415,N,N,Supervisor Walkthrough,main concourse,seen in previous two weeks,N
INC001364,20260105,ST014,IT001,2026-01-05 17:38:00,2026-01-05 18:00:00,,Escalated,Moderate,22,,Y,N,Mobile Radio,customer help point,temporary signage installed,N
INC001365,20260105,ST009,IT011,2026-01-05 09:41:00,2026-01-05 10:01:00,2026-01-06 04:58:00,Resolved,Moderate,20,1157,N,Y,Control Room,main concourse,passenger assistance team notified,N
INC001366,20260106,ST016,IT005,2026-01-06 14:23:00,2026-01-06 15:01:00,2026-01-08 05:39:00,Resolved,Moderate,38,2356,Y,Y,Station Desk,platform stairs,requires facilities follow-up,N
INC001367,20260107,ST005,IT012,2026-01-07 18:02:00,2026-01-07 18:07:00,2026-01-08 23:52:00,Resolved,Moderate,5,1790,N,Y,Control Room,staffed gate line,repeat complaint from morning peak,N
INC001368,20260107,ST007,IT003,2026-01-07 07:09:00,2026-01-07 07:14:00,2026-01-07 11:10:00,Resolved,Major,5,241,N,N,Supervisor Walkthrough,main concourse,passenger assistance team notified,N
INC001369,20260107,ST010,IT007,2026-01-07 10:12:00,2026-01-07 10:20:00,2026-01-07 14:51:00,Resolved,Moderate,8,279,N,Y,Control Room,ticket hall,requires facilities follow-up,N
INC001370,20260107,ST016,IT005,2026-01-07 17:23:00,2026-01-07 17:52:00,2026-01-07 17:43:00,Resolved,Major,29,20,N,N,Supervisor Walkthrough,bus interchange,repeat complaint from morning peak,N
INC001371,20260107,ST005,IT007,2026-01-07 08:14:00,2026-01-07 08:35:00,2026-01-07 10:17:00,Resolved,Major,21,123,Y,N,Station Desk,northbound platform,manual log entry from station desk,N
INC001372,20260107,ST001,IT011,2026-01-07 22:30:00,2026-01-07 22:46:00,2026-01-08 16:06:00,Resolved,Moderate,16,1056,N,Y,Supervisor Walkthrough,main concourse,temporary signage installed,N
INC001373,20260107,ST007,IT005,2026-01-07 09:28:00,2026-01-07 10:43:00,2026-01-09 01:22:00,Resolved,Major,75,2394,Y,Y,Passenger Help Point,platform stairs,temporary signage installed,N
INC001374,20260108,ST007,IT008,2026-01-08 17:45:00,2026-01-08 17:48:00,2026-01-08 22:23:00,Resolved,Moderate,3,278,N,N,Mobile Radio,platform stairs,manual log entry from station desk,N
INC001375,20260108,ST002,IT010,2026-01-08 07:57:00,2026-01-08 09:23:00,2026-01-09 00:03:00,Resolved,Moderate,86,966,Y,N,Control Room,lift lobby,temporary signage installed,N
INC001376,20260108,ST010,IT001,2026-01-08 21:22:00,2026-01-08 21:25:00,2026-01-08 22:59:00,Resolved,Critical,3,97,N,N,Station Desk,ticket hall,repeat complaint from morning peak,Y
INC001377,20260109,ST006,IT001,2026-01-09 16:45:00,2026-01-09 16:50:00,2026-01-09 18:38:00,Resolved,Major,5,113,N,N,Control Room,staffed gate line,linked to crowd control plan,N
INC001378,20260109,ST013,IT009,2026-01-09 18:55:00,2026-01-09 19:11:00,,In Progress,Moderate,16,,N,N,Passenger Help Point,northbound platform,temporary signage installed,N
INC001379,20260109,ST013,IT006,2026-01-09 15:04:00,2026-01-09 15:41:00,2026-01-09 19:32:00,Resolved,Moderate,37,268,Y,N,Supervisor Walkthrough,northbound platform,seen in previous two weeks,N
INC001380,20260109,ST002,IT001,2026-01-09 06:08:00,2026-01-09 06:16:00,2026-01-09 14:03:00,Resolved,Minor,8,475,N,Y,Control Room,main concourse,passenger assistance team notified,Y
INC001381,20260110,ST012,IT008,2026-01-10 10:56:00,2026-01-10 11:05:00,2026-01-10 13:52:00,Resolved,Moderate,9,176,N,N,Station Desk,customer help point,manual log entry from station desk,N
INC001382,20260110,ST015,IT011,2026-01-10 11:56:00,2026-01-10 12:09:00,2026-01-10 13:13:00,Resolved,Moderate,13,77,N,N,Station Desk,customer help point,passenger assistance team notified,Y
INC001383,20260110,ST014,IT001,2026-01-10 21:54:00,2026-01-10 22:09:00,2026-01-11 16:14:00,Resolved,Moderate,15,1100,Y,Y,Passenger Help Point,platform stairs,linked to crowd control plan,N
INC001384,20260111,ST013,IT007,2026-01-11 15:15:00,2026-01-11 15:35:00,,Escalated,Moderate,20,,Y,N,Control Room,northbound platform,seen in previous two weeks,N
INC001385,20260111,ST004,IT008,2026-01-11 06:23:00,2026-01-11 06:32:00,2026-01-11 12:31:00,Resolved,Moderate,9,368,N,Y,Station Desk,ticket hall,repeat complaint from morning peak,Y
INC001386,20260112,ST006,IT004,2026-01-12 21:10:00,2026-01-12 21:17:00,2026-01-12 22:59:00,Resolved,Critical,7,109,Y,N,Control Room,bus interchange,repeat complaint from morning peak,Y
INC001387,20260112,ST016,IT011,2026-01-12 21:09:00,2026-01-12 21:12:00,2026-01-13 04:14:00,Resolved,Moderate,3,425,N,N,Passenger Help Point,lift lobby,manual log entry from station desk,N
INC001388,20260112,ST015,IT003,2026-01-12 06:53:00,2026-01-12 07:09:00,2026-01-12 17:42:00,Resolved,Minor,16,649,Y,Y,Control Room,lift lobby,repeat complaint from morning peak,N
INC001389,20260113,ST013,IT001,2026-01-13 10:36:00,2026-01-13 10:58:00,2026-01-13 13:41:00,Resolved,Critical,22,185,Y,N,Supervisor Walkthrough,bus interchange,passenger assistance team notified,N
INC001390,20260113,ST008,IT006,2026-01-13 08:24:00,2026-01-13 08:46:00,2026-01-13 14:55:00,Resolved,Minor,22,391,Y,N,Passenger Help Point,lift lobby,requires facilities follow-up,Y
INC001391,20260113,ST009,IT001,2026-01-13 16:11:00,2026-01-13 16:23:00,2026-01-13 20:18:00,Resolved,Moderate,12,247,N,Y,Station Desk,customer help point,repeat complaint from morning peak,N
INC001392,20260113,ST007,IT006,2026-01-13 14:09:00,2026-01-13 15:03:00,2026-01-13 23:04:00,Resolved,Critical,54,535,Y,N,Passenger Help Point,platform stairs,repeat complaint from morning peak,N
INC001393,20260113,ST010,IT007,2026-01-13 21:33:00,2026-01-13 22:00:00,2026-01-14 16:59:00,Resolved,Minor,27,1166,Y,Y,Supervisor Walkthrough,ticket hall,reported by service controller,N
INC001394,20260113,ST009,IT006,2026-01-13 23:01:00,2026-01-13 23:21:00,2026-01-14 13:27:00,Resolved,Minor,20,866,N,N,Supervisor Walkthrough,main concourse,reported by service controller,Y
INC001395,20260113,ST001,IT001,2026-01-13 17:20:00,2026-01-13 17:26:00,2026-01-13 20:46:00,Resolved,Critical,6,206,N,N,Station Desk,northbound platform,requires facilities follow-up,N
INC001396,20260113,ST003,IT009,2026-01-13 11:05:00,2026-01-13 12:22:00,2026-01-14 20:29:00,Resolved,Moderate,77,2004,Y,Y,Supervisor Walkthrough,bus interchange,repeat complaint from morning peak,N
INC001397,20260113,ST004,IT001,2026-01-13 08:01:00,2026-01-13 08:23:00,2026-01-14 00:19:00,Resolved,Major,22,978,Y,Y,Passenger Help Point,lift lobby,linked to crowd control plan,N
INC001398,20260113,ST013,IT002,2026-01-13 06:27:00,2026-01-13 06:30:00,2026-01-13 06:50:00,Resolved,Critical,3,23,N,N,Passenger Help Point,bus interchange,repeat complaint from morning peak,N
INC001399,20260114,ST006,IT012,2026-01-14 18:08:00,2026-01-14 19:00:00,2026-01-15 05:07:00,Resolved,Minor,52,659,Y,Y,Supervisor Walkthrough,customer help point,seen in previous two weeks,Y
INC001400,20260114,ST008,IT010,2026-01-14 18:18:00,2026-01-14 19:03:00,2026-01-14 22:53:00,Resolved,Moderate,45,275,N,N,Mobile Radio,bus interchange,requires facilities follow-up,N
INC001401,20260114,ST007,IT009,2026-01-14 10:17:00,2026-01-14 10:50:00,2026-01-14 22:24:00,Resolved,Moderate,33,727,Y,Y,Mobile Radio,staffed gate line,reported by service controller,N
INC001402,20260114,ST008,IT011,2026-01-14 23:20:00,2026-01-14 23:41:00,2026-01-15 19:07:00,Resolved,Moderate,21,1187,Y,Y,Passenger Help Point,northbound platform,repeat complaint from morning peak,N
INC001403,20260114,ST013,IT006,2026-01-14 13:59:00,2026-01-14 14:20:00,,Escalated,Moderate,21,,Y,N,Mobile Radio,bus interchange,linked to crowd control plan,N
INC001404,20260114,ST001,IT009,2026-01-14 08:24:00,2026-01-14 08:25:00,2026-01-15 11:57:00,Resolved,Moderate,1,1653,N,Y,Mobile Radio,customer help point,repeat complaint from morning peak,N
INC001405,20260114,ST011,IT001,2026-01-14 09:22:00,2026-01-14 09:33:00,2026-01-14 15:07:00,Resolved,Moderate,11,345,N,Y,Supervisor Walkthrough,bus interchange,seen in previous two weeks,N
INC001406,20260114,ST008,IT001,2026-01-14 12:03:00,2026-01-14 12:31:00,2026-01-14 19:49:00,Resolved,Moderate,28,466,Y,Y,Supervisor Walkthrough,customer help point,manual log entry from station desk,N
INC001407,20260114,ST004,IT009,2026-01-14 19:35:00,2026-01-14 19:54:00,2026-01-15 23:19:00,Resolved,Minor,19,1664,N,Y,Passenger Help Point,customer help point,seen in previous two weeks,N
INC001408,20260114,ST014,IT006,2026-01-14 10:53:00,2026-01-14 11:05:00,2026-01-15 05:46:00,Resolved,Moderate,12,1133,N,Y,Passenger Help Point,customer help point,temporary signage installed,N
INC001409,20260115,ST013,IT006,2026-01-15 14:55:00,2026-01-15 15:08:00,2026-01-16 02:32:00,Resolved,Moderate,13,697,N,N,Control Room,main concourse,repeat complaint from morning peak,N
INC001410,20260115,ST002,IT006,2026-01-15 06:17:00,2026-01-15 07:08:00,2026-01-15 14:09:00,Resolved,Minor,51,472,Y,N,Passenger Help Point,main concourse,seen in previous two weeks,N
INC001411,20260115,ST001,IT011,2026-01-15 06:04:00,2026-01-15 06:18:00,2026-01-16 01:53:00,Resolved,Major,14,1189,N,Y,Supervisor Walkthrough,main concourse,requires facilities follow-up,N
INC001412,20260115,ST009,IT011,2026-01-15 07:18:00,2026-01-15 07:34:00,2026-01-15 10:25:00,Resolved,Major,16,187,N,N,Passenger Help Point,ticket hall,repeat complaint from morning peak,Y
INC001413,20260115,ST011,IT002,2026-01-15 23:39:00,2026-01-15 23:46:00,2026-01-16 02:21:00,Resolved,Critical,7,162,Y,Y,Mobile Radio,bus interchange,repeat complaint from morning peak,N
INC001414,20260115,ST013,IT006,2026-01-15 17:06:00,2026-01-15 17:24:00,2026-01-15 17:26:00,Resolved,Major,18,20,N,N,Station Desk,staffed gate line,seen in previous two weeks,N
INC001415,20260115,ST005,IT003,2026-01-15 13:35:00,2026-01-15 13:36:00,2026-01-15 21:42:00,Resolved,Major,1,487,N,Y,Station Desk,customer help point,requires facilities follow-up,N
INC001416,20260115,ST001,IT010,2026-01-15 13:57:00,2026-01-15 14:30:00,2026-01-16 15:20:00,Resolved,Minor,33,1523,N,Y,Supervisor Walkthrough,ticket hall,seen in previous two weeks,N
INC001417,20260115,ST009,IT006,2026-01-15 10:13:00,2026-01-15 10:46:00,,In Progress,Critical,33,,Y,N,Supervisor Walkthrough,main concourse,seen in previous two weeks,N
INC001418,20260116,ST004,IT001,2026-01-16 23:33:00,2026-01-16 23:45:00,2026-01-17 03:22:00,Resolved,Major,12,229,N,N,Station Desk,main concourse,temporary signage installed,N
INC001419,20260116,ST013,IT007,2026-01-16 13:54:00,2026-01-16 14:27:00,2026-01-16 15:25:00,Resolved,Moderate,33,91,Y,N,Mobile Radio,bus interchange,temporary signage installed,N
INC001420,20260116,ST007,IT007,2026-01-16 19:16:00,2026-01-16 19:41:00,,Open,Moderate,25,,Y,N,Passenger Help Point,staffed gate line,repeat complaint from morning peak,N
INC001421,20260116,ST006,IT009,2026-01-16 21:33:00,2026-01-16 22:11:00,2026-01-17 18:10:00,Resolved,Moderate,38,1237,Y,Y,Control Room,lift lobby,manual log entry from station desk,N
INC001422,20260116,ST004,IT006,2026-01-16 21:18:00,2026-01-16 21:42:00,2026-01-18 01:39:00,Resolved,Moderate,24,1701,Y,Y,Passenger Help Point,main concourse,manual log entry from station desk,N
INC001423,20260116,ST007,IT009,2026-01-16 05:39:00,2026-01-16 05:51:00,2026-01-16 15:24:00,Resolved,Major,12,585,N,N,Supervisor Walkthrough,ticket hall,temporary signage installed,N
INC001424,20260116,ST004,IT001,2026-01-16 08:58:00,2026-01-16 09:34:00,2026-01-16 09:27:00,Resolved,Minor,36,29,Y,N,Control Room,ticket hall,linked to crowd control plan,N
INC001425,20260116,ST001,IT005,2026-01-16 18:50:00,2026-01-16 19:06:00,2026-01-17 20:15:00,Resolved,Major,16,1525,N,Y,Station Desk,main concourse,requires facilities follow-up,N
INC001426,20260116,ST003,IT007,2026-01-16 06:46:00,2026-01-16 06:49:00,2026-01-16 07:41:00,Resolved,Moderate,3,55,N,N,Supervisor Walkthrough,platform stairs,reported by service controller,N
INC001427,20260116,ST003,IT010,2026-01-16 17:55:00,2026-01-16 18:50:00,2026-01-17 06:16:00,Resolved,Major,55,741,Y,N,Control Room,customer help point,manual log entry from station desk,N
INC001428,20260117,ST015,IT011,2026-01-17 06:46:00,2026-01-17 07:02:00,2026-01-17 08:12:00,Resolved,Minor,16,86,N,N,Mobile Radio,lift lobby,manual log entry from station desk,N
INC001429,20260117,ST004,IT009,2026-01-17 16:03:00,2026-01-17 16:28:00,2026-01-18 01:23:00,Resolved,Moderate,25,560,N,N,Station Desk,ticket hall,manual log entry from station desk,Y
INC001430,20260118,ST002,IT002,2026-01-18 20:29:00,2026-01-18 21:24:00,2026-01-18 23:28:00,Resolved,Critical,55,179,Y,Y,Control Room,staffed gate line,repeat complaint from morning peak,Y
INC001431,20260118,ST011,IT005,2026-01-18 17:01:00,2026-01-18 17:20:00,2026-01-19 13:10:00,Resolved,Moderate,19,1209,N,N,Supervisor Walkthrough,ticket hall,temporary signage installed,N
INC001432,20260118,ST013,IT012,2026-01-18 16:52:00,2026-01-18 17:05:00,2026-01-19 00:04:00,Resolved,Moderate,13,432,N,N,Passenger Help Point,platform stairs,requires facilities follow-up,N
INC001433,20260118,ST009,IT003,2026-01-18 19:37:00,2026-01-18 19:51:00,2026-01-19 03:50:00,Resolved,Major,14,493,Y,Y,Passenger Help Point,ticket hall,reported by service controller,Y
INC001434,20260119,ST013,IT002,2026-01-19 22:12:00,2026-01-19 22:17:00,2026-01-20 17:16:00,Resolved,Critical,5,1144,N,Y,Mobile Radio,staffed gate line,repeat complaint from morning peak,N
INC001435,20260120,ST014,IT007,2026-01-20 06:20:00,2026-01-20 06:29:00,2026-01-20 09:54:00,Resolved,Minor,9,214,N,Y,Passenger Help Point,platform stairs,reported by service controller,N
INC001436,20260121,ST001,IT011,2026-01-21 21:57:00,2026-01-21 22:32:00,2026-01-22 20:01:00,Resolved,Major,35,1324,Y,Y,Station Desk,ticket hall,passenger assistance team notified,N
INC001437,20260121,ST008,IT010,2026-01-21 22:24:00,2026-01-21 23:11:00,2026-01-22 11:55:00,Resolved,Critical,47,811,Y,N,Mobile Radio,staffed gate line,repeat complaint from morning peak,N
INC001438,20260121,ST009,IT001,2026-01-21 21:54:00,2026-01-21 22:01:00,2026-01-22 03:46:00,Resolved,Moderate,7,352,N,Y,Supervisor Walkthrough,customer help point,requires facilities follow-up,N
INC001439,20260122,ST002,IT003,2026-01-22 14:01:00,2026-01-22 14:16:00,2026-01-22 16:56:00,Resolved,Moderate,15,175,Y,N,Mobile Radio,platform stairs,temporary signage installed,Y
INC001440,20260122,ST013,IT012,2026-01-22 21:21:00,2026-01-22 21:27:00,2026-01-24 01:02:00,Resolved,Major,6,1661,N,Y,Station Desk,main concourse,linked to crowd control plan,N
INC001441,20260122,ST005,IT006,2026-01-22 21:13:00,2026-01-22 21:34:00,,Open,Major,21,,Y,N,Passenger Help Point,northbound platform,linked to crowd control plan,Y
INC001442,20260123,ST015,IT007,2026-01-23 19:37:00,2026-01-23 19:42:00,2026-01-23 21:45:00,Resolved,Moderate,5,128,N,N,Station Desk,staffed gate line,passenger assistance team notified,N
INC001443,20260123,ST013,IT010,2026-01-23 19:35:00,2026-01-23 19:57:00,2026-01-24 20:10:00,Resolved,Major,22,1475,N,Y,Supervisor Walkthrough,main concourse,linked to crowd control plan,N
INC001444,20260123,ST006,IT005,2026-01-23 20:34:00,2026-01-23 20:40:00,2026-01-24 20:06:00,Resolved,Major,6,1412,N,N,Control Room,main concourse,passenger assistance team notified,N
INC001445,20260124,ST003,IT003,2026-01-24 11:55:00,2026-01-24 12:01:00,2026-01-25 01:29:00,Resolved,Moderate,6,814,N,Y,Supervisor Walkthrough,customer help point,manual log entry from station desk,N
INC001446,20260124,ST010,IT005,2026-01-24 10:13:00,2026-01-24 10:56:00,2026-01-25 09:44:00,Resolved,Critical,43,1411,Y,N,Mobile Radio,main concourse,passenger assistance team notified,Y
INC001447,20260124,ST013,IT001,2026-01-24 05:46:00,2026-01-24 05:56:00,2026-01-24 09:32:00,Resolved,Critical,10,226,N,N,Station Desk,staffed gate line,passenger assistance team notified,N
INC001448,20260125,ST004,IT003,2026-01-25 18:29:00,2026-01-25 18:38:00,2026-01-26 02:12:00,Resolved,Moderate,9,463,N,Y,Passenger Help Point,staffed gate line,temporary signage installed,N
INC001449,20260125,ST009,IT010,2026-01-25 22:58:00,2026-01-25 23:17:00,2026-01-27 08:12:00,Resolved,Major,19,1994,N,Y,Mobile Radio,northbound platform,repeat complaint from morning peak,N
INC001450,20260125,ST003,IT003,2026-01-25 08:20:00,2026-01-25 09:17:00,2026-01-25 12:37:00,Resolved,Major,57,257,Y,N,Station Desk,platform stairs,manual log entry from station desk,N
INC001451,20260125,ST007,IT004,2026-01-25 07:34:00,2026-01-25 07:39:00,2026-01-25 09:43:00,Resolved,Minor,5,129,N,N,Control Room,lift lobby,manual log entry from station desk,N
INC001452,20260126,ST007,IT003,2026-01-26 21:11:00,2026-01-26 21:14:00,2026-01-28 06:58:00,Resolved,Major,3,2027,N,Y,Passenger Help Point,northbound platform,seen in previous two weeks,N
INC001453,20260126,ST010,IT010,2026-01-26 12:33:00,2026-01-26 13:21:00,2026-01-27 06:39:00,Resolved,Moderate,48,1086,Y,N,Mobile Radio,main concourse,seen in previous two weeks,Y
INC001454,20260126,ST002,IT012,2026-01-26 10:09:00,2026-01-26 10:12:00,2026-01-26 12:56:00,Resolved,Moderate,3,167,N,N,Supervisor Walkthrough,lift lobby,manual log entry from station desk,Y
INC001455,20260126,ST001,IT002,2026-01-26 14:51:00,2026-01-26 14:54:00,2026-01-26 15:11:00,Resolved,Critical,3,20,N,N,Supervisor Walkthrough,customer help point,seen in previous two weeks,N
INC001456,20260127,ST002,IT007,2026-01-27 17:15:00,2026-01-27 17:28:00,2026-01-27 17:35:00,Resolved,Moderate,13,20,N,N,Passenger Help Point,ticket hall,seen in previous two weeks,N
INC001457,20260128,ST013,IT001,2026-01-28 06:10:00,2026-01-28 06:11:00,,In Progress,Major,1,,N,N,Station Desk,northbound platform,manual log entry from station desk,N
INC001458,20260128,ST004,IT005,2026-01-28 23:02:00,2026-01-28 23:23:00,2026-01-29 09:17:00,Resolved,Major,21,615,N,N,Station Desk,ticket hall,repeat complaint from morning peak,N
INC001459,20260128,ST006,IT009,2026-01-28 20:39:00,2026-01-28 21:11:00,2026-01-30 04:51:00,Resolved,Major,32,1932,Y,Y,Station Desk,customer help point,manual log entry from station desk,N
INC001460,20260129,ST015,IT011,2026-01-29 11:36:00,2026-01-29 11:53:00,2026-01-29 20:27:00,Resolved,Minor,17,531,N,Y,Station Desk,staffed gate line,manual log entry from station desk,N
INC001461,20260129,ST003,IT003,2026-01-29 13:08:00,2026-01-29 13:26:00,2026-01-29 18:10:00,Resolved,Moderate,18,302,Y,N,Supervisor Walkthrough,platform stairs,linked to crowd control plan,Y
INC001462,20260129,ST002,IT005,2026-01-29 15:58:00,2026-01-29 16:36:00,2026-01-31 01:15:00,Resolved,Moderate,38,1997,Y,Y,Control Room,main concourse,temporary signage installed,Y
INC001463,20260129,ST013,IT005,2026-01-29 14:31:00,2026-01-29 14:52:00,2026-01-30 11:06:00,Resolved,Major,21,1235,N,N,Supervisor Walkthrough,staffed gate line,reported by service controller,Y
INC001464,20260129,ST012,IT006,2026-01-29 13:12:00,2026-01-29 13:40:00,2026-01-29 20:15:00,Resolved,Moderate,28,423,Y,N,Station Desk,staffed gate line,passenger assistance team notified,N
INC001465,20260129,ST007,IT007,2026-01-29 16:54:00,2026-01-29 17:16:00,2026-01-29 19:47:00,Resolved,Moderate,22,173,Y,N,Station Desk,staffed gate line,passenger assistance team notified,N
INC001466,20260129,ST009,IT005,2026-01-29 12:58:00,2026-01-29 13:30:00,2026-01-30 10:32:00,Resolved,Moderate,32,1294,Y,N,Station Desk,northbound platform,manual log entry from station desk,N
INC001467,20260130,ST001,IT008,2026-01-30 13:22:00,2026-01-30 13:23:00,2026-01-30 23:48:00,Resolved,Minor,1,626,N,Y,Passenger Help Point,northbound platform,linked to crowd control plan,N
INC001468,20260131,ST016,IT007,2026-01-31 08:15:00,2026-01-31 08:16:00,,Open,Major,1,,N,N,Passenger Help Point,staffed gate line,repeat complaint from morning peak,N
INC001469,20260201,ST013,IT004,2026-02-01 15:10:00,2026-02-01 15:14:00,2026-02-02 10:08:00,Resolved,Critical,4,1138,N,Y,Supervisor Walkthrough,northbound platform,manual log entry from station desk,N
INC001470,20260201,ST013,IT002,2026-02-01 05:41:00,2026-02-01 05:47:00,2026-02-01 09:55:00,Resolved,Critical,6,254,N,Y,Passenger Help Point,lift lobby,linked to crowd control plan,N
INC001471,20260201,ST014,IT002,2026-02-01 11:31:00,2026-02-01 11:38:00,2026-02-01 11:51:00,Resolved,Critical,7,20,Y,N,Passenger Help Point,staffed gate line,seen in previous two weeks,N
INC001472,20260201,ST003,IT007,2026-02-01 22:33:00,2026-02-01 23:55:00,2026-02-02 02:21:00,Resolved,Moderate,82,228,Y,Y,Station Desk,lift lobby,linked to crowd control plan,N
INC001473,20260202,ST001,IT006,2026-02-02 11:40:00,2026-02-02 12:07:00,2026-02-02 20:28:00,Resolved,Critical,27,528,Y,N,Control Room,main concourse,manual log entry from station desk,N
INC001474,20260202,ST008,IT005,2026-02-02 19:34:00,2026-02-02 20:05:00,2026-02-04 06:55:00,Resolved,Moderate,31,2121,Y,Y,Control Room,ticket hall,linked to crowd control plan,N
INC001475,20260202,ST002,IT011,2026-02-02 14:05:00,2026-02-02 14:32:00,2026-02-03 01:30:00,Resolved,Major,27,685,Y,Y,Mobile Radio,platform stairs,reported by service controller,N
INC001476,20260202,ST003,IT001,2026-02-02 17:19:00,2026-02-02 17:31:00,2026-02-03 03:26:00,Resolved,Minor,12,607,N,Y,Control Room,northbound platform,manual log entry from station desk,N
INC001477,20260202,ST009,IT007,2026-02-02 08:33:00,2026-02-02 08:45:00,,Open,Major,12,,N,N,Passenger Help Point,customer help point,temporary signage installed,N
INC001478,20260202,ST014,IT012,2026-02-02 07:24:00,2026-02-02 07:38:00,2026-02-02 14:33:00,Resolved,Major,14,429,N,N,Mobile Radio,lift lobby,linked to crowd control plan,N
INC001479,20260203,ST016,IT003,2026-02-03 08:22:00,2026-02-03 08:41:00,2026-02-03 14:58:00,Resolved,Minor,19,396,Y,Y,Control Room,lift lobby,manual log entry from station desk,N
INC001480,20260203,ST006,IT005,2026-02-03 21:02:00,2026-02-03 21:03:00,2026-02-04 15:40:00,Resolved,Moderate,1,1118,N,N,Mobile Radio,platform stairs,seen in previous two weeks,N
INC001481,20260203,ST006,IT005,2026-02-03 08:03:00,2026-02-03 09:13:00,2026-02-03 22:44:00,Resolved,Moderate,70,881,Y,N,Mobile Radio,main concourse,requires facilities follow-up,N
INC001482,20260204,ST008,IT008,2026-02-04 23:13:00,2026-02-04 23:15:00,2026-02-05 15:52:00,Resolved,Critical,2,999,N,Y,Mobile Radio,customer help point,temporary signage installed,Y
INC001483,20260204,ST010,IT010,2026-02-04 22:04:00,2026-02-04 23:23:00,2026-02-06 15:37:00,Resolved,Moderate,79,2493,Y,Y,Mobile Radio,main concourse,temporary signage installed,N
INC001484,20260204,ST001,IT009,2026-02-04 14:12:00,2026-02-04 14:37:00,2026-02-04 18:15:00,Resolved,Moderate,25,243,N,N,Control Room,platform stairs,seen in previous two weeks,N
INC001485,20260204,ST016,IT010,2026-02-04 19:47:00,2026-02-04 20:24:00,2026-02-04 20:07:00,Resolved,Moderate,37,20,N,N,Station Desk,staffed gate line,repeat complaint from morning peak,N
INC001486,20260205,ST002,IT002,2026-02-05 10:37:00,2026-02-05 10:38:00,2026-02-05 13:04:00,Resolved,Major,1,147,N,Y,Supervisor Walkthrough,platform stairs,passenger assistance team notified,Y
INC001487,20260206,ST007,IT002,2026-02-06 23:47:00,2026-02-06 23:56:00,2026-02-07 01:40:00,Resolved,Critical,9,113,Y,N,Passenger Help Point,northbound platform,temporary signage installed,Y
INC001488,20260206,ST001,IT012,2026-02-06 17:38:00,2026-02-06 18:28:00,2026-02-07 01:57:00,Resolved,Critical,50,499,Y,N,Mobile Radio,staffed gate line,temporary signage installed,Y
INC001489,20260206,ST003,IT007,2026-02-06 06:20:00,2026-02-06 06:28:00,2026-02-06 19:21:00,Resolved,Major,8,781,N,Y,Station Desk,staffed gate line,seen in previous two weeks,N
INC001490,20260206,ST004,IT005,2026-02-06 05:47:00,2026-02-06 06:39:00,2026-02-07 00:36:00,Resolved,Major,52,1129,Y,N,Control Room,main concourse,manual log entry from station desk,N
INC001491,20260206,ST007,IT001,2026-02-06 13:45:00,2026-02-06 13:50:00,2026-02-06 16:23:00,Resolved,Moderate,5,158,N,N,Passenger Help Point,ticket hall,repeat complaint from morning peak,N
INC001492,20260206,ST006,IT010,2026-02-06 14:26:00,2026-02-06 15:19:00,2026-02-08 08:36:00,Resolved,Minor,53,2530,Y,Y,Supervisor Walkthrough,ticket hall,passenger assistance team notified,Y
INC001493,20260207,ST005,IT003,2026-02-07 09:55:00,2026-02-07 10:14:00,2026-02-07 18:04:00,Resolved,Moderate,19,489,Y,Y,Station Desk,lift lobby,reported by service controller,N
INC001494,20260207,ST013,IT002,2026-02-07 20:37:00,2026-02-07 20:43:00,2026-02-07 20:57:00,Resolved,Critical,6,20,N,N,Control Room,lift lobby,seen in previous two weeks,N
INC001495,20260207,ST001,IT005,2026-02-07 15:08:00,2026-02-07 15:24:00,2026-02-08 02:16:00,Resolved,Major,16,668,N,N,Control Room,staffed gate line,linked to crowd control plan,Y
INC001496,20260207,ST002,IT003,2026-02-07 10:01:00,2026-02-07 10:14:00,2026-02-07 11:39:00,Resolved,Critical,13,98,Y,N,Control Room,ticket hall,repeat complaint from morning peak,N
INC001497,20260208,ST008,IT009,2026-02-08 12:07:00,2026-02-08 12:27:00,2026-02-08 19:59:00,Resolved,Moderate,20,472,N,N,Supervisor Walkthrough,staffed gate line,linked to crowd control plan,N
INC001498,20260208,ST009,IT007,2026-02-08 21:05:00,2026-02-08 21:26:00,2026-02-09 01:23:00,Resolved,Moderate,21,258,Y,Y,Mobile Radio,main concourse,requires facilities follow-up,N
INC001499,20260209,ST001,IT006,2026-02-09 14:30:00,2026-02-09 14:53:00,2026-02-10 18:26:00,Resolved,Major,23,1676,Y,Y,Mobile Radio,ticket hall,requires facilities follow-up,N
INC001500,20260209,ST006,IT007,2026-02-09 09:38:00,2026-02-09 09:59:00,,Open,Major,21,,Y,N,Mobile Radio,northbound platform,seen in previous two weeks,N
INC001501,20260209,ST001,IT005,2026-02-09 09:57:00,2026-02-09 10:22:00,2026-02-10 06:14:00,Resolved,Moderate,25,1217,N,N,Supervisor Walkthrough,staffed gate line,repeat complaint from morning peak,N
INC001502,20260209,ST008,IT001,2026-02-09 07:36:00,2026-02-09 08:01:00,2026-02-09 11:53:00,Resolved,Major,25,257,Y,Y,Supervisor Walkthrough,northbound platform,manual log entry from station desk,N
INC001503,20260209,ST014,IT003,2026-02-09 08:15:00,2026-02-09 08:29:00,2026-02-10 07:31:00,Resolved,Moderate,14,1396,Y,Y,Mobile Radio,northbound platform,seen in previous two weeks,Y
INC001504,20260209,ST011,IT005,2026-02-09 18:39:00,2026-02-09 19:07:00,2026-02-10 00:33:00,Resolved,Major,28,354,N,N,Control Room,platform stairs,temporary signage installed,N
INC001505,20260210,ST008,IT006,2026-02-10 06:39:00,2026-02-10 07:41:00,2026-02-10 23:02:00,Resolved,Moderate,62,983,Y,N,Supervisor Walkthrough,lift lobby,seen in previous two weeks,N
INC001506,20260210,ST006,IT011,2026-02-10 14:32:00,2026-02-10 14:34:00,2026-02-11 08:33:00,Resolved,Moderate,2,1081,N,Y,Mobile Radio,staffed gate line,seen in previous two weeks,N
INC001507,20260210,ST012,IT011,2026-02-10 06:37:00,2026-02-10 07:00:00,2026-02-10 06:57:00,Resolved,Major,23,20,Y,N,Control Room,ticket hall,manual log entry from station desk,N
INC001508,20260210,ST004,IT012,2026-02-10 22:18:00,2026-02-10 22:19:00,,Escalated,Moderate,1,,N,N,Control Room,customer help point,linked to crowd control plan,N
INC001509,20260211,ST001,IT005,2026-02-11 23:20:00,2026-02-11 23:21:00,2026-02-13 04:15:00,Resolved,Moderate,1,1735,N,Y,Station Desk,bus interchange,seen in previous two weeks,N
INC001510,20260211,ST008,IT007,2026-02-11 17:15:00,2026-02-11 17:55:00,2026-02-11 20:45:00,Resolved,Major,40,210,Y,Y,Control Room,bus interchange,seen in previous two weeks,N
INC001511,20260211,ST013,IT005,2026-02-11 13:06:00,2026-02-11 13:32:00,2026-02-14 10:13:00,Resolved,Major,26,4147,N,Y,Supervisor Walkthrough,staffed gate line,repeat complaint from morning peak,N
INC001512,20260211,ST006,IT003,2026-02-11 20:42:00,2026-02-11 20:50:00,2026-02-12 05:11:00,Resolved,Moderate,8,509,N,Y,Control Room,ticket hall,manual log entry from station desk,N
INC001513,20260211,ST015,IT001,2026-02-11 19:42:00,2026-02-11 19:58:00,2026-02-12 21:40:00,Resolved,Major,16,1558,Y,Y,Control Room,customer help point,seen in previous two weeks,N
INC001514,20260211,ST009,IT002,2026-02-11 22:44:00,2026-02-11 23:59:00,2026-02-12 03:49:00,Resolved,Moderate,75,305,Y,Y,Passenger Help Point,bus interchange,seen in previous two weeks,Y
INC001515,20260211,ST016,IT011,2026-02-11 10:09:00,2026-02-11 10:18:00,,Open,Moderate,9,,N,N,Station Desk,ticket hall,temporary signage installed,N
INC001516,20260211,ST014,IT012,2026-02-11 18:09:00,2026-02-11 18:24:00,2026-02-13 02:54:00,Resolved,Moderate,15,1965,N,Y,Station Desk,staffed gate line,temporary signage installed,N
INC001517,20260211,ST001,IT005,2026-02-11 14:42:00,2026-02-11 15:29:00,2026-02-12 09:18:00,Resolved,Major,47,1116,Y,N,Mobile Radio,ticket hall,reported by service controller,N
INC001518,20260211,ST001,IT010,2026-02-11 11:36:00,2026-02-11 12:08:00,2026-02-12 03:03:00,Resolved,Major,32,927,N,N,Station Desk,platform stairs,requires facilities follow-up,N
INC001519,20260212,ST004,IT005,2026-02-12 19:41:00,2026-02-12 20:37:00,2026-02-13 19:03:00,Resolved,Moderate,56,1402,Y,N,Mobile Radio,customer help point,passenger assistance team notified,N
INC001520,20260213,ST013,IT001,2026-02-13 15:18:00,2026-02-13 15:36:00,2026-02-13 18:33:00,Resolved,Minor,18,195,Y,N,Control Room,lift lobby,temporary signage installed,N
INC001521,20260213,ST006,IT001,2026-02-13 12:57:00,2026-02-13 13:07:00,,In Progress,Major,10,,N,N,Station Desk,main concourse,requires facilities follow-up,N
INC001522,20260213,ST006,IT002,2026-02-13 16:11:00,2026-02-13 16:17:00,2026-02-13 16:31:00,Resolved,Critical,6,20,N,N,Station Desk,staffed gate line,linked to crowd control plan,Y
INC001523,20260213,ST001,IT008,2026-02-13 06:45:00,2026-02-13 07:01:00,2026-02-13 07:05:00,Resolved,Major,16,20,Y,N,Passenger Help Point,lift lobby,temporary signage installed,N
INC001524,20260214,ST009,IT006,2026-02-14 19:34:00,2026-02-14 20:21:00,2026-02-14 23:27:00,Resolved,Major,47,233,Y,N,Mobile Radio,main concourse,reported by service controller,N
INC001525,20260214,ST015,IT006,2026-02-14 12:04:00,2026-02-14 12:17:00,2026-02-14 13:38:00,Resolved,Moderate,13,94,N,N,Control Room,lift lobby,seen in previous two weeks,N
INC001526,20260214,ST001,IT010,2026-02-14 10:02:00,2026-02-14 11:14:00,2026-02-16 11:37:00,Resolved,Moderate,72,2975,Y,Y,Supervisor Walkthrough,customer help point,seen in previous two weeks,N
INC001527,20260215,ST006,IT009,2026-02-15 11:21:00,2026-02-15 11:56:00,2026-02-16 02:21:00,Resolved,Critical,35,900,Y,Y,Mobile Radio,main concourse,seen in previous two weeks,N
INC001528,20260215,ST009,IT003,2026-02-15 17:57:00,2026-02-15 18:06:00,2026-02-16 03:41:00,Resolved,Moderate,9,584,N,Y,Passenger Help Point,platform stairs,linked to crowd control plan,N
INC001529,20260216,ST014,IT001,2026-02-16 18:11:00,2026-02-16 19:08:00,2026-02-16 21:21:00,Resolved,Moderate,57,190,Y,N,Supervisor Walkthrough,main concourse,manual log entry from station desk,N
INC001530,20260216,ST002,IT011,2026-02-16 22:47:00,2026-02-16 23:30:00,2026-02-17 15:00:00,Resolved,Moderate,43,973,Y,Y,Mobile Radio,staffed gate line,reported by service controller,N
INC001531,20260216,ST010,IT005,2026-02-16 19:12:00,2026-02-16 19:51:00,2026-02-17 22:24:00,Resolved,Critical,39,1632,Y,Y,Station Desk,bus interchange,requires facilities follow-up,N
INC001532,20260216,ST011,IT012,2026-02-16 13:01:00,2026-02-16 13:07:00,2026-02-16 15:11:00,Resolved,Minor,6,130,N,N,Mobile Radio,customer help point,passenger assistance team notified,N
INC001533,20260216,ST010,IT006,2026-02-16 21:02:00,2026-02-16 21:23:00,2026-02-17 08:43:00,Resolved,Minor,21,701,Y,N,Supervisor Walkthrough,northbound platform,requires facilities follow-up,Y
INC001534,20260216,ST006,IT002,2026-02-16 11:06:00,2026-02-16 11:13:00,2026-02-16 14:18:00,Resolved,Critical,7,192,Y,Y,Passenger Help Point,lift lobby,reported by service controller,N
INC001535,20260217,ST006,IT005,2026-02-17 06:23:00,2026-02-17 06:32:00,2026-02-18 21:10:00,Resolved,Major,9,2327,N,Y,Control Room,ticket hall,temporary signage installed,N
INC001536,20260217,ST006,IT006,2026-02-17 12:28:00,2026-02-17 13:31:00,2026-02-18 03:32:00,Resolved,Major,63,904,Y,N,Control Room,customer help point,linked to crowd control plan,N
INC001537,20260217,ST014,IT008,2026-02-17 17:48:00,2026-02-17 17:52:00,2026-02-18 03:34:00,Resolved,Moderate,4,586,N,Y,Mobile Radio,ticket hall,temporary signage installed,N
INC001538,20260217,ST009,IT010,2026-02-17 22:59:00,2026-02-17 23:22:00,,In Progress,Moderate,23,,N,N,Control Room,main concourse,requires facilities follow-up,N
INC001539,20260218,ST011,IT010,2026-02-18 15:45:00,2026-02-18 16:21:00,2026-02-19 10:11:00,Resolved,Major,36,1106,N,N,Mobile Radio,ticket hall,manual log entry from station desk,N
INC001540,20260218,ST014,IT009,2026-02-18 06:53:00,2026-02-18 07:02:00,2026-02-19 10:21:00,Resolved,Moderate,9,1648,N,Y,Passenger Help Point,staffed gate line,passenger assistance team notified,N
INC001541,20260218,ST009,IT006,2026-02-18 23:55:00,2026-02-19 00:19:00,2026-02-20 03:47:00,Resolved,Moderate,24,1672,Y,Y,Station Desk,main concourse,temporary signage installed,N
INC001542,20260218,ST001,IT001,2026-02-18 07:01:00,2026-02-18 07:07:00,,In Progress,Critical,6,,N,N,Control Room,northbound platform,passenger assistance team notified,Y
INC001543,20260218,ST013,IT002,2026-02-18 17:54:00,2026-02-18 18:02:00,2026-02-18 21:16:00,Resolved,Critical,8,202,Y,Y,Control Room,ticket hall,linked to crowd control plan,Y
INC001544,20260218,ST001,IT010,2026-02-18 10:31:00,2026-02-18 12:26:00,,In Progress,Moderate,115,,Y,N,Mobile Radio,northbound platform,requires facilities follow-up,Y
INC001545,20260218,ST004,IT010,2026-02-18 05:20:00,2026-02-18 05:21:00,2026-02-19 00:37:00,Resolved,Major,1,1157,N,N,Control Room,platform stairs,seen in previous two weeks,N
INC001546,20260218,ST001,IT001,2026-02-18 08:45:00,2026-02-18 09:03:00,2026-02-18 14:43:00,Resolved,Moderate,18,358,Y,Y,Control Room,ticket hall,seen in previous two weeks,N
INC001547,20260218,ST014,IT009,2026-02-18 10:47:00,2026-02-18 11:27:00,,Escalated,Moderate,40,,Y,N,Passenger Help Point,lift lobby,seen in previous two weeks,N
INC001548,20260219,ST010,IT005,2026-02-19 20:57:00,2026-02-19 21:46:00,2026-02-21 11:10:00,Resolved,Moderate,49,2293,Y,Y,Passenger Help Point,platform stairs,manual log entry from station desk,N
INC001549,20260219,ST015,IT007,2026-02-19 23:31:00,2026-02-19 23:32:00,2026-02-20 01:39:00,Resolved,Major,1,128,N,N,Mobile Radio,platform stairs,seen in previous two weeks,N
INC001550,20260219,ST007,IT006,2026-02-19 16:43:00,2026-02-19 17:10:00,,Escalated,Minor,27,,Y,N,Control Room,customer help point,passenger assistance team notified,N
INC001551,20260219,ST014,IT005,2026-02-19 23:01:00,2026-02-19 23:13:00,2026-02-22 06:04:00,Resolved,Moderate,12,3303,N,Y,Supervisor Walkthrough,platform stairs,temporary signage installed,N
INC001552,20260220,ST006,IT012,2026-02-20 15:23:00,2026-02-20 15:55:00,2026-02-21 13:24:00,Resolved,Major,32,1321,Y,Y,Mobile Radio,lift lobby,reported by service controller,N
INC001553,20260220,ST012,IT001,2026-02-20 14:08:00,2026-02-20 14:15:00,2026-02-20 19:13:00,Resolved,Moderate,7,305,N,Y,Control Room,platform stairs,passenger assistance team notified,N
INC001554,20260220,ST015,IT008,2026-02-20 22:28:00,2026-02-20 22:40:00,2026-02-21 03:35:00,Resolved,Minor,12,307,N,Y,Station Desk,northbound platform,temporary signage installed,N
INC001555,20260220,ST001,IT009,2026-02-20 08:28:00,2026-02-20 08:53:00,2026-02-20 20:57:00,Resolved,Minor,25,749,N,Y,Station Desk,main concourse,manual log entry from station desk,N
INC001556,20260220,ST007,IT005,2026-02-20 20:54:00,2026-02-20 21:14:00,2026-02-20 21:14:00,Resolved,Moderate,20,20,N,N,Passenger Help Point,staffed gate line,manual log entry from station desk,N
INC001557,20260220,ST006,IT011,2026-02-20 05:46:00,2026-02-20 06:03:00,2026-02-20 15:13:00,Resolved,Moderate,17,567,N,Y,Mobile Radio,ticket hall,linked to crowd control plan,N
INC001558,20260220,ST001,IT001,2026-02-20 23:16:00,2026-02-20 23:28:00,2026-02-21 00:54:00,Resolved,Moderate,12,98,N,N,Mobile Radio,main concourse,manual log entry from station desk,N
INC001559,20260221,ST003,IT004,2026-02-21 22:06:00,2026-02-21 22:10:00,,In Progress,Critical,4,,N,N,Station Desk,staffed gate line,linked to crowd control plan,N
INC001560,20260221,ST002,IT009,2026-02-21 09:20:00,2026-02-21 09:34:00,2026-02-21 20:13:00,Resolved,Major,14,653,N,N,Control Room,lift lobby,linked to crowd control plan,N
INC001561,20260222,ST010,IT002,2026-02-22 07:07:00,2026-02-22 07:11:00,,Escalated,Moderate,4,,N,N,Supervisor Walkthrough,staffed gate line,requires facilities follow-up,N
INC001562,20260222,ST012,IT012,2026-02-22 20:21:00,2026-02-22 20:39:00,2026-02-23 19:28:00,Resolved,Moderate,18,1387,Y,Y,Station Desk,northbound platform,requires facilities follow-up,N
INC001563,20260223,ST002,IT005,2026-02-23 20:33:00,2026-02-23 20:44:00,2026-02-24 20:06:00,Resolved,Moderate,11,1413,N,N,Passenger Help Point,northbound platform,repeat complaint from morning peak,Y
INC001564,20260223,ST008,IT002,2026-02-23 07:12:00,2026-02-23 07:13:00,,Escalated,Critical,1,,N,N,Mobile Radio,main concourse,requires facilities follow-up,N
INC001565,20260223,ST010,IT001,2026-02-23 23:58:00,2026-02-24 00:11:00,2026-02-24 00:18:00,Resolved,Minor,13,20,Y,N,Control Room,main concourse,linked to crowd control plan,N
INC001566,20260223,ST002,IT005,2026-02-23 15:10:00,2026-02-23 15:51:00,2026-02-25 10:23:00,Resolved,Major,41,2593,Y,Y,Passenger Help Point,northbound platform,repeat complaint from morning peak,N
INC001567,20260223,ST015,IT011,2026-02-23 23:56:00,2026-02-24 00:34:00,2026-02-24 21:55:00,Resolved,Moderate,38,1319,Y,Y,Passenger Help Point,lift lobby,requires facilities follow-up,N
INC001568,20260223,ST009,IT007,2026-02-23 22:28:00,2026-02-23 22:30:00,2026-02-24 09:29:00,Resolved,Moderate,2,661,N,Y,Passenger Help Point,staffed gate line,reported by service controller,N
INC001569,20260223,ST014,IT008,2026-02-23 21:16:00,2026-02-23 21:26:00,2026-02-24 01:13:00,Resolved,Critical,10,237,N,N,Passenger Help Point,northbound platform,passenger assistance team notified,N
INC001570,20260224,ST012,IT011,2026-02-24 11:25:00,2026-02-24 11:26:00,2026-02-24 14:15:00,Resolved,Critical,1,170,N,N,Supervisor Walkthrough,lift lobby,requires facilities follow-up,Y
INC001571,20260224,ST005,IT011,2026-02-24 06:02:00,2026-02-24 06:09:00,2026-02-24 21:50:00,Resolved,Moderate,7,948,N,Y,Mobile Radio,main concourse,repeat complaint from morning peak,N
INC001572,20260224,ST011,IT006,2026-02-24 17:29:00,2026-02-24 17:52:00,2026-02-24 17:49:00,Resolved,Moderate,23,20,Y,N,Control Room,northbound platform,requires facilities follow-up,N
INC001573,20260224,ST003,IT009,2026-02-24 11:21:00,2026-02-24 11:41:00,2026-02-25 04:56:00,Resolved,Moderate,20,1055,N,Y,Control Room,lift lobby,seen in previous two weeks,N
INC001574,20260224,ST014,IT003,2026-02-24 22:04:00,2026-02-24 22:07:00,2026-02-25 01:54:00,Resolved,Moderate,3,230,N,N,Station Desk,customer help point,reported by service controller,Y
INC001575,20260224,ST015,IT005,2026-02-24 05:14:00,2026-02-24 05:25:00,2026-02-25 06:49:00,Resolved,Moderate,11,1535,N,Y,Station Desk,staffed gate line,seen in previous two weeks,N
INC001576,20260224,ST010,IT011,2026-02-24 19:56:00,2026-02-24 20:04:00,2026-02-25 04:46:00,Resolved,Major,8,530,N,Y,Control Room,northbound platform,reported by service controller,N
INC001577,20260224,ST006,IT005,2026-02-24 19:24:00,2026-02-24 19:59:00,2026-02-25 18:21:00,Resolved,Major,35,1377,Y,N,Mobile Radio,customer help point,manual log entry from station desk,Y
INC001578,20260224,ST013,IT010,2026-02-24 15:03:00,2026-02-24 15:33:00,2026-02-25 23:06:00,Resolved,Minor,30,1923,N,Y,Station Desk,northbound platform,repeat complaint from morning peak,N
INC001579,20260225,ST009,IT005,2026-02-25 05:29:00,2026-02-25 05:43:00,2026-02-25 23:28:00,Resolved,Major,14,1079,N,N,Mobile Radio,bus interchange,temporary signage installed,N
INC001580,20260225,ST008,IT006,2026-02-25 11:47:00,2026-02-25 12:07:00,2026-02-25 13:14:00,Resolved,Moderate,20,87,N,N,Station Desk,staffed gate line,linked to crowd control plan,Y
INC001581,20260225,ST007,IT003,2026-02-25 05:23:00,2026-02-25 05:24:00,2026-02-25 09:39:00,Resolved,Moderate,1,256,N,N,Station Desk,bus interchange,repeat complaint from morning peak,N
INC001582,20260226,ST002,IT007,2026-02-26 05:48:00,2026-02-26 07:13:00,2026-02-26 06:31:00,Resolved,Moderate,85,43,Y,N,Supervisor Walkthrough,bus interchange,requires facilities follow-up,N
INC001583,20260226,ST004,IT003,2026-02-26 08:08:00,2026-02-26 08:17:00,2026-02-26 13:11:00,Resolved,Major,9,303,N,N,Supervisor Walkthrough,customer help point,temporary signage installed,N
INC001584,20260226,ST001,IT002,2026-02-26 21:36:00,2026-02-26 21:45:00,2026-02-27 02:27:00,Resolved,Critical,9,291,Y,Y,Station Desk,staffed gate line,temporary signage installed,N
INC001585,20260226,ST001,IT006,2026-02-26 16:01:00,2026-02-26 16:19:00,2026-02-26 23:55:00,Resolved,Minor,18,474,N,N,Passenger Help Point,lift lobby,requires facilities follow-up,N
INC001586,20260226,ST013,IT010,2026-02-26 13:19:00,2026-02-26 14:35:00,2026-02-27 15:16:00,Resolved,Major,76,1557,Y,Y,Mobile Radio,lift lobby,passenger assistance team notified,N
INC001587,20260226,ST010,IT011,2026-02-26 12:43:00,2026-02-26 13:20:00,2026-02-26 18:34:00,Resolved,Moderate,37,351,Y,N,Passenger Help Point,northbound platform,temporary signage installed,Y
INC001588,20260226,ST002,IT011,2026-02-26 10:15:00,2026-02-26 10:43:00,2026-02-26 18:08:00,Resolved,Moderate,28,473,Y,N,Supervisor Walkthrough,main concourse,repeat complaint from morning peak,N
INC001589,20260226,ST006,IT003,2026-02-26 08:56:00,2026-02-26 09:07:00,2026-02-26 11:07:00,Resolved,Minor,11,131,Y,N,Passenger Help Point,staffed gate line,manual log entry from station desk,N
INC001590,20260226,ST003,IT008,2026-02-26 12:59:00,2026-02-26 13:15:00,2026-02-26 13:19:00,Resolved,Moderate,16,20,Y,N,Supervisor Walkthrough,platform stairs,linked to crowd control plan,N
INC001591,20260227,ST007,IT011,2026-02-27 14:30:00,2026-02-27 15:08:00,2026-02-27 21:39:00,Resolved,Moderate,38,429,Y,N,Passenger Help Point,main concourse,temporary signage installed,N
INC001592,20260227,ST006,IT009,2026-02-27 13:23:00,2026-02-27 13:43:00,2026-02-28 16:21:00,Resolved,Moderate,20,1618,N,Y,Passenger Help Point,bus interchange,reported by service controller,Y
INC001593,20260227,ST013,IT001,2026-02-27 09:40:00,2026-02-27 09:50:00,2026-02-27 15:25:00,Resolved,Moderate,10,345,N,Y,Passenger Help Point,main concourse,repeat complaint from morning peak,N
INC001594,20260227,ST015,IT003,2026-02-27 09:06:00,2026-02-27 09:21:00,2026-02-28 09:53:00,Resolved,Moderate,15,1487,Y,Y,Passenger Help Point,bus interchange,repeat complaint from morning peak,N
INC001595,20260228,ST002,IT007,2026-02-28 07:03:00,2026-02-28 07:24:00,2026-02-28 09:22:00,Resolved,Major,21,139,Y,N,Supervisor Walkthrough,lift lobby,linked to crowd control plan,N
INC001596,20260301,ST016,IT009,2026-03-01 07:33:00,2026-03-01 07:49:00,,In Progress,Moderate,16,,N,N,Supervisor Walkthrough,bus interchange,reported by service controller,N
INC001597,20260301,ST001,IT006,2026-03-01 12:46:00,2026-03-01 14:09:00,2026-03-01 16:05:00,Resolved,Moderate,83,199,Y,N,Station Desk,northbound platform,requires facilities follow-up,N
INC001598,20260302,ST009,IT007,2026-03-02 19:47:00,2026-03-02 20:05:00,2026-03-03 01:12:00,Resolved,Major,18,325,Y,Y,Station Desk,main concourse,temporary signage installed,Y
INC001599,20260302,ST005,IT006,2026-03-02 11:15:00,2026-03-02 11:52:00,2026-03-03 08:15:00,Resolved,Moderate,37,1260,Y,Y,Passenger Help Point,customer help point,passenger assistance team notified,N
INC001600,20260302,ST008,IT001,2026-03-02 08:55:00,2026-03-02 10:00:00,2026-03-02 14:21:00,Resolved,Major,65,326,Y,Y,Passenger Help Point,ticket hall,manual log entry from station desk,N
INC001601,20260303,ST013,IT010,2026-03-03 16:51:00,2026-03-03 17:44:00,2026-03-03 17:11:00,Resolved,Major,53,20,Y,N,Station Desk,lift lobby,seen in previous two weeks,N
INC001602,20260303,ST008,IT001,2026-03-03 06:45:00,2026-03-03 07:05:00,2026-03-03 10:16:00,Resolved,Major,20,211,Y,N,Supervisor Walkthrough,platform stairs,seen in previous two weeks,N
INC001603,20260303,ST001,IT003,2026-03-03 19:40:00,2026-03-03 20:57:00,2026-03-04 07:51:00,Resolved,Major,77,731,Y,Y,Passenger Help Point,platform stairs,temporary signage installed,N
INC001604,20260304,ST001,IT003,2026-03-04 23:16:00,2026-03-04 23:21:00,2026-03-06 08:48:00,Resolved,Major,5,2012,N,Y,Mobile Radio,northbound platform,repeat complaint from morning peak,Y
INC001605,20260304,ST009,IT010,2026-03-04 08:50:00,2026-03-04 09:43:00,2026-03-05 07:02:00,Resolved,Minor,53,1332,Y,N,Station Desk,main concourse,requires facilities follow-up,N
INC001606,20260304,ST011,IT004,2026-03-04 07:51:00,2026-03-04 07:58:00,2026-03-04 12:44:00,Resolved,Major,7,293,Y,Y,Supervisor Walkthrough,bus interchange,passenger assistance team notified,N
INC001607,20260304,ST013,IT008,2026-03-04 10:16:00,2026-03-04 10:49:00,2026-03-04 10:36:00,Resolved,Major,33,20,Y,N,Passenger Help Point,customer help point,repeat complaint from morning peak,N
INC001608,20260304,ST001,IT003,2026-03-04 15:53:00,2026-03-04 15:58:00,2026-03-04 17:39:00,Resolved,Critical,5,106,N,N,Control Room,bus interchange,reported by service controller,Y
INC001609,20260305,ST001,IT012,2026-03-05 18:46:00,2026-03-05 19:00:00,2026-03-05 23:38:00,Resolved,Moderate,14,292,N,N,Passenger Help Point,lift lobby,repeat complaint from morning peak,N
INC001610,20260305,ST007,IT006,2026-03-05 19:33:00,2026-03-05 19:49:00,2026-03-07 06:21:00,Resolved,Major,16,2088,N,Y,Control Room,northbound platform,reported by service controller,N
INC001611,20260305,ST004,IT001,2026-03-05 21:47:00,2026-03-05 21:48:00,,In Progress,Critical,1,,N,N,Control Room,ticket hall,repeat complaint from morning peak,Y
INC001612,20260305,ST007,IT006,2026-03-05 15:34:00,2026-03-05 15:46:00,2026-03-05 15:54:00,Resolved,Moderate,12,20,N,N,Passenger Help Point,bus interchange,requires facilities follow-up,N
INC001613,20260305,ST008,IT009,2026-03-05 08:59:00,2026-03-05 09:18:00,2026-03-06 10:20:00,Resolved,Critical,19,1521,N,Y,Station Desk,ticket hall,manual log entry from station desk,N
INC001614,20260306,ST006,IT003,2026-03-06 08:34:00,2026-03-06 08:55:00,2026-03-06 13:45:00,Resolved,Critical,21,311,Y,N,Control Room,ticket hall,repeat complaint from morning peak,N
INC001615,20260307,ST015,IT009,2026-03-07 08:35:00,2026-03-07 09:01:00,2026-03-08 08:35:00,Resolved,Moderate,26,1440,Y,Y,Supervisor Walkthrough,platform stairs,temporary signage installed,N
INC001616,20260307,ST001,IT006,2026-03-07 15:58:00,2026-03-07 15:59:00,2026-03-08 07:46:00,Resolved,Major,1,948,N,N,Passenger Help Point,main concourse,seen in previous two weeks,N
INC001617,20260308,ST010,IT007,2026-03-08 07:09:00,2026-03-08 07:10:00,2026-03-08 17:29:00,Resolved,Moderate,1,620,N,Y,Station Desk,customer help point,manual log entry from station desk,N
INC001618,20260308,ST004,IT005,2026-03-08 19:41:00,2026-03-08 19:58:00,2026-03-09 13:54:00,Resolved,Critical,17,1093,N,N,Supervisor Walkthrough,staffed gate line,linked to crowd control plan,N
INC001619,20260309,ST010,IT011,2026-03-09 19:17:00,2026-03-09 19:21:00,2026-03-09 20:34:00,Resolved,Moderate,4,77,N,N,Passenger Help Point,main concourse,seen in previous two weeks,Y
INC001620,20260310,ST006,IT012,2026-03-10 09:30:00,2026-03-10 09:41:00,2026-03-10 09:50:00,Resolved,Major,11,20,N,N,Control Room,platform stairs,reported by service controller,N
INC001621,20260310,ST008,IT011,2026-03-10 09:07:00,2026-03-10 09:22:00,,In Progress,Moderate,15,,N,N,Supervisor Walkthrough,customer help point,seen in previous two weeks,N
INC001622,20260310,ST002,IT010,2026-03-10 07:05:00,2026-03-10 07:59:00,2026-03-11 02:15:00,Resolved,Minor,54,1150,Y,N,Mobile Radio,northbound platform,temporary signage installed,N
INC001623,20260310,ST009,IT012,2026-03-10 12:13:00,2026-03-10 12:26:00,2026-03-11 04:57:00,Resolved,Moderate,13,1004,N,Y,Station Desk,customer help point,temporary signage installed,N
INC001624,20260310,ST010,IT010,2026-03-10 22:54:00,2026-03-10 23:55:00,,Open,Minor,61,,Y,N,Station Desk,staffed gate line,requires facilities follow-up,Y
INC001625,20260311,ST009,IT004,2026-03-11 15:13:00,2026-03-11 15:30:00,2026-03-11 18:21:00,Resolved,Minor,17,188,Y,Y,Passenger Help Point,northbound platform,manual log entry from station desk,N
INC001626,20260311,ST013,IT002,2026-03-11 12:23:00,2026-03-11 12:29:00,2026-03-11 12:43:00,Resolved,Critical,6,20,N,N,Mobile Radio,platform stairs,repeat complaint from morning peak,N
INC001627,20260311,ST007,IT008,2026-03-11 09:03:00,2026-03-11 09:20:00,2026-03-11 15:13:00,Resolved,Major,17,370,Y,Y,Supervisor Walkthrough,staffed gate line,linked to crowd control plan,N
INC001628,20260311,ST012,IT006,2026-03-11 10:04:00,2026-03-11 10:21:00,2026-03-12 11:44:00,Resolved,Moderate,17,1540,N,Y,Supervisor Walkthrough,lift lobby,passenger assistance team notified,N
INC001629,20260312,ST012,IT006,2026-03-12 14:23:00,2026-03-12 14:58:00,2026-03-12 14:43:00,Resolved,Critical,35,20,Y,N,Control Room,ticket hall,repeat complaint from morning peak,N
INC001630,20260312,ST010,IT007,2026-03-12 06:29:00,2026-03-12 06:50:00,2026-03-12 07:45:00,Resolved,Moderate,21,76,Y,N,Station Desk,lift lobby,linked to crowd control plan,N
INC001631,20260312,ST005,IT005,2026-03-12 09:45:00,2026-03-12 10:43:00,,Open,Minor,58,,Y,N,Control Room,customer help point,seen in previous two weeks,N
INC001632,20260312,ST008,IT009,2026-03-12 08:43:00,2026-03-12 09:04:00,2026-03-13 07:34:00,Resolved,Major,21,1371,N,Y,Control Room,staffed gate line,seen in previous two weeks,N
INC001633,20260312,ST005,IT008,2026-03-12 13:14:00,2026-03-12 13:29:00,2026-03-12 13:34:00,Resolved,Moderate,15,20,Y,N,Supervisor Walkthrough,northbound platform,passenger assistance team notified,Y
INC001634,20260312,ST006,IT010,2026-03-12 15:42:00,2026-03-12 16:05:00,2026-03-13 13:20:00,Resolved,Major,23,1298,N,N,Station Desk,main concourse,repeat complaint from morning peak,N
INC001635,20260312,ST013,IT001,2026-03-12 14:26:00,2026-03-12 14:39:00,,Open,Moderate,13,,Y,N,Station Desk,lift lobby,passenger assistance team notified,Y
INC001636,20260312,ST014,IT003,2026-03-12 12:26:00,2026-03-12 12:38:00,2026-03-12 21:01:00,Resolved,Moderate,12,515,Y,Y,Station Desk,ticket hall,linked to crowd control plan,Y
INC001637,20260312,ST006,IT005,2026-03-12 17:38:00,2026-03-12 17:54:00,2026-03-12 17:58:00,Resolved,Critical,16,20,N,N,Passenger Help Point,lift lobby,linked to crowd control plan,Y
INC001638,20260313,ST002,IT012,2026-03-13 20:42:00,2026-03-13 20:53:00,,In Progress,Moderate,11,,N,N,Control Room,platform stairs,reported by service controller,N
INC001639,20260313,ST006,IT005,2026-03-13 21:03:00,2026-03-13 22:06:00,2026-03-15 17:26:00,Resolved,Moderate,63,2663,Y,Y,Passenger Help Point,main concourse,temporary signage installed,N
INC001640,20260313,ST015,IT007,2026-03-13 12:51:00,2026-03-13 13:10:00,2026-03-13 16:45:00,Resolved,Moderate,19,234,Y,Y,Passenger Help Point,main concourse,passenger assistance team notified,N
INC001641,20260313,ST011,IT005,2026-03-13 18:15:00,2026-03-13 18:53:00,2026-03-14 20:56:00,Resolved,Moderate,38,1601,Y,Y,Passenger Help Point,customer help point,linked to crowd control plan,N
INC001642,20260313,ST004,IT001,2026-03-13 08:14:00,2026-03-13 08:56:00,2026-03-13 12:52:00,Resolved,Moderate,42,278,Y,Y,Supervisor Walkthrough,customer help point,seen in previous two weeks,N
INC001643,20260313,ST002,IT003,2026-03-13 19:27:00,2026-03-13 19:35:00,2026-03-14 17:55:00,Resolved,Moderate,8,1348,N,Y,Station Desk,ticket hall,seen in previous two weeks,N
INC001644,20260314,ST002,IT001,2026-03-14 16:50:00,2026-03-14 16:57:00,2026-03-15 01:41:00,Resolved,Major,7,531,N,Y,Control Room,ticket hall,requires facilities follow-up,N
INC001645,20260314,ST005,IT006,2026-03-14 15:53:00,2026-03-14 16:04:00,,Open,Moderate,11,,N,N,Mobile Radio,northbound platform,reported by service controller,N
INC001646,20260315,ST008,IT007,2026-03-15 15:22:00,2026-03-15 15:33:00,2026-03-15 15:46:00,Resolved,Major,11,24,N,N,Station Desk,northbound platform,repeat complaint from morning peak,N
INC001647,20260316,ST013,IT010,2026-03-16 23:37:00,2026-03-16 23:59:00,2026-03-18 02:00:00,Resolved,Moderate,22,1583,N,Y,Station Desk,staffed gate line,seen in previous two weeks,N
INC001648,20260317,ST013,IT003,2026-03-17 15:42:00,2026-03-17 15:47:00,2026-03-17 16:02:00,Resolved,Moderate,5,20,N,N,Station Desk,staffed gate line,repeat complaint from morning peak,N
INC001649,20260318,ST002,IT009,2026-03-18 20:46:00,2026-03-18 22:08:00,2026-03-20 00:02:00,Resolved,Moderate,82,1636,Y,Y,Passenger Help Point,lift lobby,reported by service controller,N
INC001650,20260318,ST015,IT003,2026-03-18 07:22:00,2026-03-18 07:36:00,2026-03-18 07:54:00,Resolved,Moderate,14,32,Y,N,Passenger Help Point,customer help point,passenger assistance team notified,N
INC001651,20260318,ST015,IT007,2026-03-18 17:39:00,2026-03-18 17:56:00,2026-03-18 22:32:00,Resolved,Major,17,293,Y,Y,Supervisor Walkthrough,lift lobby,reported by service controller,N
INC001652,20260319,ST003,IT005,2026-03-19 17:58:00,2026-03-19 18:34:00,2026-03-19 18:18:00,Resolved,Moderate,36,20,Y,N,Supervisor Walkthrough,northbound platform,linked to crowd control plan,N
INC001653,20260319,ST012,IT005,2026-03-19 07:58:00,2026-03-19 08:31:00,,In Progress,Moderate,33,,Y,N,Mobile Radio,customer help point,repeat complaint from morning peak,N
INC001654,20260319,ST007,IT010,2026-03-19 08:10:00,2026-03-19 09:11:00,2026-03-19 21:34:00,Resolved,Moderate,61,804,Y,N,Supervisor Walkthrough,lift lobby,linked to crowd control plan,N
INC001655,20260320,ST002,IT010,2026-03-20 19:12:00,2026-03-20 20:07:00,2026-03-22 06:29:00,Resolved,Moderate,55,2117,Y,Y,Mobile Radio,northbound platform,linked to crowd control plan,N
INC001656,20260320,ST013,IT006,2026-03-20 18:16:00,2026-03-20 18:22:00,,Open,Major,6,,N,N,Mobile Radio,northbound platform,manual log entry from station desk,N
INC001657,20260320,ST002,IT003,2026-03-20 17:05:00,2026-03-20 17:34:00,2026-03-20 21:54:00,Resolved,Minor,29,289,Y,N,Supervisor Walkthrough,bus interchange,manual log entry from station desk,N
INC001658,20260321,ST012,IT006,2026-03-21 09:43:00,2026-03-21 10:02:00,2026-03-23 07:27:00,Resolved,Moderate,19,2744,N,Y,Station Desk,bus interchange,repeat complaint from morning peak,N
INC001659,20260321,ST001,IT003,2026-03-21 17:01:00,2026-03-21 17:09:00,2026-03-22 21:10:00,Resolved,Moderate,8,1689,N,Y,Station Desk,ticket hall,requires facilities follow-up,N
INC001660,20260322,ST001,IT005,2026-03-22 22:12:00,2026-03-22 23:57:00,2026-03-24 04:13:00,Resolved,Moderate,105,1801,Y,Y,Station Desk,lift lobby,requires facilities follow-up,N
INC001661,20260323,ST016,IT011,2026-03-23 12:39:00,2026-03-23 13:03:00,2026-03-24 06:08:00,Resolved,Major,24,1049,Y,Y,Station Desk,ticket hall,requires facilities follow-up,N
INC001662,20260323,ST004,IT006,2026-03-23 22:50:00,2026-03-23 23:26:00,,In Progress,Moderate,36,,Y,N,Supervisor Walkthrough,lift lobby,manual log entry from station desk,Y
INC001663,20260323,ST005,IT011,2026-03-23 23:12:00,2026-03-23 23:39:00,2026-03-24 05:07:00,Resolved,Minor,27,355,Y,N,Mobile Radio,main concourse,seen in previous two weeks,N
INC001664,20260324,ST003,IT010,2026-03-24 05:16:00,2026-03-24 05:57:00,2026-03-25 01:21:00,Resolved,Moderate,41,1205,N,N,Control Room,bus interchange,repeat complaint from morning peak,N
INC001665,20260324,ST006,IT006,2026-03-24 07:17:00,2026-03-24 07:42:00,2026-03-25 09:18:00,Resolved,Critical,25,1561,Y,Y,Station Desk,northbound platform,manual log entry from station desk,N
INC001666,20260324,ST008,IT009,2026-03-24 14:12:00,2026-03-24 14:33:00,2026-03-24 23:25:00,Resolved,Major,21,553,N,N,Station Desk,lift lobby,repeat complaint from morning peak,Y
INC001667,20260324,ST001,IT003,2026-03-24 22:38:00,2026-03-24 22:51:00,2026-03-25 09:45:00,Resolved,Moderate,13,667,Y,Y,Mobile Radio,main concourse,repeat complaint from morning peak,N
INC001668,20260324,ST002,IT005,2026-03-24 11:27:00,2026-03-24 11:55:00,2026-03-25 04:17:00,Resolved,Critical,28,1010,N,N,Station Desk,lift lobby,passenger assistance team notified,N
INC001669,20260324,ST002,IT011,2026-03-24 23:49:00,2026-03-25 00:07:00,2026-03-25 13:56:00,Resolved,Moderate,18,847,N,Y,Supervisor Walkthrough,ticket hall,linked to crowd control plan,Y
INC001670,20260325,ST012,IT005,2026-03-25 22:08:00,2026-03-25 22:09:00,2026-03-26 13:27:00,Resolved,Moderate,1,919,N,N,Mobile Radio,ticket hall,manual log entry from station desk,N
INC001671,20260325,ST014,IT011,2026-03-25 06:24:00,2026-03-25 06:26:00,,Open,Moderate,2,,N,N,Control Room,staffed gate line,passenger assistance team notified,N
INC001672,20260325,ST010,IT009,2026-03-25 05:45:00,2026-03-25 05:47:00,2026-03-25 14:26:00,Resolved,Major,2,521,N,N,Supervisor Walkthrough,bus interchange,repeat complaint from morning peak,N
INC001673,20260325,ST015,IT012,2026-03-25 07:55:00,2026-03-25 07:56:00,,Escalated,Major,1,,N,N,Passenger Help Point,ticket hall,repeat complaint from morning peak,Y
INC001674,20260325,ST002,IT010,2026-03-25 07:51:00,2026-03-25 09:02:00,2026-03-25 14:35:00,Resolved,Moderate,71,404,Y,N,Passenger Help Point,ticket hall,manual log entry from station desk,N
INC001675,20260326,ST012,IT011,2026-03-26 22:31:00,2026-03-26 23:54:00,2026-03-27 15:44:00,Resolved,Moderate,83,1033,Y,Y,Control Room,bus interchange,requires facilities follow-up,N
INC001676,20260326,ST014,IT005,2026-03-26 20:02:00,2026-03-26 20:20:00,2026-03-28 02:46:00,Resolved,Critical,18,1844,N,Y,Control Room,staffed gate line,requires facilities follow-up,N
INC001677,20260326,ST001,IT011,2026-03-26 10:23:00,2026-03-26 12:14:00,2026-03-27 13:37:00,Resolved,Major,111,1634,Y,Y,Control Room,platform stairs,manual log entry from station desk,N
INC001678,20260326,ST009,IT003,2026-03-26 13:42:00,2026-03-26 13:52:00,2026-03-26 16:30:00,Resolved,Moderate,10,168,N,N,Passenger Help Point,platform stairs,manual log entry from station desk,N
INC001679,20260326,ST012,IT007,2026-03-26 21:39:00,2026-03-26 21:40:00,2026-03-27 00:20:00,Resolved,Moderate,1,161,N,N,Supervisor Walkthrough,staffed gate line,reported by service controller,N
INC001680,20260327,ST010,IT006,2026-03-27 18:10:00,2026-03-27 18:45:00,2026-03-28 07:29:00,Resolved,Major,35,799,Y,N,Passenger Help Point,bus interchange,passenger assistance team notified,N
INC001681,20260327,ST009,IT006,2026-03-27 10:07:00,2026-03-27 10:24:00,,In Progress,Major,17,,N,N,Mobile Radio,customer help point,seen in previous two weeks,N
INC001682,20260327,ST015,IT002,2026-03-27 18:00:00,2026-03-27 18:07:00,2026-03-27 18:46:00,Resolved,Minor,7,46,Y,N,Passenger Help Point,ticket hall,manual log entry from station desk,N
INC001683,20260327,ST005,IT006,2026-03-27 13:35:00,2026-03-27 13:44:00,2026-03-28 22:11:00,Resolved,Moderate,9,1956,N,Y,Mobile Radio,lift lobby,repeat complaint from morning peak,N
INC001684,20260327,ST010,IT006,2026-03-27 07:40:00,2026-03-27 07:54:00,2026-03-27 20:40:00,Resolved,Moderate,14,780,N,N,Control Room,customer help point,reported by service controller,N
INC001685,20260328,ST008,IT002,2026-03-28 16:10:00,2026-03-28 17:26:00,2026-03-29 01:14:00,Resolved,Critical,76,544,Y,Y,Station Desk,lift lobby,manual log entry from station desk,N
INC001686,20260328,ST001,IT012,2026-03-28 08:46:00,2026-03-28 09:03:00,2026-03-28 10:22:00,Resolved,Major,17,96,Y,N,Passenger Help Point,northbound platform,passenger assistance team notified,N
INC001687,20260328,ST009,IT001,2026-03-28 06:31:00,2026-03-28 06:58:00,2026-03-28 08:07:00,Resolved,Moderate,27,96,Y,N,Supervisor Walkthrough,staffed gate line,manual log entry from station desk,N
INC001688,20260329,ST010,IT012,2026-03-29 17:09:00,2026-03-29 18:22:00,2026-03-29 19:12:00,Resolved,Major,73,123,Y,N,Station Desk,ticket hall,requires facilities follow-up,N
INC001689,20260329,ST006,IT001,2026-03-29 09:16:00,2026-03-29 09:28:00,2026-03-29 12:45:00,Resolved,Moderate,12,209,N,N,Control Room,platform stairs,passenger assistance team notified,Y
INC001690,20260330,ST010,IT007,2026-03-30 11:55:00,2026-03-30 12:19:00,2026-03-30 13:24:00,Resolved,Moderate,24,89,Y,N,Control Room,customer help point,requires facilities follow-up,N
INC001691,20260330,ST016,IT005,2026-03-30 21:08:00,2026-03-30 22:42:00,,In Progress,Major,94,,Y,N,Control Room,main concourse,manual log entry from station desk,N
INC001692,20260330,ST008,IT011,2026-03-30 06:55:00,2026-03-30 07:34:00,2026-03-30 18:37:00,Resolved,Major,39,702,Y,Y,Control Room,platform stairs,passenger assistance team notified,N
INC001693,20260330,ST011,IT006,2026-03-30 12:19:00,2026-03-30 12:39:00,2026-03-30 12:39:00,Resolved,Minor,20,20,N,N,Passenger Help Point,lift lobby,repeat complaint from morning peak,N
INC001694,20260330,ST013,IT011,2026-03-30 08:34:00,2026-03-30 08:44:00,2026-03-30 15:25:00,Resolved,Moderate,10,411,N,N,Control Room,platform stairs,manual log entry from station desk,N
INC001695,20260330,ST015,IT006,2026-03-30 16:42:00,2026-03-30 16:59:00,2026-03-31 09:23:00,Resolved,Moderate,17,1001,N,N,Passenger Help Point,staffed gate line,temporary signage installed,N
INC001696,20260330,ST015,IT010,2026-03-30 15:46:00,2026-03-30 17:05:00,2026-03-31 11:52:00,Resolved,Moderate,79,1206,Y,N,Control Room,lift lobby,passenger assistance team notified,N
INC001697,20260330,ST009,IT005,2026-03-30 11:22:00,2026-03-30 11:42:00,2026-03-30 23:41:00,Resolved,Moderate,20,739,N,N,Passenger Help Point,staffed gate line,repeat complaint from morning peak,N
INC001698,20260331,ST002,IT009,2026-03-31 09:27:00,2026-03-31 10:41:00,2026-03-31 19:12:00,Resolved,Moderate,74,585,Y,N,Control Room,main concourse,linked to crowd control plan,N
INC001699,20260331,ST014,IT010,2026-03-31 18:48:00,2026-03-31 19:27:00,2026-04-01 18:56:00,Resolved,Major,39,1448,N,Y,Passenger Help Point,bus interchange,seen in previous two weeks,Y
INC001700,20260331,ST014,IT008,2026-03-31 09:00:00,2026-03-31 09:14:00,2026-03-31 15:53:00,Resolved,Major,14,413,Y,Y,Passenger Help Point,platform stairs,temporary signage installed,N
INC001701,20260401,ST015,IT011,2026-04-01 22:38:00,2026-04-01 22:47:00,2026-04-01 22:58:00,Resolved,Moderate,9,20,N,N,Mobile Radio,platform stairs,temporary signage installed,N
INC001702,20260401,ST002,IT006,2026-04-01 23:45:00,2026-04-01 23:46:00,2026-04-02 00:05:00,Resolved,Moderate,1,20,N,N,Supervisor Walkthrough,lift lobby,requires facilities follow-up,N
INC001703,20260401,ST011,IT012,2026-04-01 23:50:00,2026-04-02 00:07:00,2026-04-02 00:10:00,Resolved,Moderate,17,20,Y,N,Mobile Radio,bus interchange,seen in previous two weeks,N
INC001704,20260401,ST005,IT002,2026-04-01 18:54:00,2026-04-01 19:02:00,2026-04-01 21:38:00,Resolved,Moderate,8,164,Y,Y,Passenger Help Point,ticket hall,requires facilities follow-up,Y
INC001705,20260401,ST014,IT007,2026-04-01 07:22:00,2026-04-01 07:34:00,,In Progress,Moderate,12,,N,N,Passenger Help Point,platform stairs,seen in previous two weeks,N
INC001706,20260401,ST004,IT008,2026-04-01 23:51:00,2026-04-02 00:29:00,2026-04-02 03:59:00,Resolved,Critical,38,248,Y,N,Mobile Radio,main concourse,requires facilities follow-up,N
INC001707,20260401,ST007,IT004,2026-04-01 17:27:00,2026-04-01 17:28:00,,In Progress,Minor,1,,N,N,Mobile Radio,northbound platform,repeat complaint from morning peak,N
INC001708,20260401,ST007,IT008,2026-04-01 21:52:00,2026-04-01 22:02:00,2026-04-01 22:34:00,Resolved,Moderate,10,42,N,N,Station Desk,staffed gate line,reported by service controller,N
INC001709,20260402,ST008,IT009,2026-04-02 08:34:00,2026-04-02 08:38:00,2026-04-02 17:07:00,Resolved,Moderate,4,513,N,N,Station Desk,platform stairs,seen in previous two weeks,N
INC001710,20260402,ST001,IT005,2026-04-02 16:07:00,2026-04-02 16:26:00,2026-04-03 20:02:00,Resolved,Minor,19,1675,N,Y,Control Room,main concourse,passenger assistance team notified,Y
INC001711,20260402,ST001,IT005,2026-04-02 07:56:00,2026-04-02 08:02:00,2026-04-02 19:43:00,Resolved,Moderate,6,707,N,N,Control Room,customer help point,requires facilities follow-up,N
INC001712,20260402,ST014,IT010,2026-04-02 10:51:00,2026-04-02 11:17:00,2026-04-04 06:39:00,Resolved,Major,26,2628,N,Y,Control Room,ticket hall,seen in previous two weeks,N
INC001713,20260402,ST002,IT007,2026-04-02 21:18:00,2026-04-02 21:32:00,2026-04-03 03:14:00,Resolved,Moderate,14,356,N,Y,Supervisor Walkthrough,northbound platform,passenger assistance team notified,N
INC001714,20260403,ST010,IT009,2026-04-03 19:09:00,2026-04-03 19:31:00,2026-04-03 23:24:00,Resolved,Major,22,255,N,N,Station Desk,bus interchange,linked to crowd control plan,N
INC001715,20260403,ST004,IT003,2026-04-03 14:04:00,2026-04-03 15:07:00,2026-04-03 19:35:00,Resolved,Minor,63,331,Y,N,Station Desk,lift lobby,linked to crowd control plan,N
INC001716,20260403,ST010,IT010,2026-04-03 11:52:00,2026-04-03 13:07:00,2026-04-04 12:38:00,Resolved,Moderate,75,1486,Y,Y,Control Room,lift lobby,manual log entry from station desk,N
INC001717,20260404,ST003,IT003,2026-04-04 16:55:00,2026-04-04 17:06:00,2026-04-04 19:44:00,Resolved,Minor,11,169,Y,N,Station Desk,platform stairs,requires facilities follow-up,N
INC001718,20260404,ST010,IT009,2026-04-04 21:26:00,2026-04-04 22:08:00,2026-04-05 12:12:00,Resolved,Minor,42,886,Y,Y,Station Desk,main concourse,manual log entry from station desk,N
INC001719,20260404,ST004,IT001,2026-04-04 13:30:00,2026-04-04 13:39:00,2026-04-04 17:06:00,Resolved,Moderate,9,216,N,N,Mobile Radio,main concourse,passenger assistance team notified,N
INC001720,20260405,ST004,IT011,2026-04-05 05:20:00,2026-04-05 05:34:00,2026-04-05 14:56:00,Resolved,Moderate,14,576,N,Y,Control Room,main concourse,seen in previous two weeks,N
INC001721,20260405,ST008,IT001,2026-04-05 13:38:00,2026-04-05 13:47:00,2026-04-05 14:31:00,Resolved,Moderate,9,53,N,N,Station Desk,bus interchange,passenger assistance team notified,N
INC001722,20260405,ST013,IT001,2026-04-05 08:50:00,2026-04-05 09:02:00,2026-04-05 14:06:00,Resolved,Moderate,12,316,N,Y,Passenger Help Point,staffed gate line,repeat complaint from morning peak,N
INC001723,20260405,ST005,IT006,2026-04-05 08:00:00,2026-04-05 08:12:00,2026-04-05 22:52:00,Resolved,Major,12,892,N,N,Control Room,ticket hall,seen in previous two weeks,N
INC001724,20260405,ST002,IT002,2026-04-05 22:32:00,2026-04-05 23:51:00,2026-04-05 22:52:00,Resolved,Major,79,20,Y,N,Control Room,main concourse,seen in previous two weeks,N
INC001725,20260406,ST006,IT003,2026-04-06 21:09:00,2026-04-06 21:20:00,2026-04-07 16:44:00,Resolved,Moderate,11,1175,Y,Y,Control Room,lift lobby,passenger assistance team notified,Y
INC001726,20260406,ST004,IT009,2026-04-06 19:08:00,2026-04-06 20:01:00,,In Progress,Minor,53,,Y,N,Control Room,staffed gate line,repeat complaint from morning peak,N
INC001727,20260406,ST005,IT001,2026-04-06 10:33:00,2026-04-06 10:43:00,2026-04-06 15:28:00,Resolved,Minor,10,295,N,Y,Passenger Help Point,staffed gate line,temporary signage installed,N
INC001728,20260406,ST009,IT007,2026-04-06 08:53:00,2026-04-06 09:10:00,2026-04-06 16:58:00,Resolved,Minor,17,485,Y,Y,Passenger Help Point,platform stairs,reported by service controller,N
INC001729,20260406,ST001,IT011,2026-04-06 11:03:00,2026-04-06 11:30:00,,Open,Major,27,,Y,N,Control Room,bus interchange,requires facilities follow-up,Y
INC001730,20260407,ST003,IT011,2026-04-07 10:22:00,2026-04-07 11:13:00,2026-04-07 15:12:00,Resolved,Major,51,290,Y,N,Station Desk,ticket hall,seen in previous two weeks,N
INC001731,20260407,ST008,IT001,2026-04-07 20:42:00,2026-04-07 20:57:00,2026-04-07 23:57:00,Resolved,Moderate,15,195,Y,N,Supervisor Walkthrough,ticket hall,requires facilities follow-up,N
INC001732,20260407,ST006,IT007,2026-04-07 11:44:00,2026-04-07 12:16:00,2026-04-07 17:04:00,Resolved,Critical,32,320,Y,Y,Control Room,platform stairs,linked to crowd control plan,N
INC001733,20260407,ST015,IT001,2026-04-07 06:56:00,2026-04-07 07:08:00,2026-04-07 10:04:00,Resolved,Minor,12,188,N,N,Station Desk,bus interchange,linked to crowd control plan,N
INC001734,20260407,ST001,IT010,2026-04-07 14:52:00,2026-04-07 15:39:00,2026-04-08 17:39:00,Resolved,Major,47,1607,Y,Y,Station Desk,bus interchange,seen in previous two weeks,N
INC001735,20260407,ST015,IT009,2026-04-07 18:03:00,2026-04-07 18:25:00,2026-04-08 04:06:00,Resolved,Moderate,22,603,N,N,Passenger Help Point,northbound platform,requires facilities follow-up,N
INC001736,20260408,ST010,IT002,2026-04-08 20:13:00,2026-04-08 20:15:00,2026-04-09 21:52:00,Resolved,Critical,2,1539,N,Y,Mobile Radio,ticket hall,manual log entry from station desk,N
INC001737,20260408,ST009,IT010,2026-04-08 12:51:00,2026-04-08 12:59:00,2026-04-09 03:48:00,Resolved,Moderate,8,897,N,N,Mobile Radio,staffed gate line,linked to crowd control plan,N
INC001738,20260408,ST005,IT002,2026-04-08 21:54:00,2026-04-08 22:05:00,2026-04-09 00:25:00,Resolved,Critical,11,151,Y,Y,Passenger Help Point,bus interchange,linked to crowd control plan,N
INC001739,20260408,ST014,IT005,2026-04-08 22:08:00,2026-04-08 23:17:00,2026-04-09 09:22:00,Resolved,Moderate,69,674,Y,N,Control Room,bus interchange,seen in previous two weeks,N
INC001740,20260408,ST012,IT006,2026-04-08 08:47:00,2026-04-08 09:48:00,2026-04-09 03:43:00,Resolved,Moderate,61,1136,Y,Y,Control Room,bus interchange,repeat complaint from morning peak,N
INC001741,20260409,ST002,IT001,2026-04-09 08:37:00,2026-04-09 08:42:00,2026-04-09 09:47:00,Resolved,Major,5,70,N,N,Control Room,platform stairs,reported by service controller,Y
INC001742,20260409,ST004,IT006,2026-04-09 06:24:00,2026-04-09 07:54:00,2026-04-10 05:58:00,Resolved,Major,90,1414,Y,Y,Supervisor Walkthrough,bus interchange,manual log entry from station desk,N
INC001743,20260409,ST010,IT007,2026-04-09 18:27:00,2026-04-09 18:45:00,2026-04-09 21:24:00,Resolved,Minor,18,177,Y,N,Mobile Radio,main concourse,repeat complaint from morning peak,N
INC001744,20260409,ST007,IT010,2026-04-09 12:53:00,2026-04-09 14:12:00,2026-04-09 14:38:00,Resolved,Major,79,105,Y,N,Supervisor Walkthrough,staffed gate line,linked to crowd control plan,N
INC001745,20260410,ST010,IT011,2026-04-10 08:41:00,2026-04-10 09:02:00,2026-04-10 13:39:00,Resolved,Major,21,298,Y,N,Passenger Help Point,northbound platform,repeat complaint from morning peak,N
INC001746,20260410,ST006,IT005,2026-04-10 16:44:00,2026-04-10 18:04:00,,In Progress,Major,80,,Y,N,Passenger Help Point,main concourse,seen in previous two weeks,Y
INC001747,20260410,ST007,IT005,2026-04-10 19:35:00,2026-04-10 19:58:00,2026-04-12 01:23:00,Resolved,Moderate,23,1788,N,Y,Station Desk,platform stairs,linked to crowd control plan,N
INC001748,20260410,ST006,IT006,2026-04-10 14:53:00,2026-04-10 16:18:00,2026-04-11 00:28:00,Resolved,Moderate,85,575,Y,N,Mobile Radio,lift lobby,seen in previous two weeks,N
INC001749,20260410,ST004,IT006,2026-04-10 15:28:00,2026-04-10 15:49:00,2026-04-10 21:25:00,Resolved,Minor,21,357,Y,N,Passenger Help Point,lift lobby,manual log entry from station desk,N
INC001750,20260410,ST010,IT004,2026-04-10 11:02:00,2026-04-10 11:07:00,2026-04-10 16:59:00,Resolved,Critical,5,357,N,Y,Control Room,northbound platform,manual log entry from station desk,N
INC001751,20260410,ST013,IT001,2026-04-10 05:54:00,2026-04-10 05:55:00,2026-04-10 14:30:00,Resolved,Minor,1,516,N,Y,Station Desk,lift lobby,repeat complaint from morning peak,N
INC001752,20260410,ST002,IT007,2026-04-10 12:04:00,2026-04-10 13:24:00,2026-04-10 15:52:00,Resolved,Critical,80,228,Y,Y,Passenger Help Point,lift lobby,seen in previous two weeks,N
INC001753,20260411,ST009,IT012,2026-04-11 11:53:00,2026-04-11 12:22:00,2026-04-11 21:58:00,Resolved,Moderate,29,605,Y,Y,Control Room,platform stairs,reported by service controller,N
INC001754,20260412,ST007,IT008,2026-04-12 10:39:00,2026-04-12 10:46:00,,In Progress,Moderate,7,,N,N,Station Desk,main concourse,temporary signage installed,N
INC001755,20260412,ST006,IT007,2026-04-12 19:17:00,2026-04-12 19:40:00,2026-04-12 23:42:00,Resolved,Major,23,265,Y,Y,Control Room,ticket hall,manual log entry from station desk,N
INC001756,20260413,ST013,IT011,2026-04-13 12:30:00,2026-04-13 12:50:00,2026-04-13 22:11:00,Resolved,Moderate,20,581,N,Y,Mobile Radio,bus interchange,repeat complaint from morning peak,N
INC001757,20260413,ST002,IT009,2026-04-13 05:00:00,2026-04-13 05:19:00,,In Progress,Moderate,19,,N,N,Passenger Help Point,lift lobby,reported by service controller,N
INC001758,20260413,ST001,IT009,2026-04-13 06:11:00,2026-04-13 07:16:00,2026-04-13 17:17:00,Resolved,Moderate,65,666,Y,N,Passenger Help Point,main concourse,requires facilities follow-up,N
INC001759,20260414,ST002,IT006,2026-04-14 18:43:00,2026-04-14 18:54:00,2026-04-15 09:33:00,Resolved,Moderate,11,890,N,N,Control Room,customer help point,repeat complaint from morning peak,N
INC001760,20260414,ST007,IT009,2026-04-14 07:32:00,2026-04-14 07:59:00,2026-04-14 21:45:00,Resolved,Critical,27,853,Y,Y,Station Desk,platform stairs,manual log entry from station desk,N
INC001761,20260414,ST010,IT003,2026-04-14 05:33:00,2026-04-14 05:48:00,2026-04-14 08:24:00,Resolved,Minor,15,171,Y,N,Mobile Radio,northbound platform,requires facilities follow-up,N
INC001762,20260414,ST013,IT001,2026-04-14 11:34:00,2026-04-14 11:44:00,2026-04-14 13:27:00,Resolved,Moderate,10,113,N,N,Passenger Help Point,northbound platform,requires facilities follow-up,Y
INC001763,20260415,ST003,IT003,2026-04-15 05:05:00,2026-04-15 05:15:00,2026-04-15 13:40:00,Resolved,Major,10,515,N,Y,Mobile Radio,staffed gate line,passenger assistance team notified,N
INC001764,20260415,ST005,IT004,2026-04-15 05:16:00,2026-04-15 05:23:00,2026-04-15 07:11:00,Resolved,Critical,7,115,Y,N,Supervisor Walkthrough,bus interchange,reported by service controller,N
INC001765,20260415,ST001,IT005,2026-04-15 06:43:00,2026-04-15 08:07:00,,In Progress,Critical,84,,Y,N,Passenger Help Point,lift lobby,seen in previous two weeks,Y
INC001766,20260415,ST016,IT004,2026-04-15 23:40:00,2026-04-16 00:57:00,,Open,Critical,77,,Y,N,Supervisor Walkthrough,platform stairs,reported by service controller,N
INC001767,20260415,ST013,IT010,2026-04-15 22:28:00,2026-04-15 22:57:00,2026-04-17 00:44:00,Resolved,Minor,29,1576,N,Y,Mobile Radio,customer help point,passenger assistance team notified,N
INC001768,20260416,ST014,IT003,2026-04-16 05:17:00,2026-04-16 05:18:00,,In Progress,Moderate,1,,N,N,Passenger Help Point,customer help point,reported by service controller,N
INC001769,20260416,ST001,IT009,2026-04-16 09:20:00,2026-04-16 10:10:00,2026-04-16 13:32:00,Resolved,Critical,50,252,Y,N,Passenger Help Point,customer help point,manual log entry from station desk,N
INC001770,20260416,ST005,IT011,2026-04-16 19:25:00,2026-04-16 20:02:00,,In Progress,Moderate,37,,Y,N,Mobile Radio,ticket hall,linked to crowd control plan,N
INC001771,20260417,ST010,IT009,2026-04-17 10:55:00,2026-04-17 11:04:00,2026-04-18 13:42:00,Resolved,Moderate,9,1607,N,Y,Supervisor Walkthrough,customer help point,temporary signage installed,N
INC001772,20260417,ST012,IT005,2026-04-17 13:51:00,2026-04-17 14:39:00,2026-04-20 00:12:00,Resolved,Minor,48,3501,Y,Y,Supervisor Walkthrough,platform stairs,seen in previous two weeks,N
INC001773,20260417,ST001,IT002,2026-04-17 15:44:00,2026-04-17 16:31:00,2026-04-17 16:58:00,Resolved,Critical,47,74,Y,N,Passenger Help Point,bus interchange,passenger assistance team notified,Y
INC001774,20260418,ST010,IT006,2026-04-18 19:57:00,2026-04-18 20:12:00,2026-04-18 22:58:00,Resolved,Major,15,181,N,N,Supervisor Walkthrough,northbound platform,linked to crowd control plan,N
INC001775,20260419,ST003,IT006,2026-04-19 20:59:00,2026-04-19 21:15:00,2026-04-20 16:21:00,Resolved,Major,16,1162,N,Y,Mobile Radio,bus interchange,seen in previous two weeks,N
INC001776,20260419,ST013,IT009,2026-04-19 09:18:00,2026-04-19 09:28:00,,In Progress,Minor,10,,N,N,Control Room,northbound platform,repeat complaint from morning peak,Y
INC001777,20260420,ST002,IT007,2026-04-20 17:21:00,2026-04-20 17:25:00,2026-04-20 20:51:00,Resolved,Moderate,4,210,N,Y,Mobile Radio,ticket hall,temporary signage installed,N
INC001778,20260420,ST005,IT007,2026-04-20 19:45:00,2026-04-20 20:23:00,2026-04-20 23:30:00,Resolved,Major,38,225,Y,Y,Supervisor Walkthrough,staffed gate line,reported by service controller,N
INC001779,20260420,ST004,IT011,2026-04-20 07:38:00,2026-04-20 08:02:00,2026-04-20 15:38:00,Resolved,Moderate,24,480,Y,N,Control Room,northbound platform,passenger assistance team notified,N
INC001780,20260420,ST016,IT007,2026-04-20 15:40:00,2026-04-20 15:56:00,2026-04-21 18:13:00,Resolved,Moderate,16,1593,Y,Y,Station Desk,lift lobby,manual log entry from station desk,N
INC001781,20260420,ST008,IT002,2026-04-20 06:32:00,2026-04-20 06:42:00,2026-04-20 08:36:00,Resolved,Major,10,124,Y,Y,Station Desk,northbound platform,seen in previous two weeks,N
INC001782,20260420,ST015,IT010,2026-04-20 08:22:00,2026-04-20 09:11:00,2026-04-21 01:16:00,Resolved,Moderate,49,1014,Y,N,Supervisor Walkthrough,ticket hall,manual log entry from station desk,N
INC001783,20260421,ST002,IT008,2026-04-21 11:55:00,2026-04-21 12:51:00,,In Progress,Moderate,56,,Y,N,Supervisor Walkthrough,northbound platform,repeat complaint from morning peak,N
INC001784,20260422,ST009,IT006,2026-04-22 19:31:00,2026-04-22 19:34:00,2026-04-23 20:53:00,Resolved,Moderate,3,1522,N,Y,Supervisor Walkthrough,customer help point,linked to crowd control plan,N
INC001785,20260422,ST007,IT011,2026-04-22 16:00:00,2026-04-22 16:14:00,2026-04-22 20:18:00,Resolved,Moderate,14,258,N,N,Supervisor Walkthrough,ticket hall,requires facilities follow-up,N
INC001786,20260422,ST013,IT009,2026-04-22 15:29:00,2026-04-22 16:07:00,,Escalated,Major,38,,Y,N,Passenger Help Point,lift lobby,temporary signage installed,N
INC001787,20260422,ST006,IT001,2026-04-22 12:51:00,2026-04-22 13:04:00,2026-04-22 21:52:00,Resolved,Major,13,541,Y,Y,Control Room,staffed gate line,repeat complaint from morning peak,N
INC001788,20260423,ST001,IT001,2026-04-23 15:45:00,2026-04-23 15:52:00,2026-04-23 16:59:00,Resolved,Moderate,7,74,N,N,Passenger Help Point,platform stairs,reported by service controller,N
INC001789,20260423,ST010,IT003,2026-04-23 09:42:00,2026-04-23 10:44:00,,In Progress,Moderate,62,,Y,N,Station Desk,lift lobby,passenger assistance team notified,Y
INC001790,20260423,ST011,IT003,2026-04-23 08:49:00,2026-04-23 09:12:00,,In Progress,Moderate,23,,Y,N,Control Room,bus interchange,passenger assistance team notified,N
INC001791,20260424,ST009,IT003,2026-04-24 06:32:00,2026-04-24 06:46:00,2026-04-24 11:45:00,Resolved,Major,14,313,Y,N,Station Desk,main concourse,reported by service controller,N
INC001792,20260424,ST002,IT010,2026-04-24 10:08:00,2026-04-24 10:41:00,,Open,Critical,33,,N,N,Station Desk,main concourse,manual log entry from station desk,N
INC001793,20260424,ST001,IT006,2026-04-24 06:53:00,2026-04-24 07:15:00,2026-04-25 08:07:00,Resolved,Major,22,1514,Y,Y,Passenger Help Point,ticket hall,reported by service controller,N
INC001794,20260425,ST002,IT009,2026-04-25 05:33:00,2026-04-25 06:02:00,,Open,Major,29,,Y,N,Passenger Help Point,platform stairs,temporary signage installed,N
INC001795,20260425,ST010,IT001,2026-04-25 10:39:00,2026-04-25 10:56:00,2026-04-25 15:01:00,Resolved,Moderate,17,262,Y,Y,Mobile Radio,lift lobby,requires facilities follow-up,N
INC001796,20260425,ST010,IT002,2026-04-25 16:50:00,2026-04-25 18:05:00,,In Progress,Critical,75,,Y,N,Passenger Help Point,lift lobby,linked to crowd control plan,Y
INC001797,20260426,ST009,IT001,2026-04-26 15:19:00,2026-04-26 16:36:00,2026-04-26 18:07:00,Resolved,Moderate,77,168,Y,N,Mobile Radio,main concourse,manual log entry from station desk,N
INC001798,20260426,ST013,IT003,2026-04-26 20:24:00,2026-04-26 20:25:00,2026-04-27 07:49:00,Resolved,Major,1,685,N,Y,Control Room,staffed gate line,manual log entry from station desk,Y
INC001799,20260426,ST010,IT011,2026-04-26 19:22:00,2026-04-26 19:51:00,2026-04-26 19:42:00,Resolved,Minor,29,20,Y,N,Control Room,customer help point,requires facilities follow-up,N
INC001800,20260426,ST003,IT008,2026-04-26 21:24:00,2026-04-26 21:34:00,2026-04-27 20:42:00,Resolved,Major,10,1398,N,Y,Station Desk,northbound platform,repeat complaint from morning peak,Y
INC001801,20260427,ST015,IT003,2026-04-27 09:55:00,2026-04-27 10:41:00,2026-04-27 10:15:00,Resolved,Moderate,46,20,Y,N,Passenger Help Point,northbound platform,manual log entry from station desk,N
INC001802,20260428,ST001,IT009,2026-04-28 08:57:00,2026-04-28 09:11:00,,Open,Minor,14,,N,N,Mobile Radio,staffed gate line,reported by service controller,N
INC001803,20260428,ST001,IT005,2026-04-28 13:00:00,2026-04-28 13:16:00,,Open,Major,16,,N,N,Control Room,customer help point,linked to crowd control plan,N
INC001804,20260428,ST007,IT005,2026-04-28 11:00:00,2026-04-28 12:09:00,,In Progress,Moderate,69,,Y,N,Station Desk,platform stairs,reported by service controller,N
INC001805,20260429,ST014,IT011,2026-04-29 10:18:00,2026-04-29 10:23:00,2026-04-29 22:38:00,Resolved,Moderate,5,740,N,Y,Station Desk,lift lobby,seen in previous two weeks,N
INC001806,20260429,ST011,IT003,2026-04-29 20:58:00,2026-04-29 21:01:00,,In Progress,Moderate,3,,N,N,Control Room,northbound platform,seen in previous two weeks,N
INC001807,20260429,ST007,IT010,2026-04-29 18:33:00,2026-04-29 19:01:00,2026-04-30 20:45:00,Resolved,Major,28,1572,N,Y,Supervisor Walkthrough,bus interchange,linked to crowd control plan,Y
INC001808,20260429,ST001,IT006,2026-04-29 23:58:00,2026-04-30 00:20:00,2026-04-30 14:34:00,Resolved,Minor,22,876,Y,N,Control Room,northbound platform,seen in previous two weeks,N
INC001809,20260429,ST004,IT001,2026-04-29 21:45:00,2026-04-29 21:56:00,,Open,Major,11,,N,N,Control Room,platform stairs,passenger assistance team notified,N
INC001810,20260429,ST004,IT006,2026-04-29 06:06:00,2026-04-29 06:11:00,2026-04-29 23:25:00,Resolved,Moderate,5,1039,N,N,Passenger Help Point,northbound platform,reported by service controller,N
INC001811,20260429,ST010,IT009,2026-04-29 06:38:00,2026-04-29 06:57:00,,Open,Critical,19,,N,N,Passenger Help Point,ticket hall,passenger assistance team notified,N
INC001812,20260429,ST008,IT012,2026-04-29 19:10:00,2026-04-29 19:23:00,,Open,Critical,13,,N,N,Mobile Radio,bus interchange,passenger assistance team notified,Y
INC001813,20260430,ST001,IT006,2026-04-30 13:13:00,2026-04-30 13:26:00,2026-04-30 15:23:00,Resolved,Minor,13,130,N,N,Control Room,ticket hall,reported by service controller,N
INC001814,20260430,ST010,IT005,2026-04-30 13:53:00,2026-04-30 14:10:00,,In Progress,Minor,17,,N,N,Passenger Help Point,northbound platform,passenger assistance team notified,N
INC001815,20260430,ST011,IT009,2026-04-30 18:32:00,2026-04-30 19:06:00,2026-05-01 05:42:00,Resolved,Minor,34,670,Y,N,Mobile Radio,northbound platform,temporary signage installed,N
INC001816,20260430,ST003,IT001,2026-04-30 07:43:00,2026-04-30 07:47:00,2026-05-01 06:25:00,Resolved,Moderate,4,1362,N,Y,Mobile Radio,bus interchange,requires facilities follow-up,N
INC001817,20260430,ST008,IT011,2026-04-30 11:57:00,2026-04-30 12:30:00,2026-04-30 17:08:00,Resolved,Minor,33,311,Y,N,Passenger Help Point,platform stairs,passenger assistance team notified,N
INC001818,20260430,ST009,IT010,2026-04-30 16:39:00,2026-04-30 17:31:00,2026-05-01 15:01:00,Resolved,Moderate,52,1342,Y,N,Supervisor Walkthrough,platform stairs,reported by service controller,N
INC001819,20260430,ST010,IT002,2026-04-30 11:52:00,2026-04-30 13:19:00,2026-04-30 14:36:00,Resolved,Critical,87,164,Y,Y,Passenger Help Point,ticket hall,seen in previous two weeks,N
INC001820,20260430,ST008,IT003,2026-04-30 11:32:00,2026-04-30 11:42:00,2026-04-30 17:07:00,Resolved,Moderate,10,335,N,N,Passenger Help Point,platform stairs,repeat complaint from morning peak,N
