support_case_id,date_key,station_id,opened_at,closed_at,case_category,case_status,priority,channel,handling_hours,sla_target_hours,sla_breached_flag,repeat_contact_flag
CASE000001,20250101,ST010,2025-01-01 14:11:00,2025-01-02 11:11:00,Information Request,Resolved,Low,Mobile App,21,24,N,N
CASE000002,20250101,ST005,2025-01-01 12:26:00,2025-01-02 19:26:00,Service Disruption Complaint,Resolved,Low,Station Desk,31,72,N,N
CASE000003,20250101,ST006,2025-01-01 20:00:00,2025-01-05 14:00:00,Delay Compensation,Resolved,Low,Mobile App,90,96,N,N
CASE000004,20250101,ST016,2025-01-01 13:48:00,2025-01-04 21:48:00,Lost Property,Resolved,Medium,Station Desk,80,72,Y,N
CASE000005,20250101,ST002,2025-01-01 21:10:00,2025-01-04 02:10:00,Staff Conduct,Resolved,Low,Web Form,53,72,N,N
CASE000006,20250102,ST009,2025-01-02 19:28:00,2025-01-06 01:28:00,Lost Property,Resolved,High,Contact Centre,78,72,Y,N
CASE000007,20250102,ST003,2025-01-02 19:22:00,,Lost Property,Open,High,Station Desk,,72,N,N
CASE000008,20250103,ST011,2025-01-03 15:17:00,2025-01-03 17:17:00,Accessibility Assistance,Resolved,Medium,Station Desk,2,12,N,N
CASE000009,20250103,ST005,2025-01-03 14:35:00,2025-01-03 16:35:00,Accessibility Assistance,Resolved,Low,Web Form,2,12,N,N
CASE000010,20250103,ST015,2025-01-03 22:17:00,2025-01-09 09:17:00,Service Disruption Complaint,Resolved,Medium,Mobile App,131,72,Y,Y
CASE000011,20250103,ST013,2025-01-03 09:05:00,2025-01-07 17:05:00,Information Request,Resolved,High,Mobile App,104,24,Y,Y
CASE000012,20250103,ST006,2025-01-03 11:17:00,2025-01-05 14:17:00,Service Disruption Complaint,Resolved,High,Email,51,72,N,N
CASE000013,20250103,ST003,2025-01-03 12:10:00,2025-01-03 13:10:00,Information Request,Resolved,Medium,Station Desk,1,24,N,N
CASE000014,20250103,ST001,2025-01-03 10:47:00,2025-01-05 19:47:00,Ticketing / Refund,Resolved,Medium,Contact Centre,57,48,Y,N
CASE000015,20250104,ST001,2025-01-04 08:26:00,2025-01-05 12:26:00,Delay Compensation,Resolved,Medium,Station Desk,28,96,N,N
CASE000016,20250104,ST005,2025-01-04 17:26:00,2025-01-10 17:26:00,Ticketing / Refund,Resolved,Low,Station Desk,144,48,Y,N
CASE000017,20250104,ST001,2025-01-04 06:17:00,,Ticketing / Refund,Escalated,Low,Contact Centre,,48,N,N
CASE000018,20250104,ST013,2025-01-04 16:09:00,2025-01-05 08:09:00,Information Request,Resolved,Medium,Web Form,16,24,N,N
CASE000019,20250104,ST010,2025-01-04 07:07:00,2025-01-07 22:07:00,Service Disruption Complaint,Resolved,Low,Contact Centre,87,72,Y,N
CASE000020,20250104,ST006,2025-01-04 15:06:00,,Ticketing / Refund,Escalated,Medium,Station Desk,,48,N,N
CASE000021,20250104,ST004,2025-01-04 20:37:00,2025-01-09 11:37:00,Information Request,Resolved,Medium,Station Desk,111,24,Y,N
CASE000022,20250105,ST016,2025-01-05 13:17:00,2025-01-13 18:17:00,Service Disruption Complaint,Resolved,Medium,Mobile App,197,72,Y,N
CASE000023,20250105,ST007,2025-01-05 13:56:00,,Delay Compensation,Open,Low,Mobile App,,96,N,N
CASE000024,20250105,ST009,2025-01-05 19:54:00,2025-01-07 07:54:00,Ticketing / Refund,Resolved,Low,Contact Centre,36,48,N,N
CASE000025,20250105,ST001,2025-01-05 10:01:00,,Accessibility Assistance,Open,Medium,Web Form,,12,N,N
CASE000026,20250105,ST006,2025-01-05 07:11:00,,Lost Property,Pending Customer,Medium,Contact Centre,,72,N,N
CASE000027,20250106,ST001,2025-01-06 11:42:00,2025-01-09 08:42:00,Delay Compensation,Resolved,Medium,Web Form,69,96,N,N
CASE000028,20250106,ST006,2025-01-06 08:55:00,2025-01-12 14:55:00,Cleanliness Complaint,Resolved,High,Email,150,36,Y,N
CASE000029,20250106,ST004,2025-01-06 18:39:00,,Delay Compensation,Open,Medium,Mobile App,,96,N,N
CASE000030,20250106,ST001,2025-01-06 15:18:00,2025-01-08 15:18:00,Lost Property,Resolved,High,Station Desk,48,72,N,N
CASE000031,20250106,ST002,2025-01-06 14:26:00,2025-01-07 07:26:00,Accessibility Assistance,Resolved,Medium,Mobile App,17,12,Y,N
CASE000032,20250106,ST001,2025-01-06 11:14:00,2025-01-06 12:14:00,Service Disruption Complaint,Resolved,Medium,Station Desk,1,72,N,N
CASE000033,20250106,ST011,2025-01-06 16:27:00,2025-01-10 22:27:00,Delay Compensation,Resolved,Medium,Contact Centre,102,96,Y,N
CASE000034,20250106,ST001,2025-01-06 19:37:00,2025-01-09 11:37:00,Ticketing / Refund,Resolved,Urgent,Contact Centre,64,48,Y,Y
CASE000035,20250107,ST005,2025-01-07 06:37:00,2025-01-09 23:37:00,Information Request,Resolved,Low,Station Desk,65,24,Y,N
CASE000036,20250107,ST003,2025-01-07 12:52:00,2025-01-07 17:52:00,Accessibility Assistance,Resolved,High,Station Desk,5,12,N,N
CASE000037,20250108,ST009,2025-01-08 17:24:00,2025-01-09 07:24:00,Ticketing / Refund,Resolved,Low,Contact Centre,14,48,N,N
CASE000038,20250108,ST016,2025-01-08 18:37:00,2025-01-09 10:37:00,Information Request,Resolved,Low,Mobile App,16,24,N,Y
CASE000039,20250108,ST005,2025-01-08 09:48:00,2025-01-11 06:48:00,Ticketing / Refund,Resolved,Urgent,Mobile App,69,48,Y,Y
CASE000040,20250109,ST008,2025-01-09 07:58:00,,Accessibility Assistance,Pending Customer,Urgent,Mobile App,,12,N,Y
CASE000041,20250109,ST004,2025-01-09 17:26:00,2025-01-12 04:26:00,Staff Conduct,Resolved,Low,Contact Centre,59,72,N,N
CASE000042,20250109,ST014,2025-01-09 14:45:00,2025-01-10 01:45:00,Accessibility Assistance,Resolved,Medium,Email,11,12,N,N
CASE000043,20250109,ST009,2025-01-09 10:45:00,2025-01-09 11:45:00,Ticketing / Refund,Resolved,Low,Email,1,48,N,N
CASE000044,20250109,ST015,2025-01-09 14:40:00,,Ticketing / Refund,Open,Low,Web Form,,48,N,Y
CASE000045,20250109,ST016,2025-01-09 22:36:00,,Staff Conduct,Escalated,Low,Mobile App,,72,N,N
CASE000046,20250109,ST004,2025-01-09 08:45:00,2025-01-12 20:45:00,Staff Conduct,Resolved,Medium,Email,84,72,Y,N
CASE000047,20250110,ST001,2025-01-10 11:33:00,,Information Request,Escalated,Medium,Mobile App,,24,N,N
CASE000048,20250110,ST007,2025-01-10 08:25:00,,Service Disruption Complaint,Pending Customer,Low,Contact Centre,,72,N,N
CASE000049,20250110,ST010,2025-01-10 14:45:00,2025-01-12 12:45:00,Cleanliness Complaint,Resolved,Medium,Contact Centre,46,36,Y,N
CASE000050,20250110,ST002,2025-01-10 20:48:00,2025-01-16 22:48:00,Service Disruption Complaint,Resolved,Medium,Station Desk,146,72,Y,N
CASE000051,20250110,ST005,2025-01-10 15:22:00,2025-01-16 03:22:00,Delay Compensation,Resolved,High,Email,132,96,Y,N
CASE000052,20250111,ST003,2025-01-11 13:01:00,2025-01-14 13:01:00,Delay Compensation,Resolved,High,Email,72,96,N,Y
CASE000053,20250111,ST001,2025-01-11 12:04:00,2025-01-12 00:04:00,Accessibility Assistance,Resolved,High,Email,12,12,N,N
CASE000054,20250111,ST010,2025-01-11 15:40:00,2025-01-13 00:40:00,Information Request,Resolved,Medium,Contact Centre,33,24,Y,N
CASE000055,20250111,ST014,2025-01-11 19:03:00,,Ticketing / Refund,Pending Customer,Medium,Mobile App,,48,N,N
CASE000056,20250111,ST013,2025-01-11 06:40:00,2025-01-14 16:40:00,Service Disruption Complaint,Resolved,Medium,Web Form,82,72,Y,Y
CASE000057,20250112,ST010,2025-01-12 14:50:00,2025-01-16 09:50:00,Delay Compensation,Resolved,Low,Web Form,91,96,N,N
CASE000058,20250112,ST002,2025-01-12 12:00:00,,Information Request,Escalated,High,Email,,24,N,N
CASE000059,20250113,ST001,2025-01-13 18:34:00,,Lost Property,Open,Low,Email,,72,N,N
CASE000060,20250113,ST008,2025-01-13 12:19:00,2025-01-15 11:19:00,Cleanliness Complaint,Resolved,Medium,Contact Centre,47,36,Y,N
CASE000061,20250113,ST009,2025-01-13 22:35:00,2025-01-13 23:35:00,Lost Property,Resolved,Medium,Email,1,72,N,Y
CASE000062,20250113,ST011,2025-01-13 16:11:00,2025-01-14 11:11:00,Ticketing / Refund,Resolved,Low,Mobile App,19,48,N,N
CASE000063,20250113,ST014,2025-01-13 14:24:00,2025-01-14 19:24:00,Cleanliness Complaint,Resolved,Low,Contact Centre,29,36,N,N
CASE000064,20250113,ST002,2025-01-13 17:34:00,2025-01-14 13:34:00,Staff Conduct,Resolved,Medium,Contact Centre,20,72,N,N
CASE000065,20250113,ST002,2025-01-13 20:39:00,2025-01-14 08:39:00,Accessibility Assistance,Resolved,Medium,Station Desk,12,12,N,N
CASE000066,20250113,ST013,2025-01-13 10:09:00,2025-01-16 16:09:00,Service Disruption Complaint,Resolved,Medium,Contact Centre,78,72,Y,N
CASE000067,20250114,ST016,2025-01-14 08:08:00,2025-01-21 03:08:00,Information Request,Resolved,High,Mobile App,163,24,Y,N
CASE000068,20250114,ST001,2025-01-14 19:20:00,2025-01-17 10:20:00,Delay Compensation,Resolved,High,Station Desk,63,96,N,N
CASE000069,20250114,ST014,2025-01-14 08:35:00,2025-01-17 16:35:00,Service Disruption Complaint,Resolved,Medium,Web Form,80,72,Y,N
CASE000070,20250115,ST011,2025-01-15 21:02:00,2025-01-17 02:02:00,Service Disruption Complaint,Resolved,Medium,Station Desk,29,72,N,N
CASE000071,20250115,ST006,2025-01-15 09:10:00,2025-01-19 02:10:00,Service Disruption Complaint,Resolved,High,Email,89,72,Y,N
CASE000072,20250115,ST011,2025-01-15 13:16:00,2025-01-16 01:16:00,Ticketing / Refund,Resolved,High,Station Desk,12,48,N,N
CASE000073,20250115,ST002,2025-01-15 19:41:00,2025-01-16 20:41:00,Lost Property,Resolved,Medium,Mobile App,25,72,N,N
CASE000074,20250115,ST001,2025-01-15 14:30:00,2025-01-22 17:30:00,Staff Conduct,Resolved,Medium,Mobile App,171,72,Y,N
CASE000075,20250115,ST003,2025-01-15 21:00:00,2025-01-16 10:00:00,Accessibility Assistance,Resolved,High,Email,13,12,Y,N
CASE000076,20250115,ST003,2025-01-15 09:01:00,2025-01-16 01:01:00,Accessibility Assistance,Resolved,Medium,Email,16,12,Y,N
CASE000077,20250115,ST013,2025-01-15 16:28:00,,Staff Conduct,Open,Medium,Contact Centre,,72,N,N
CASE000078,20250116,ST006,2025-01-16 12:30:00,2025-01-17 11:30:00,Staff Conduct,Resolved,High,Station Desk,23,72,N,Y
CASE000079,20250116,ST002,2025-01-16 21:54:00,,Ticketing / Refund,Open,Medium,Contact Centre,,48,N,N
CASE000080,20250116,ST001,2025-01-16 20:18:00,2025-01-21 18:18:00,Service Disruption Complaint,Resolved,High,Web Form,118,72,Y,N
CASE000081,20250117,ST015,2025-01-17 18:06:00,,Lost Property,Pending Customer,Medium,Email,,72,N,Y
CASE000082,20250117,ST001,2025-01-17 07:58:00,2025-01-18 13:58:00,Information Request,Resolved,Medium,Contact Centre,30,24,Y,N
CASE000083,20250117,ST016,2025-01-17 17:51:00,2025-01-21 02:51:00,Service Disruption Complaint,Resolved,Medium,Station Desk,81,72,Y,Y
CASE000084,20250117,ST008,2025-01-17 19:24:00,2025-01-21 02:24:00,Service Disruption Complaint,Resolved,Medium,Email,79,72,Y,N
CASE000085,20250118,ST010,2025-01-18 12:09:00,2025-01-18 20:09:00,Ticketing / Refund,Resolved,High,Station Desk,8,48,N,N
CASE000086,20250118,ST008,2025-01-18 22:30:00,2025-01-22 19:30:00,Delay Compensation,Resolved,Medium,Email,93,96,N,N
CASE000087,20250119,ST002,2025-01-19 08:02:00,,Lost Property,Pending Customer,High,Contact Centre,,72,N,Y
CASE000088,20250119,ST006,2025-01-19 19:22:00,2025-01-21 21:22:00,Cleanliness Complaint,Resolved,Medium,Email,50,36,Y,N
CASE000089,20250119,ST006,2025-01-19 21:15:00,2025-01-22 04:15:00,Service Disruption Complaint,Resolved,Medium,Station Desk,55,72,N,N
CASE000090,20250119,ST016,2025-01-19 09:11:00,2025-01-21 22:11:00,Ticketing / Refund,Resolved,Low,Mobile App,61,48,Y,N
CASE000091,20250119,ST013,2025-01-19 08:33:00,,Information Request,Open,High,Contact Centre,,24,N,N
CASE000092,20250119,ST002,2025-01-19 06:20:00,2025-01-21 03:20:00,Ticketing / Refund,Resolved,Urgent,Station Desk,45,48,N,N
CASE000093,20250119,ST012,2025-01-19 13:58:00,2025-01-23 05:58:00,Staff Conduct,Resolved,High,Email,88,72,Y,N
CASE000094,20250119,ST016,2025-01-19 14:03:00,2025-01-23 06:03:00,Service Disruption Complaint,Resolved,Medium,Contact Centre,88,72,Y,N
CASE000095,20250120,ST014,2025-01-20 21:41:00,2025-01-22 14:41:00,Information Request,Resolved,Low,Email,41,24,Y,N
CASE000096,20250120,ST006,2025-01-20 13:10:00,2025-01-20 14:10:00,Ticketing / Refund,Resolved,Medium,Email,1,48,N,N
CASE000097,20250120,ST006,2025-01-20 09:20:00,2025-01-20 23:20:00,Cleanliness Complaint,Resolved,Low,Mobile App,14,36,N,N
CASE000098,20250120,ST015,2025-01-20 21:17:00,,Delay Compensation,Pending Customer,Medium,Contact Centre,,96,N,N
CASE000099,20250121,ST010,2025-01-21 12:13:00,,Ticketing / Refund,Open,Medium,Mobile App,,48,N,Y
CASE000100,20250121,ST010,2025-01-21 19:23:00,,Delay Compensation,Pending Customer,High,Mobile App,,96,N,Y
CASE000101,20250121,ST014,2025-01-21 14:12:00,2025-01-24 18:12:00,Lost Property,Resolved,High,Web Form,76,72,Y,N
CASE000102,20250121,ST001,2025-01-21 10:50:00,2025-01-26 01:50:00,Delay Compensation,Resolved,Medium,Email,111,96,Y,N
CASE000103,20250122,ST006,2025-01-22 15:59:00,2025-01-24 18:59:00,Information Request,Resolved,Urgent,Email,51,24,Y,N
CASE000104,20250122,ST014,2025-01-22 06:27:00,2025-01-24 07:27:00,Ticketing / Refund,Resolved,High,Station Desk,49,48,Y,N
CASE000105,20250122,ST002,2025-01-22 09:51:00,2025-01-27 15:51:00,Delay Compensation,Resolved,Low,Station Desk,126,96,Y,N
CASE000106,20250123,ST010,2025-01-23 19:25:00,2025-01-24 13:25:00,Service Disruption Complaint,Resolved,Low,Contact Centre,18,72,N,N
CASE000107,20250123,ST008,2025-01-23 15:32:00,2025-01-24 22:32:00,Cleanliness Complaint,Resolved,Medium,Web Form,31,36,N,N
CASE000108,20250123,ST001,2025-01-23 12:37:00,2025-01-24 01:37:00,Accessibility Assistance,Resolved,Low,Contact Centre,13,12,Y,N
CASE000109,20250123,ST009,2025-01-23 17:59:00,,Delay Compensation,Open,Low,Contact Centre,,96,N,N
CASE000110,20250123,ST009,2025-01-23 18:01:00,,Ticketing / Refund,Open,Medium,Contact Centre,,48,N,N
CASE000111,20250123,ST001,2025-01-23 21:03:00,,Cleanliness Complaint,Pending Customer,Low,Contact Centre,,36,N,N
CASE000112,20250123,ST003,2025-01-23 07:23:00,2025-01-23 12:23:00,Information Request,Resolved,Low,Web Form,5,24,N,N
CASE000113,20250123,ST006,2025-01-23 11:28:00,2025-01-27 15:28:00,Ticketing / Refund,Resolved,Medium,Email,100,48,Y,N
CASE000114,20250124,ST006,2025-01-24 17:14:00,2025-01-27 10:14:00,Service Disruption Complaint,Resolved,Medium,Mobile App,65,72,N,Y
CASE000115,20250124,ST005,2025-01-24 12:35:00,2025-01-25 16:35:00,Lost Property,Resolved,Medium,Mobile App,28,72,N,N
CASE000116,20250124,ST010,2025-01-24 09:46:00,2025-01-24 10:46:00,Staff Conduct,Resolved,Low,Email,1,72,N,N
CASE000117,20250125,ST010,2025-01-25 17:39:00,,Delay Compensation,Pending Customer,Medium,Email,,96,N,N
CASE000118,20250125,ST005,2025-01-25 17:16:00,2025-01-27 18:16:00,Lost Property,Resolved,Low,Contact Centre,49,72,N,N
CASE000119,20250125,ST010,2025-01-25 15:27:00,2025-01-31 07:27:00,Staff Conduct,Resolved,Low,Email,136,72,Y,N
CASE000120,20250126,ST015,2025-01-26 12:18:00,2025-01-31 03:18:00,Lost Property,Resolved,Low,Email,111,72,Y,N
CASE000121,20250126,ST006,2025-01-26 09:07:00,2025-01-27 20:07:00,Cleanliness Complaint,Resolved,Medium,Email,35,36,N,N
CASE000122,20250126,ST003,2025-01-26 14:54:00,,Lost Property,Pending Customer,Medium,Contact Centre,,72,N,N
CASE000123,20250126,ST009,2025-01-26 07:55:00,2025-01-30 05:55:00,Delay Compensation,Resolved,Low,Contact Centre,94,96,N,N
CASE000124,20250126,ST003,2025-01-26 11:45:00,,Information Request,Open,High,Contact Centre,,24,N,N
CASE000125,20250126,ST015,2025-01-26 18:33:00,,Lost Property,Open,Low,Email,,72,N,N
CASE000126,20250126,ST014,2025-01-26 16:46:00,2025-01-27 08:46:00,Cleanliness Complaint,Resolved,Low,Contact Centre,16,36,N,N
CASE000127,20250126,ST015,2025-01-26 14:02:00,2025-01-27 16:02:00,Ticketing / Refund,Resolved,Low,Mobile App,26,48,N,N
CASE000128,20250127,ST014,2025-01-27 20:08:00,2025-01-30 13:08:00,Service Disruption Complaint,Resolved,Medium,Email,65,72,N,N
CASE000129,20250127,ST003,2025-01-27 15:14:00,,Delay Compensation,Open,Medium,Station Desk,,96,N,N
CASE000130,20250127,ST008,2025-01-27 18:02:00,2025-01-28 23:02:00,Information Request,Resolved,Medium,Station Desk,29,24,Y,N
CASE000131,20250127,ST006,2025-01-27 14:31:00,2025-01-29 01:31:00,Lost Property,Resolved,Medium,Email,35,72,N,Y
CASE000132,20250127,ST004,2025-01-27 19:14:00,2025-01-30 02:14:00,Lost Property,Resolved,Low,Web Form,55,72,N,N
CASE000133,20250128,ST013,2025-01-28 14:52:00,2025-01-29 21:52:00,Information Request,Resolved,Low,Web Form,31,24,Y,N
CASE000134,20250128,ST001,2025-01-28 18:24:00,,Ticketing / Refund,Escalated,Low,Contact Centre,,48,N,N
CASE000135,20250128,ST014,2025-01-28 13:46:00,2025-01-30 21:46:00,Service Disruption Complaint,Resolved,Medium,Mobile App,56,72,N,N
CASE000136,20250128,ST012,2025-01-28 13:05:00,,Lost Property,Pending Customer,Low,Mobile App,,72,N,N
CASE000137,20250129,ST005,2025-01-29 15:42:00,,Service Disruption Complaint,Escalated,Low,Web Form,,72,N,Y
CASE000138,20250129,ST006,2025-01-29 21:13:00,,Information Request,Open,High,Email,,24,N,N
CASE000139,20250129,ST002,2025-01-29 20:33:00,2025-02-01 05:33:00,Delay Compensation,Resolved,High,Mobile App,57,96,N,N
CASE000140,20250129,ST003,2025-01-29 06:49:00,2025-01-30 10:49:00,Cleanliness Complaint,Resolved,Medium,Web Form,28,36,N,N
CASE000141,20250129,ST007,2025-01-29 21:36:00,2025-01-30 08:36:00,Accessibility Assistance,Resolved,Medium,Mobile App,11,12,N,N
CASE000142,20250129,ST004,2025-01-29 22:25:00,2025-01-30 07:25:00,Accessibility Assistance,Resolved,Low,Contact Centre,9,12,N,N
CASE000143,20250129,ST003,2025-01-29 13:18:00,2025-01-29 15:18:00,Accessibility Assistance,Resolved,Low,Web Form,2,12,N,N
CASE000144,20250130,ST005,2025-01-30 22:30:00,2025-02-02 12:30:00,Ticketing / Refund,Resolved,Medium,Email,62,48,Y,N
CASE000145,20250130,ST007,2025-01-30 16:05:00,,Delay Compensation,Escalated,Low,Station Desk,,96,N,N
CASE000146,20250130,ST009,2025-01-30 17:32:00,2025-02-02 01:32:00,Lost Property,Resolved,High,Station Desk,56,72,N,N
CASE000147,20250131,ST007,2025-01-31 19:49:00,2025-02-09 10:49:00,Delay Compensation,Resolved,Medium,Station Desk,207,96,Y,Y
CASE000148,20250131,ST012,2025-01-31 19:56:00,2025-02-03 21:56:00,Staff Conduct,Resolved,High,Contact Centre,74,72,Y,Y
CASE000149,20250131,ST009,2025-01-31 19:17:00,,Accessibility Assistance,Open,Low,Station Desk,,12,N,Y
CASE000150,20250131,ST006,2025-01-31 22:58:00,2025-02-01 15:58:00,Accessibility Assistance,Resolved,Low,Email,17,12,Y,N
CASE000151,20250131,ST006,2025-01-31 09:07:00,,Ticketing / Refund,Pending Customer,Medium,Mobile App,,48,N,N
CASE000152,20250201,ST003,2025-02-01 17:13:00,2025-02-02 13:13:00,Ticketing / Refund,Resolved,Low,Contact Centre,20,48,N,N
CASE000153,20250201,ST002,2025-02-01 08:32:00,,Service Disruption Complaint,Open,Medium,Web Form,,72,N,N
CASE000154,20250201,ST010,2025-02-01 11:00:00,2025-02-02 22:00:00,Ticketing / Refund,Resolved,Low,Mobile App,35,48,N,N
CASE000155,20250201,ST008,2025-02-01 09:04:00,,Service Disruption Complaint,Open,High,Email,,72,N,N
CASE000156,20250202,ST001,2025-02-02 16:27:00,,Lost Property,Pending Customer,Urgent,Mobile App,,72,N,N
CASE000157,20250202,ST003,2025-02-02 22:11:00,2025-02-11 06:11:00,Staff Conduct,Resolved,Medium,Contact Centre,200,72,Y,N
CASE000158,20250202,ST010,2025-02-02 13:20:00,2025-02-03 18:20:00,Ticketing / Refund,Resolved,Medium,Email,29,48,N,Y
CASE000159,20250202,ST015,2025-02-02 21:00:00,2025-02-06 05:00:00,Service Disruption Complaint,Resolved,Low,Email,80,72,Y,N
CASE000160,20250202,ST012,2025-02-02 20:37:00,,Delay Compensation,Open,High,Email,,96,N,N
CASE000161,20250202,ST008,2025-02-02 07:31:00,2025-02-03 05:31:00,Cleanliness Complaint,Resolved,Low,Mobile App,22,36,N,N
CASE000162,20250202,ST008,2025-02-02 08:43:00,2025-02-11 01:43:00,Lost Property,Resolved,Low,Station Desk,209,72,Y,N
CASE000163,20250203,ST001,2025-02-03 10:27:00,2025-02-09 02:27:00,Ticketing / Refund,Resolved,Urgent,Station Desk,136,48,Y,N
CASE000164,20250203,ST001,2025-02-03 18:17:00,2025-02-10 22:17:00,Service Disruption Complaint,Resolved,Medium,Station Desk,172,72,Y,N
CASE000165,20250203,ST004,2025-02-03 16:25:00,2025-02-04 10:25:00,Information Request,Resolved,Medium,Contact Centre,18,24,N,N
CASE000166,20250203,ST001,2025-02-03 15:09:00,,Ticketing / Refund,Open,High,Mobile App,,48,N,N
CASE000167,20250203,ST001,2025-02-03 17:20:00,2025-02-11 20:20:00,Delay Compensation,Resolved,Medium,Email,195,96,Y,N
CASE000168,20250203,ST004,2025-02-03 07:10:00,2025-02-06 11:10:00,Ticketing / Refund,Resolved,High,Station Desk,76,48,Y,N
CASE000169,20250204,ST002,2025-02-04 09:10:00,,Staff Conduct,Escalated,High,Station Desk,,72,N,N
CASE000170,20250204,ST001,2025-02-04 06:55:00,,Staff Conduct,Open,Medium,Station Desk,,72,N,N
CASE000171,20250204,ST002,2025-02-04 11:10:00,2025-02-06 00:10:00,Information Request,Resolved,Medium,Web Form,37,24,Y,N
CASE000172,20250204,ST004,2025-02-04 21:48:00,2025-02-10 00:48:00,Lost Property,Resolved,Medium,Email,123,72,Y,Y
CASE000173,20250204,ST002,2025-02-04 12:10:00,2025-02-09 07:10:00,Delay Compensation,Resolved,High,Web Form,115,96,Y,N
CASE000174,20250204,ST007,2025-02-04 10:11:00,,Accessibility Assistance,Pending Customer,High,Mobile App,,12,N,N
CASE000175,20250204,ST002,2025-02-04 22:04:00,2025-02-06 12:04:00,Ticketing / Refund,Resolved,Medium,Web Form,38,48,N,N
CASE000176,20250205,ST001,2025-02-05 12:34:00,2025-02-05 13:34:00,Ticketing / Refund,Resolved,Low,Station Desk,1,48,N,N
CASE000177,20250205,ST006,2025-02-05 14:45:00,2025-02-06 07:45:00,Information Request,Resolved,Medium,Email,17,24,N,N
CASE000178,20250205,ST010,2025-02-05 13:23:00,2025-02-06 17:23:00,Ticketing / Refund,Resolved,Medium,Station Desk,28,48,N,N
CASE000179,20250206,ST010,2025-02-06 08:21:00,,Ticketing / Refund,Pending Customer,Medium,Mobile App,,48,N,N
CASE000180,20250206,ST005,2025-02-06 07:26:00,2025-02-13 14:26:00,Ticketing / Refund,Resolved,Urgent,Mobile App,175,48,Y,N
CASE000181,20250206,ST016,2025-02-06 17:56:00,,Delay Compensation,Escalated,Low,Station Desk,,96,N,N
CASE000182,20250206,ST002,2025-02-06 18:29:00,2025-02-11 00:29:00,Staff Conduct,Resolved,Medium,Mobile App,102,72,Y,N
CASE000183,20250207,ST012,2025-02-07 06:42:00,2025-02-11 10:42:00,Lost Property,Resolved,High,Email,100,72,Y,N
CASE000184,20250207,ST004,2025-02-07 06:35:00,2025-02-07 13:35:00,Service Disruption Complaint,Resolved,Low,Station Desk,7,72,N,N
CASE000185,20250207,ST008,2025-02-07 07:27:00,,Cleanliness Complaint,Pending Customer,High,Contact Centre,,36,N,N
CASE000186,20250207,ST010,2025-02-07 22:42:00,,Accessibility Assistance,Open,Medium,Web Form,,12,N,N
CASE000187,20250208,ST014,2025-02-08 06:18:00,,Accessibility Assistance,Open,Medium,Contact Centre,,12,N,N
CASE000188,20250208,ST004,2025-02-08 16:45:00,,Lost Property,Open,Medium,Web Form,,72,N,N
CASE000189,20250208,ST008,2025-02-08 07:07:00,2025-02-09 02:07:00,Delay Compensation,Resolved,Low,Web Form,19,96,N,N
CASE000190,20250209,ST011,2025-02-09 09:04:00,,Service Disruption Complaint,Open,Medium,Web Form,,72,N,N
CASE000191,20250209,ST015,2025-02-09 12:40:00,2025-02-09 17:40:00,Ticketing / Refund,Resolved,Medium,Station Desk,5,48,N,N
CASE000192,20250209,ST007,2025-02-09 21:48:00,2025-02-12 00:48:00,Accessibility Assistance,Resolved,High,Station Desk,51,12,Y,N
CASE000193,20250209,ST001,2025-02-09 19:10:00,2025-02-10 02:10:00,Cleanliness Complaint,Resolved,Low,Station Desk,7,36,N,N
CASE000194,20250209,ST006,2025-02-09 11:35:00,2025-02-12 04:35:00,Lost Property,Resolved,Medium,Email,65,72,N,N
CASE000195,20250209,ST010,2025-02-09 09:41:00,2025-02-16 20:41:00,Service Disruption Complaint,Resolved,Medium,Mobile App,179,72,Y,N
CASE000196,20250209,ST010,2025-02-09 20:44:00,2025-02-10 08:44:00,Accessibility Assistance,Resolved,Medium,Station Desk,12,12,N,N
CASE000197,20250209,ST013,2025-02-09 22:45:00,2025-02-12 12:45:00,Service Disruption Complaint,Resolved,Low,Web Form,62,72,N,N
CASE000198,20250210,ST014,2025-02-10 08:07:00,2025-02-11 08:07:00,Information Request,Resolved,Medium,Web Form,24,24,N,N
CASE000199,20250210,ST006,2025-02-10 09:57:00,,Service Disruption Complaint,Open,Low,Station Desk,,72,N,N
CASE000200,20250210,ST006,2025-02-10 21:38:00,2025-02-11 19:38:00,Cleanliness Complaint,Resolved,Low,Mobile App,22,36,N,N
CASE000201,20250210,ST011,2025-02-10 16:02:00,,Delay Compensation,Pending Customer,Low,Contact Centre,,96,N,Y
CASE000202,20250210,ST001,2025-02-10 22:19:00,2025-02-12 09:19:00,Delay Compensation,Resolved,Urgent,Contact Centre,35,96,N,N
CASE000203,20250210,ST007,2025-02-10 20:39:00,2025-02-15 06:39:00,Delay Compensation,Resolved,Medium,Contact Centre,106,96,Y,N
CASE000204,20250211,ST002,2025-02-11 12:50:00,2025-02-12 07:50:00,Cleanliness Complaint,Resolved,Medium,Contact Centre,19,36,N,N
CASE000205,20250211,ST006,2025-02-11 13:04:00,,Service Disruption Complaint,Pending Customer,Low,Web Form,,72,N,N
CASE000206,20250211,ST007,2025-02-11 11:32:00,,Cleanliness Complaint,Pending Customer,Low,Station Desk,,36,N,N
CASE000207,20250211,ST001,2025-02-11 20:22:00,2025-02-13 07:22:00,Service Disruption Complaint,Resolved,Low,Web Form,35,72,N,N
CASE000208,20250211,ST009,2025-02-11 07:30:00,2025-02-12 01:30:00,Information Request,Resolved,Medium,Station Desk,18,24,N,N
CASE000209,20250212,ST012,2025-02-12 10:47:00,2025-02-13 16:47:00,Service Disruption Complaint,Resolved,Medium,Web Form,30,72,N,N
CASE000210,20250212,ST010,2025-02-12 20:15:00,2025-02-17 01:15:00,Lost Property,Resolved,Medium,Mobile App,101,72,Y,N
CASE000211,20250212,ST001,2025-02-12 22:16:00,2025-02-19 12:16:00,Delay Compensation,Resolved,Medium,Web Form,158,96,Y,N
CASE000212,20250212,ST010,2025-02-12 09:35:00,2025-02-15 10:35:00,Ticketing / Refund,Resolved,Medium,Email,73,48,Y,N
CASE000213,20250212,ST013,2025-02-12 14:08:00,2025-02-13 02:08:00,Accessibility Assistance,Resolved,Medium,Email,12,12,N,N
CASE000214,20250212,ST002,2025-02-12 17:51:00,2025-02-14 22:51:00,Service Disruption Complaint,Resolved,Medium,Mobile App,53,72,N,N
CASE000215,20250213,ST015,2025-02-13 09:17:00,,Information Request,Open,High,Email,,24,N,N
CASE000216,20250213,ST015,2025-02-13 13:16:00,2025-02-14 15:16:00,Lost Property,Resolved,Low,Web Form,26,72,N,Y
CASE000217,20250214,ST008,2025-02-14 16:36:00,,Information Request,Pending Customer,Medium,Web Form,,24,N,N
CASE000218,20250214,ST010,2025-02-14 22:18:00,,Staff Conduct,Open,Low,Email,,72,N,N
CASE000219,20250214,ST001,2025-02-14 17:14:00,2025-02-15 09:14:00,Accessibility Assistance,Resolved,Medium,Web Form,16,12,Y,N
CASE000220,20250214,ST013,2025-02-14 18:50:00,,Cleanliness Complaint,Open,Medium,Mobile App,,36,N,N
CASE000221,20250214,ST003,2025-02-14 10:01:00,2025-02-16 14:01:00,Service Disruption Complaint,Resolved,High,Email,52,72,N,N
CASE000222,20250214,ST002,2025-02-14 17:14:00,2025-02-16 07:14:00,Ticketing / Refund,Resolved,Medium,Mobile App,38,48,N,N
CASE000223,20250214,ST013,2025-02-14 07:30:00,2025-02-14 14:30:00,Accessibility Assistance,Resolved,Medium,Mobile App,7,12,N,N
CASE000224,20250215,ST006,2025-02-15 14:02:00,,Ticketing / Refund,Open,Low,Station Desk,,48,N,N
CASE000225,20250215,ST008,2025-02-15 11:47:00,2025-02-18 16:47:00,Information Request,Resolved,Low,Email,77,24,Y,N
CASE000226,20250215,ST002,2025-02-15 11:09:00,2025-02-19 18:09:00,Service Disruption Complaint,Resolved,Medium,Station Desk,103,72,Y,N
CASE000227,20250215,ST003,2025-02-15 07:18:00,2025-02-18 12:18:00,Lost Property,Resolved,High,Contact Centre,77,72,Y,Y
CASE000228,20250216,ST002,2025-02-16 11:53:00,2025-02-18 08:53:00,Service Disruption Complaint,Resolved,Medium,Email,45,72,N,N
CASE000229,20250216,ST003,2025-02-16 08:04:00,2025-02-17 05:04:00,Information Request,Resolved,High,Mobile App,21,24,N,Y
CASE000230,20250216,ST013,2025-02-16 07:30:00,2025-02-18 11:30:00,Ticketing / Refund,Resolved,Low,Station Desk,52,48,Y,N
CASE000231,20250216,ST002,2025-02-16 11:35:00,2025-02-21 14:35:00,Lost Property,Resolved,Low,Mobile App,123,72,Y,N
CASE000232,20250217,ST007,2025-02-17 06:58:00,2025-02-21 02:58:00,Lost Property,Resolved,High,Contact Centre,92,72,Y,N
CASE000233,20250217,ST015,2025-02-17 08:03:00,2025-02-19 04:03:00,Lost Property,Resolved,Medium,Station Desk,44,72,N,N
CASE000234,20250217,ST006,2025-02-17 12:32:00,,Information Request,Open,Medium,Web Form,,24,N,N
CASE000235,20250217,ST009,2025-02-17 07:34:00,2025-02-24 21:34:00,Ticketing / Refund,Resolved,Low,Web Form,182,48,Y,Y
CASE000236,20250217,ST001,2025-02-17 12:40:00,2025-02-22 14:40:00,Delay Compensation,Resolved,Low,Web Form,122,96,Y,N
CASE000237,20250217,ST009,2025-02-17 21:32:00,2025-02-21 17:32:00,Lost Property,Resolved,Low,Contact Centre,92,72,Y,N
CASE000238,20250217,ST010,2025-02-17 10:17:00,2025-02-17 11:17:00,Accessibility Assistance,Resolved,Low,Web Form,1,12,N,N
CASE000239,20250217,ST007,2025-02-17 11:21:00,2025-02-20 19:21:00,Lost Property,Resolved,Medium,Contact Centre,80,72,Y,N
CASE000240,20250217,ST014,2025-02-17 08:39:00,2025-02-19 04:39:00,Delay Compensation,Resolved,Low,Web Form,44,96,N,N
CASE000241,20250217,ST015,2025-02-17 16:03:00,,Ticketing / Refund,Open,Low,Email,,48,N,N
CASE000242,20250218,ST004,2025-02-18 18:57:00,2025-02-19 16:57:00,Lost Property,Resolved,Low,Contact Centre,22,72,N,Y
CASE000243,20250218,ST010,2025-02-18 12:05:00,2025-02-18 19:05:00,Information Request,Resolved,Low,Web Form,7,24,N,N
CASE000244,20250218,ST008,2025-02-18 06:06:00,2025-02-20 20:06:00,Staff Conduct,Resolved,Medium,Web Form,62,72,N,N
CASE000245,20250218,ST015,2025-02-18 19:32:00,2025-02-19 01:32:00,Accessibility Assistance,Resolved,High,Web Form,6,12,N,Y
CASE000246,20250218,ST005,2025-02-18 14:16:00,2025-02-19 11:16:00,Staff Conduct,Resolved,Medium,Contact Centre,21,72,N,N
CASE000247,20250218,ST009,2025-02-18 14:45:00,2025-02-21 12:45:00,Delay Compensation,Resolved,Low,Contact Centre,70,96,N,Y
CASE000248,20250218,ST006,2025-02-18 21:54:00,2025-02-22 18:54:00,Lost Property,Resolved,Medium,Station Desk,93,72,Y,N
CASE000249,20250218,ST001,2025-02-18 11:08:00,2025-02-21 18:08:00,Lost Property,Resolved,Medium,Contact Centre,79,72,Y,N
CASE000250,20250219,ST010,2025-02-19 06:02:00,2025-02-19 16:02:00,Accessibility Assistance,Resolved,Low,Contact Centre,10,12,N,N
CASE000251,20250219,ST001,2025-02-19 22:53:00,2025-02-20 20:53:00,Staff Conduct,Resolved,High,Email,22,72,N,N
CASE000252,20250219,ST001,2025-02-19 13:57:00,2025-02-22 02:57:00,Ticketing / Refund,Resolved,Medium,Station Desk,61,48,Y,N
CASE000253,20250219,ST007,2025-02-19 14:13:00,2025-02-20 07:13:00,Ticketing / Refund,Resolved,Low,Mobile App,17,48,N,N
CASE000254,20250219,ST008,2025-02-19 20:40:00,,Delay Compensation,Open,Medium,Mobile App,,96,N,N
CASE000255,20250220,ST014,2025-02-20 22:12:00,2025-02-24 14:12:00,Lost Property,Resolved,Low,Mobile App,88,72,Y,Y
CASE000256,20250220,ST008,2025-02-20 17:36:00,2025-02-20 23:36:00,Information Request,Resolved,Medium,Email,6,24,N,N
CASE000257,20250220,ST006,2025-02-20 07:09:00,,Information Request,Pending Customer,Low,Email,,24,N,N
CASE000258,20250221,ST010,2025-02-21 10:54:00,,Ticketing / Refund,Pending Customer,Medium,Contact Centre,,48,N,N
CASE000259,20250221,ST014,2025-02-21 17:50:00,2025-02-26 19:50:00,Delay Compensation,Resolved,Medium,Station Desk,122,96,Y,N
CASE000260,20250221,ST010,2025-02-21 21:31:00,2025-02-23 10:31:00,Ticketing / Refund,Resolved,Low,Contact Centre,37,48,N,Y
CASE000261,20250221,ST007,2025-02-21 14:53:00,,Delay Compensation,Open,Medium,Web Form,,96,N,N
CASE000262,20250221,ST001,2025-02-21 20:54:00,2025-02-24 17:54:00,Service Disruption Complaint,Resolved,Low,Web Form,69,72,N,N
CASE000263,20250222,ST009,2025-02-22 09:04:00,2025-02-24 19:04:00,Service Disruption Complaint,Resolved,Urgent,Mobile App,58,72,N,N
CASE000264,20250222,ST001,2025-02-22 21:35:00,2025-02-24 14:35:00,Cleanliness Complaint,Resolved,Urgent,Contact Centre,41,36,Y,N
CASE000265,20250222,ST003,2025-02-22 20:42:00,,Ticketing / Refund,Open,Medium,Station Desk,,48,N,N
CASE000266,20250223,ST001,2025-02-23 14:07:00,2025-02-25 18:07:00,Staff Conduct,Resolved,Medium,Web Form,52,72,N,N
CASE000267,20250223,ST009,2025-02-23 13:27:00,2025-02-24 22:27:00,Service Disruption Complaint,Resolved,High,Contact Centre,33,72,N,N
CASE000268,20250223,ST010,2025-02-23 19:21:00,,Ticketing / Refund,Open,High,Web Form,,48,N,N
CASE000269,20250223,ST001,2025-02-23 18:07:00,2025-02-25 09:07:00,Lost Property,Resolved,Medium,Station Desk,39,72,N,N
CASE000270,20250223,ST005,2025-02-23 16:33:00,2025-02-25 15:33:00,Ticketing / Refund,Resolved,Medium,Contact Centre,47,48,N,N
CASE000271,20250223,ST008,2025-02-23 10:57:00,2025-02-23 11:57:00,Service Disruption Complaint,Resolved,Low,Contact Centre,1,72,N,N
CASE000272,20250223,ST015,2025-02-23 08:00:00,,Delay Compensation,Open,High,Contact Centre,,96,N,N
CASE000273,20250223,ST010,2025-02-23 16:46:00,2025-02-24 13:46:00,Ticketing / Refund,Resolved,Urgent,Email,21,48,N,N
CASE000274,20250224,ST015,2025-02-24 22:39:00,2025-03-01 13:39:00,Lost Property,Resolved,Medium,Contact Centre,111,72,Y,N
CASE000275,20250224,ST010,2025-02-24 07:47:00,,Ticketing / Refund,Pending Customer,Medium,Email,,48,N,N
CASE000276,20250224,ST013,2025-02-24 21:55:00,,Ticketing / Refund,Pending Customer,Low,Web Form,,48,N,Y
CASE000277,20250224,ST007,2025-02-24 12:26:00,2025-02-25 13:26:00,Information Request,Resolved,Medium,Email,25,24,Y,N
CASE000278,20250224,ST012,2025-02-24 06:42:00,,Ticketing / Refund,Open,Medium,Email,,48,N,Y
CASE000279,20250224,ST015,2025-02-24 19:16:00,2025-03-02 12:16:00,Delay Compensation,Resolved,Medium,Contact Centre,137,96,Y,N
CASE000280,20250225,ST007,2025-02-25 14:12:00,,Lost Property,Pending Customer,High,Email,,72,N,N
CASE000281,20250225,ST008,2025-02-25 20:16:00,2025-02-26 16:16:00,Information Request,Resolved,Low,Email,20,24,N,N
CASE000282,20250225,ST010,2025-02-25 14:54:00,2025-03-01 13:54:00,Lost Property,Resolved,High,Web Form,95,72,Y,N
CASE000283,20250225,ST010,2025-02-25 17:36:00,2025-02-28 06:36:00,Accessibility Assistance,Resolved,Low,Email,61,12,Y,N
CASE000284,20250225,ST008,2025-02-25 09:35:00,2025-02-28 17:35:00,Delay Compensation,Resolved,Medium,Mobile App,80,96,N,N
CASE000285,20250225,ST007,2025-02-25 19:12:00,2025-02-26 12:12:00,Information Request,Resolved,Low,Web Form,17,24,N,N
CASE000286,20250226,ST001,2025-02-26 10:27:00,2025-02-28 03:27:00,Cleanliness Complaint,Resolved,Low,Web Form,41,36,Y,N
CASE000287,20250226,ST002,2025-02-26 21:41:00,,Accessibility Assistance,Open,Medium,Web Form,,12,N,N
CASE000288,20250226,ST009,2025-02-26 12:49:00,2025-02-27 02:49:00,Staff Conduct,Resolved,Low,Contact Centre,14,72,N,N
CASE000289,20250226,ST002,2025-02-26 10:58:00,2025-02-28 22:58:00,Delay Compensation,Resolved,Medium,Contact Centre,60,96,N,N
CASE000290,20250226,ST001,2025-02-26 12:21:00,2025-02-27 13:21:00,Ticketing / Refund,Resolved,Urgent,Station Desk,25,48,N,N
CASE000291,20250226,ST006,2025-02-26 08:22:00,,Cleanliness Complaint,Pending Customer,Medium,Contact Centre,,36,N,N
CASE000292,20250226,ST004,2025-02-26 13:29:00,2025-03-02 04:29:00,Staff Conduct,Resolved,Urgent,Contact Centre,87,72,Y,N
CASE000293,20250227,ST006,2025-02-27 16:05:00,,Service Disruption Complaint,Pending Customer,Medium,Mobile App,,72,N,N
CASE000294,20250227,ST015,2025-02-27 09:12:00,2025-02-27 11:12:00,Information Request,Resolved,Medium,Email,2,24,N,N
CASE000295,20250227,ST002,2025-02-27 15:21:00,2025-03-02 03:21:00,Delay Compensation,Resolved,Low,Web Form,60,96,N,N
CASE000296,20250227,ST001,2025-02-27 17:25:00,,Staff Conduct,Open,Medium,Station Desk,,72,N,Y
CASE000297,20250228,ST003,2025-02-28 10:50:00,2025-03-04 06:50:00,Service Disruption Complaint,Resolved,Medium,Email,92,72,Y,N
CASE000298,20250228,ST010,2025-02-28 14:29:00,,Service Disruption Complaint,Escalated,Medium,Email,,72,N,N
CASE000299,20250228,ST004,2025-02-28 11:09:00,2025-03-02 11:09:00,Ticketing / Refund,Resolved,Medium,Web Form,48,48,N,N
CASE000300,20250301,ST010,2025-03-01 11:15:00,2025-03-04 16:15:00,Ticketing / Refund,Resolved,High,Web Form,77,48,Y,N
CASE000301,20250301,ST009,2025-03-01 12:25:00,2025-03-02 09:25:00,Information Request,Resolved,Low,Station Desk,21,24,N,N
CASE000302,20250302,ST010,2025-03-02 18:01:00,2025-03-03 04:01:00,Accessibility Assistance,Resolved,High,Contact Centre,10,12,N,N
CASE000303,20250302,ST014,2025-03-02 13:34:00,2025-03-03 09:34:00,Information Request,Resolved,Medium,Contact Centre,20,24,N,Y
CASE000304,20250302,ST006,2025-03-02 06:36:00,2025-03-03 12:36:00,Ticketing / Refund,Resolved,High,Email,30,48,N,N
CASE000305,20250302,ST013,2025-03-02 15:05:00,,Cleanliness Complaint,Pending Customer,Low,Web Form,,36,N,N
CASE000306,20250302,ST016,2025-03-02 19:58:00,2025-03-07 18:58:00,Information Request,Resolved,Medium,Contact Centre,119,24,Y,N
CASE000307,20250302,ST007,2025-03-02 17:46:00,2025-03-04 12:46:00,Information Request,Resolved,High,Station Desk,43,24,Y,N
CASE000308,20250302,ST015,2025-03-02 20:24:00,2025-03-08 21:24:00,Delay Compensation,Resolved,Low,Email,145,96,Y,N
CASE000309,20250302,ST007,2025-03-02 18:44:00,,Information Request,Open,High,Contact Centre,,24,N,N
CASE000310,20250303,ST001,2025-03-03 19:50:00,2025-03-07 20:50:00,Delay Compensation,Resolved,Medium,Contact Centre,97,96,Y,N
CASE000311,20250303,ST010,2025-03-03 10:47:00,,Cleanliness Complaint,Open,Medium,Email,,36,N,N
CASE000312,20250303,ST011,2025-03-03 11:59:00,2025-03-06 04:59:00,Delay Compensation,Resolved,Medium,Contact Centre,65,96,N,N
CASE000313,20250303,ST007,2025-03-03 16:53:00,2025-03-04 23:53:00,Information Request,Resolved,Low,Mobile App,31,24,Y,N
CASE000314,20250303,ST010,2025-03-03 07:59:00,2025-03-07 09:59:00,Lost Property,Resolved,Low,Web Form,98,72,Y,N
CASE000315,20250304,ST010,2025-03-04 07:29:00,,Staff Conduct,Open,Low,Station Desk,,72,N,N
CASE000316,20250304,ST012,2025-03-04 17:07:00,2025-03-06 04:07:00,Information Request,Resolved,Medium,Web Form,35,24,Y,N
CASE000317,20250304,ST002,2025-03-04 21:30:00,,Information Request,Escalated,Medium,Station Desk,,24,N,N
CASE000318,20250304,ST005,2025-03-04 17:23:00,2025-03-05 11:23:00,Service Disruption Complaint,Resolved,Low,Contact Centre,18,72,N,N
CASE000319,20250304,ST003,2025-03-04 10:04:00,2025-03-10 03:04:00,Lost Property,Resolved,Urgent,Station Desk,137,72,Y,Y
CASE000320,20250305,ST009,2025-03-05 11:05:00,2025-03-09 13:05:00,Staff Conduct,Resolved,Medium,Station Desk,98,72,Y,N
CASE000321,20250305,ST014,2025-03-05 14:51:00,,Delay Compensation,Escalated,Low,Station Desk,,96,N,N
CASE000322,20250305,ST003,2025-03-05 16:35:00,,Accessibility Assistance,Open,High,Mobile App,,12,N,N
CASE000323,20250306,ST008,2025-03-06 07:11:00,,Service Disruption Complaint,Open,Medium,Contact Centre,,72,N,N
CASE000324,20250306,ST001,2025-03-06 12:49:00,2025-03-07 01:49:00,Ticketing / Refund,Resolved,High,Mobile App,13,48,N,N
CASE000325,20250306,ST016,2025-03-06 08:54:00,2025-03-06 15:54:00,Accessibility Assistance,Resolved,High,Email,7,12,N,N
CASE000326,20250306,ST008,2025-03-06 14:10:00,2025-03-07 00:10:00,Accessibility Assistance,Resolved,Medium,Web Form,10,12,N,N
CASE000327,20250306,ST008,2025-03-06 19:30:00,2025-03-08 06:30:00,Information Request,Resolved,Low,Web Form,35,24,Y,Y
CASE000328,20250307,ST001,2025-03-07 17:38:00,2025-03-08 09:38:00,Information Request,Resolved,Medium,Email,16,24,N,N
CASE000329,20250307,ST009,2025-03-07 15:54:00,2025-03-09 11:54:00,Lost Property,Resolved,Medium,Contact Centre,44,72,N,N
CASE000330,20250308,ST010,2025-03-08 14:34:00,,Accessibility Assistance,Open,Low,Mobile App,,12,N,N
CASE000331,20250308,ST001,2025-03-08 13:24:00,2025-03-11 18:24:00,Delay Compensation,Resolved,Low,Station Desk,77,96,N,N
CASE000332,20250308,ST003,2025-03-08 21:33:00,2025-03-12 01:33:00,Delay Compensation,Resolved,Low,Email,76,96,N,N
CASE000333,20250308,ST015,2025-03-08 17:05:00,2025-03-13 20:05:00,Staff Conduct,Resolved,High,Mobile App,123,72,Y,N
CASE000334,20250309,ST007,2025-03-09 10:40:00,,Accessibility Assistance,Open,Medium,Web Form,,12,N,N
CASE000335,20250309,ST011,2025-03-09 06:50:00,,Staff Conduct,Pending Customer,Low,Contact Centre,,72,N,Y
CASE000336,20250309,ST004,2025-03-09 12:57:00,,Information Request,Escalated,Low,Station Desk,,24,N,N
CASE000337,20250309,ST001,2025-03-09 11:26:00,2025-03-12 08:26:00,Ticketing / Refund,Resolved,High,Mobile App,69,48,Y,N
CASE000338,20250309,ST001,2025-03-09 14:22:00,,Delay Compensation,Pending Customer,High,Web Form,,96,N,N
CASE000339,20250310,ST013,2025-03-10 20:08:00,,Information Request,Open,High,Station Desk,,24,N,N
CASE000340,20250310,ST002,2025-03-10 21:31:00,2025-03-17 11:31:00,Lost Property,Resolved,Medium,Mobile App,158,72,Y,N
CASE000341,20250310,ST007,2025-03-10 22:57:00,2025-03-18 03:57:00,Service Disruption Complaint,Resolved,High,Contact Centre,173,72,Y,N
CASE000342,20250310,ST012,2025-03-10 10:03:00,2025-03-14 17:03:00,Lost Property,Resolved,Medium,Mobile App,103,72,Y,N
CASE000343,20250310,ST007,2025-03-10 07:19:00,2025-03-14 06:19:00,Lost Property,Resolved,High,Web Form,95,72,Y,N
CASE000344,20250310,ST005,2025-03-10 21:30:00,2025-03-12 08:30:00,Information Request,Resolved,Urgent,Mobile App,35,24,Y,N
CASE000345,20250310,ST010,2025-03-10 11:00:00,2025-03-13 07:00:00,Ticketing / Refund,Resolved,Medium,Station Desk,68,48,Y,Y
CASE000346,20250310,ST002,2025-03-10 06:14:00,2025-03-11 07:14:00,Ticketing / Refund,Resolved,Medium,Station Desk,25,48,N,N
CASE000347,20250310,ST012,2025-03-10 08:13:00,2025-03-11 02:13:00,Lost Property,Resolved,Medium,Mobile App,18,72,N,N
CASE000348,20250311,ST015,2025-03-11 17:42:00,,Accessibility Assistance,Escalated,Low,Web Form,,12,N,Y
CASE000349,20250311,ST005,2025-03-11 07:10:00,,Service Disruption Complaint,Pending Customer,Medium,Contact Centre,,72,N,N
CASE000350,20250311,ST015,2025-03-11 10:22:00,,Lost Property,Open,Medium,Station Desk,,72,N,N
CASE000351,20250311,ST006,2025-03-11 15:08:00,2025-03-12 13:08:00,Cleanliness Complaint,Resolved,Medium,Web Form,22,36,N,N
CASE000352,20250311,ST005,2025-03-11 16:25:00,2025-03-14 20:25:00,Service Disruption Complaint,Resolved,Medium,Station Desk,76,72,Y,N
CASE000353,20250312,ST011,2025-03-12 18:49:00,2025-03-15 08:49:00,Lost Property,Resolved,Low,Mobile App,62,72,N,N
CASE000354,20250312,ST013,2025-03-12 11:28:00,,Information Request,Pending Customer,Medium,Station Desk,,24,N,N
CASE000355,20250312,ST001,2025-03-12 21:47:00,,Service Disruption Complaint,Pending Customer,Medium,Mobile App,,72,N,Y
CASE000356,20250312,ST015,2025-03-12 09:08:00,,Lost Property,Open,Medium,Mobile App,,72,N,Y
CASE000357,20250312,ST009,2025-03-12 16:20:00,2025-03-14 00:20:00,Staff Conduct,Resolved,Low,Contact Centre,32,72,N,N
CASE000358,20250313,ST004,2025-03-13 08:23:00,2025-03-13 23:23:00,Ticketing / Refund,Resolved,Low,Web Form,15,48,N,N
CASE000359,20250313,ST001,2025-03-13 15:24:00,2025-03-16 12:24:00,Delay Compensation,Resolved,Medium,Mobile App,69,96,N,N
CASE000360,20250313,ST001,2025-03-13 10:03:00,2025-03-15 06:03:00,Ticketing / Refund,Resolved,High,Mobile App,44,48,N,N
CASE000361,20250314,ST006,2025-03-14 13:38:00,2025-03-18 06:38:00,Delay Compensation,Resolved,Low,Contact Centre,89,96,N,Y
CASE000362,20250314,ST009,2025-03-14 13:14:00,2025-03-16 09:14:00,Staff Conduct,Resolved,Medium,Mobile App,44,72,N,N
CASE000363,20250314,ST002,2025-03-14 17:07:00,,Service Disruption Complaint,Open,Medium,Contact Centre,,72,N,Y
CASE000364,20250315,ST016,2025-03-15 20:58:00,,Service Disruption Complaint,Escalated,Medium,Mobile App,,72,N,N
CASE000365,20250315,ST006,2025-03-15 07:21:00,2025-03-17 12:21:00,Ticketing / Refund,Resolved,Medium,Web Form,53,48,Y,N
CASE000366,20250315,ST005,2025-03-15 06:52:00,2025-03-16 16:52:00,Ticketing / Refund,Resolved,High,Station Desk,34,48,N,N
CASE000367,20250316,ST007,2025-03-16 19:50:00,,Delay Compensation,Escalated,Urgent,Email,,96,N,N
CASE000368,20250316,ST006,2025-03-16 18:04:00,,Service Disruption Complaint,Pending Customer,Urgent,Mobile App,,72,N,N
CASE000369,20250316,ST010,2025-03-16 09:20:00,2025-03-16 17:20:00,Ticketing / Refund,Resolved,Medium,Mobile App,8,48,N,N
CASE000370,20250316,ST008,2025-03-16 20:12:00,2025-03-18 14:12:00,Ticketing / Refund,Resolved,Medium,Mobile App,42,48,N,Y
CASE000371,20250316,ST001,2025-03-16 08:24:00,2025-03-16 11:24:00,Service Disruption Complaint,Resolved,Low,Email,3,72,N,N
CASE000372,20250316,ST004,2025-03-16 21:38:00,2025-03-18 12:38:00,Lost Property,Resolved,Low,Station Desk,39,72,N,N
CASE000373,20250317,ST009,2025-03-17 20:24:00,,Service Disruption Complaint,Pending Customer,Urgent,Email,,72,N,Y
CASE000374,20250317,ST001,2025-03-17 11:46:00,2025-03-18 11:46:00,Ticketing / Refund,Resolved,Medium,Email,24,48,N,N
CASE000375,20250317,ST002,2025-03-17 07:53:00,2025-03-17 23:53:00,Information Request,Resolved,Low,Mobile App,16,24,N,N
CASE000376,20250317,ST005,2025-03-17 19:43:00,2025-03-20 10:43:00,Staff Conduct,Resolved,High,Mobile App,63,72,N,N
CASE000377,20250317,ST009,2025-03-17 18:45:00,2025-03-25 14:45:00,Lost Property,Resolved,Medium,Contact Centre,188,72,Y,N
CASE000378,20250318,ST009,2025-03-18 10:15:00,2025-03-18 15:15:00,Accessibility Assistance,Resolved,Medium,Station Desk,5,12,N,Y
CASE000379,20250318,ST010,2025-03-18 09:14:00,2025-03-19 19:14:00,Information Request,Resolved,Medium,Web Form,34,24,Y,N
CASE000380,20250318,ST001,2025-03-18 13:29:00,2025-03-24 01:29:00,Delay Compensation,Resolved,Low,Station Desk,132,96,Y,N
CASE000381,20250319,ST015,2025-03-19 13:37:00,2025-03-20 05:37:00,Accessibility Assistance,Resolved,Low,Web Form,16,12,Y,Y
CASE000382,20250319,ST014,2025-03-19 20:49:00,2025-03-20 21:49:00,Staff Conduct,Resolved,Medium,Contact Centre,25,72,N,N
CASE000383,20250319,ST012,2025-03-19 16:12:00,2025-03-25 23:12:00,Cleanliness Complaint,Resolved,High,Email,151,36,Y,N
CASE000384,20250319,ST007,2025-03-19 12:09:00,,Ticketing / Refund,Pending Customer,Medium,Station Desk,,48,N,N
CASE000385,20250319,ST016,2025-03-19 22:56:00,,Lost Property,Open,Medium,Email,,72,N,N
CASE000386,20250319,ST008,2025-03-19 17:56:00,2025-03-21 18:56:00,Delay Compensation,Resolved,Medium,Web Form,49,96,N,N
CASE000387,20250320,ST003,2025-03-20 11:42:00,2025-03-21 13:42:00,Lost Property,Resolved,Medium,Contact Centre,26,72,N,N
CASE000388,20250320,ST004,2025-03-20 20:22:00,2025-03-25 19:22:00,Ticketing / Refund,Resolved,Low,Email,119,48,Y,N
CASE000389,20250320,ST009,2025-03-20 21:20:00,2025-03-22 10:20:00,Lost Property,Resolved,High,Contact Centre,37,72,N,N
CASE000390,20250320,ST011,2025-03-20 11:12:00,2025-03-21 03:12:00,Accessibility Assistance,Resolved,Medium,Mobile App,16,12,Y,N
CASE000391,20250321,ST012,2025-03-21 15:25:00,2025-03-26 18:25:00,Lost Property,Resolved,Medium,Email,123,72,Y,N
CASE000392,20250321,ST002,2025-03-21 22:37:00,,Accessibility Assistance,Pending Customer,Low,Mobile App,,12,N,N
CASE000393,20250321,ST012,2025-03-21 18:34:00,2025-03-23 22:34:00,Service Disruption Complaint,Resolved,Medium,Contact Centre,52,72,N,N
CASE000394,20250321,ST009,2025-03-21 18:07:00,,Lost Property,Escalated,Medium,Contact Centre,,72,N,N
CASE000395,20250321,ST014,2025-03-21 11:35:00,2025-03-21 12:35:00,Lost Property,Resolved,Medium,Mobile App,1,72,N,N
CASE000396,20250321,ST009,2025-03-21 15:36:00,2025-03-25 13:36:00,Ticketing / Refund,Resolved,Medium,Mobile App,94,48,Y,N
CASE000397,20250321,ST010,2025-03-21 06:05:00,2025-03-21 13:05:00,Information Request,Resolved,Urgent,Mobile App,7,24,N,N
CASE000398,20250321,ST002,2025-03-21 20:28:00,2025-03-25 16:28:00,Accessibility Assistance,Resolved,Medium,Contact Centre,92,12,Y,Y
CASE000399,20250322,ST009,2025-03-22 22:25:00,2025-03-27 15:25:00,Delay Compensation,Resolved,Low,Contact Centre,113,96,Y,N
CASE000400,20250322,ST010,2025-03-22 06:59:00,2025-03-23 23:59:00,Information Request,Resolved,Medium,Web Form,41,24,Y,N
CASE000401,20250322,ST003,2025-03-22 08:41:00,2025-03-24 08:41:00,Delay Compensation,Resolved,High,Contact Centre,48,96,N,N
CASE000402,20250322,ST001,2025-03-22 10:41:00,2025-03-26 21:41:00,Lost Property,Resolved,Low,Web Form,107,72,Y,N
CASE000403,20250323,ST007,2025-03-23 22:56:00,2025-03-26 08:56:00,Ticketing / Refund,Resolved,Low,Email,58,48,Y,N
CASE000404,20250323,ST006,2025-03-23 08:09:00,2025-03-25 07:09:00,Ticketing / Refund,Resolved,Medium,Contact Centre,47,48,N,Y
CASE000405,20250323,ST015,2025-03-23 16:51:00,2025-03-24 20:51:00,Ticketing / Refund,Resolved,Medium,Email,28,48,N,N
CASE000406,20250323,ST008,2025-03-23 18:41:00,2025-03-24 01:41:00,Ticketing / Refund,Resolved,Low,Mobile App,7,48,N,N
CASE000407,20250323,ST006,2025-03-23 17:39:00,,Information Request,Escalated,Medium,Station Desk,,24,N,N
CASE000408,20250324,ST015,2025-03-24 11:10:00,2025-03-28 22:10:00,Service Disruption Complaint,Resolved,Medium,Email,107,72,Y,N
CASE000409,20250324,ST010,2025-03-24 11:56:00,,Service Disruption Complaint,Open,High,Email,,72,N,N
CASE000410,20250324,ST004,2025-03-24 18:24:00,2025-03-26 01:24:00,Staff Conduct,Resolved,Low,Contact Centre,31,72,N,N
CASE000411,20250324,ST006,2025-03-24 06:16:00,,Ticketing / Refund,Pending Customer,High,Contact Centre,,48,N,N
CASE000412,20250324,ST001,2025-03-24 19:08:00,,Cleanliness Complaint,Pending Customer,Medium,Contact Centre,,36,N,N
CASE000413,20250324,ST003,2025-03-24 19:34:00,2025-03-26 21:34:00,Lost Property,Resolved,Medium,Email,50,72,N,Y
CASE000414,20250324,ST007,2025-03-24 06:42:00,2025-03-24 07:42:00,Information Request,Resolved,Low,Web Form,1,24,N,Y
CASE000415,20250324,ST008,2025-03-24 14:56:00,2025-03-29 04:56:00,Service Disruption Complaint,Resolved,High,Mobile App,110,72,Y,N
CASE000416,20250325,ST010,2025-03-25 20:12:00,,Accessibility Assistance,Pending Customer,Medium,Web Form,,12,N,N
CASE000417,20250325,ST006,2025-03-25 18:59:00,2025-03-27 05:59:00,Lost Property,Resolved,Medium,Web Form,35,72,N,N
CASE000418,20250325,ST007,2025-03-25 16:59:00,2025-03-28 11:59:00,Delay Compensation,Resolved,Medium,Email,67,96,N,N
CASE000419,20250326,ST001,2025-03-26 16:13:00,2025-03-26 17:13:00,Lost Property,Resolved,High,Station Desk,1,72,N,Y
CASE000420,20250326,ST006,2025-03-26 22:54:00,2025-03-29 12:54:00,Service Disruption Complaint,Resolved,Medium,Contact Centre,62,72,N,N
CASE000421,20250326,ST011,2025-03-26 14:03:00,2025-03-30 17:03:00,Service Disruption Complaint,Resolved,Medium,Web Form,99,72,Y,N
CASE000422,20250327,ST007,2025-03-27 16:18:00,,Delay Compensation,Open,High,Station Desk,,96,N,N
CASE000423,20250327,ST012,2025-03-27 19:29:00,2025-03-28 08:29:00,Accessibility Assistance,Resolved,Low,Contact Centre,13,12,Y,N
CASE000424,20250327,ST002,2025-03-27 08:41:00,2025-03-30 17:41:00,Lost Property,Resolved,Medium,Web Form,81,72,Y,N
CASE000425,20250327,ST012,2025-03-27 20:17:00,2025-03-28 15:17:00,Information Request,Resolved,Medium,Web Form,19,24,N,N
CASE000426,20250327,ST001,2025-03-27 17:29:00,,Ticketing / Refund,Open,Medium,Email,,48,N,Y
CASE000427,20250327,ST015,2025-03-27 09:35:00,,Service Disruption Complaint,Escalated,Medium,Contact Centre,,72,N,N
CASE000428,20250328,ST008,2025-03-28 11:51:00,,Information Request,Escalated,Low,Mobile App,,24,N,N
CASE000429,20250328,ST007,2025-03-28 18:34:00,,Delay Compensation,Pending Customer,High,Mobile App,,96,N,N
CASE000430,20250328,ST006,2025-03-28 11:07:00,2025-03-28 15:07:00,Information Request,Resolved,High,Station Desk,4,24,N,Y
CASE000431,20250328,ST009,2025-03-28 08:17:00,2025-04-02 07:17:00,Delay Compensation,Resolved,Medium,Web Form,119,96,Y,N
CASE000432,20250328,ST003,2025-03-28 17:24:00,2025-03-31 00:24:00,Lost Property,Resolved,Medium,Contact Centre,55,72,N,N
CASE000433,20250328,ST002,2025-03-28 12:57:00,2025-03-31 13:57:00,Cleanliness Complaint,Resolved,Low,Email,73,36,Y,N
CASE000434,20250328,ST001,2025-03-28 21:56:00,2025-04-01 22:56:00,Service Disruption Complaint,Resolved,Medium,Contact Centre,97,72,Y,N
CASE000435,20250328,ST015,2025-03-28 15:53:00,2025-04-05 10:53:00,Service Disruption Complaint,Resolved,Medium,Contact Centre,187,72,Y,N
CASE000436,20250329,ST004,2025-03-29 16:14:00,2025-03-30 00:14:00,Information Request,Resolved,High,Web Form,8,24,N,N
CASE000437,20250329,ST007,2025-03-29 06:45:00,2025-04-02 00:45:00,Delay Compensation,Resolved,Medium,Mobile App,90,96,N,N
CASE000438,20250329,ST010,2025-03-29 18:45:00,2025-03-30 14:45:00,Cleanliness Complaint,Resolved,Medium,Contact Centre,20,36,N,Y
CASE000439,20250329,ST011,2025-03-29 07:38:00,2025-03-31 20:38:00,Service Disruption Complaint,Resolved,Medium,Station Desk,61,72,N,N
CASE000440,20250329,ST010,2025-03-29 08:28:00,,Accessibility Assistance,Escalated,Low,Station Desk,,12,N,N
CASE000441,20250329,ST006,2025-03-29 13:10:00,2025-03-31 01:10:00,Service Disruption Complaint,Resolved,High,Mobile App,36,72,N,N
CASE000442,20250329,ST006,2025-03-29 13:16:00,2025-03-30 05:16:00,Accessibility Assistance,Resolved,Low,Email,16,12,Y,Y
CASE000443,20250330,ST004,2025-03-30 07:10:00,2025-04-02 13:10:00,Service Disruption Complaint,Resolved,Medium,Email,78,72,Y,N
CASE000444,20250330,ST008,2025-03-30 20:30:00,2025-04-06 05:30:00,Accessibility Assistance,Resolved,High,Mobile App,153,12,Y,Y
CASE000445,20250330,ST003,2025-03-30 22:37:00,2025-03-31 21:37:00,Staff Conduct,Resolved,High,Station Desk,23,72,N,N
CASE000446,20250330,ST014,2025-03-30 20:52:00,,Cleanliness Complaint,Pending Customer,Medium,Email,,36,N,N
CASE000447,20250331,ST007,2025-03-31 06:26:00,2025-04-01 10:26:00,Information Request,Resolved,Low,Email,28,24,Y,N
CASE000448,20250331,ST007,2025-03-31 22:27:00,2025-04-01 07:27:00,Information Request,Resolved,Medium,Station Desk,9,24,N,N
CASE000449,20250331,ST002,2025-03-31 06:11:00,2025-04-01 10:11:00,Service Disruption Complaint,Resolved,High,Mobile App,28,72,N,Y
CASE000450,20250331,ST007,2025-03-31 16:43:00,2025-04-02 16:43:00,Delay Compensation,Resolved,High,Mobile App,48,96,N,N
CASE000451,20250331,ST009,2025-03-31 12:04:00,,Ticketing / Refund,Open,Medium,Station Desk,,48,N,N
CASE000452,20250331,ST009,2025-03-31 18:06:00,2025-04-06 03:06:00,Service Disruption Complaint,Resolved,Medium,Station Desk,129,72,Y,N
CASE000453,20250401,ST002,2025-04-01 08:41:00,2025-04-02 13:41:00,Service Disruption Complaint,Resolved,High,Contact Centre,29,72,N,N
CASE000454,20250401,ST006,2025-04-01 14:47:00,2025-04-02 12:47:00,Information Request,Resolved,Medium,Web Form,22,24,N,N
CASE000455,20250401,ST013,2025-04-01 07:06:00,,Delay Compensation,Pending Customer,Medium,Contact Centre,,96,N,Y
CASE000456,20250401,ST001,2025-04-01 10:56:00,,Staff Conduct,Open,Medium,Station Desk,,72,N,N
CASE000457,20250402,ST003,2025-04-02 20:00:00,2025-04-06 02:00:00,Staff Conduct,Resolved,Low,Station Desk,78,72,Y,N
CASE000458,20250402,ST001,2025-04-02 17:57:00,2025-04-04 06:57:00,Cleanliness Complaint,Resolved,Low,Station Desk,37,36,Y,N
CASE000459,20250403,ST010,2025-04-03 06:39:00,,Delay Compensation,Pending Customer,High,Contact Centre,,96,N,N
CASE000460,20250403,ST004,2025-04-03 11:24:00,2025-04-09 08:24:00,Ticketing / Refund,Resolved,High,Contact Centre,141,48,Y,N
CASE000461,20250403,ST008,2025-04-03 10:18:00,,Accessibility Assistance,Open,Medium,Mobile App,,12,N,N
CASE000462,20250403,ST001,2025-04-03 13:22:00,2025-04-04 18:22:00,Delay Compensation,Resolved,Medium,Contact Centre,29,96,N,N
CASE000463,20250403,ST010,2025-04-03 14:25:00,2025-04-06 18:25:00,Service Disruption Complaint,Resolved,Medium,Web Form,76,72,Y,Y
CASE000464,20250403,ST013,2025-04-03 22:24:00,,Lost Property,Pending Customer,Medium,Web Form,,72,N,N
CASE000465,20250404,ST012,2025-04-04 19:50:00,2025-04-10 20:50:00,Service Disruption Complaint,Resolved,Medium,Email,145,72,Y,N
CASE000466,20250404,ST005,2025-04-04 13:14:00,,Lost Property,Pending Customer,Low,Mobile App,,72,N,N
CASE000467,20250404,ST002,2025-04-04 08:46:00,2025-04-10 20:46:00,Delay Compensation,Resolved,Low,Web Form,156,96,Y,Y
CASE000468,20250404,ST010,2025-04-04 16:34:00,2025-04-05 12:34:00,Information Request,Resolved,Medium,Email,20,24,N,N
CASE000469,20250404,ST002,2025-04-04 22:38:00,2025-04-05 20:38:00,Information Request,Resolved,Low,Station Desk,22,24,N,N
CASE000470,20250404,ST003,2025-04-04 17:03:00,,Lost Property,Pending Customer,High,Email,,72,N,N
CASE000471,20250404,ST010,2025-04-04 19:46:00,2025-04-05 01:46:00,Accessibility Assistance,Resolved,High,Station Desk,6,12,N,Y
CASE000472,20250405,ST014,2025-04-05 18:25:00,2025-04-07 14:25:00,Ticketing / Refund,Resolved,Urgent,Web Form,44,48,N,N
CASE000473,20250405,ST009,2025-04-05 07:59:00,2025-04-07 21:59:00,Delay Compensation,Resolved,Medium,Web Form,62,96,N,N
CASE000474,20250406,ST007,2025-04-06 21:02:00,,Service Disruption Complaint,Open,Medium,Mobile App,,72,N,N
CASE000475,20250406,ST014,2025-04-06 15:51:00,2025-04-13 07:51:00,Information Request,Resolved,High,Contact Centre,160,24,Y,N
CASE000476,20250407,ST007,2025-04-07 13:06:00,2025-04-07 17:06:00,Accessibility Assistance,Resolved,High,Contact Centre,4,12,N,N
CASE000477,20250407,ST004,2025-04-07 22:21:00,,Lost Property,Pending Customer,High,Email,,72,N,N
CASE000478,20250407,ST003,2025-04-07 14:16:00,2025-04-08 11:16:00,Accessibility Assistance,Resolved,High,Contact Centre,21,12,Y,N
CASE000479,20250407,ST015,2025-04-07 20:23:00,,Accessibility Assistance,Open,High,Contact Centre,,12,N,N
CASE000480,20250407,ST007,2025-04-07 07:50:00,2025-04-12 16:50:00,Staff Conduct,Resolved,Low,Web Form,129,72,Y,N
CASE000481,20250407,ST016,2025-04-07 22:53:00,2025-04-10 01:53:00,Service Disruption Complaint,Resolved,High,Web Form,51,72,N,N
CASE000482,20250407,ST007,2025-04-07 15:10:00,2025-04-08 00:10:00,Accessibility Assistance,Resolved,Low,Web Form,9,12,N,N
CASE000483,20250407,ST014,2025-04-07 21:42:00,2025-04-08 22:42:00,Ticketing / Refund,Resolved,Medium,Station Desk,25,48,N,N
CASE000484,20250408,ST007,2025-04-08 22:20:00,2025-04-11 10:20:00,Service Disruption Complaint,Resolved,Medium,Mobile App,60,72,N,N
CASE000485,20250408,ST014,2025-04-08 21:15:00,2025-04-14 07:15:00,Accessibility Assistance,Resolved,High,Web Form,130,12,Y,N
CASE000486,20250408,ST006,2025-04-08 07:41:00,,Accessibility Assistance,Open,Medium,Contact Centre,,12,N,Y
CASE000487,20250408,ST006,2025-04-08 13:30:00,,Ticketing / Refund,Open,Low,Station Desk,,48,N,N
CASE000488,20250408,ST011,2025-04-08 20:47:00,,Ticketing / Refund,Pending Customer,Low,Station Desk,,48,N,N
CASE000489,20250409,ST006,2025-04-09 11:12:00,,Delay Compensation,Escalated,Medium,Email,,96,N,N
CASE000490,20250409,ST002,2025-04-09 12:36:00,2025-04-11 05:36:00,Ticketing / Refund,Resolved,Low,Mobile App,41,48,N,N
CASE000491,20250409,ST004,2025-04-09 14:14:00,2025-04-10 10:14:00,Information Request,Resolved,Medium,Email,20,24,N,N
CASE000492,20250409,ST010,2025-04-09 21:19:00,,Ticketing / Refund,Open,Medium,Contact Centre,,48,N,N
CASE000493,20250410,ST001,2025-04-10 15:30:00,2025-04-11 10:30:00,Cleanliness Complaint,Resolved,Low,Contact Centre,19,36,N,N
CASE000494,20250410,ST012,2025-04-10 21:51:00,,Lost Property,Open,Low,Web Form,,72,N,N
CASE000495,20250410,ST006,2025-04-10 14:40:00,2025-04-11 08:40:00,Accessibility Assistance,Resolved,Medium,Web Form,18,12,Y,N
CASE000496,20250410,ST006,2025-04-10 14:00:00,2025-04-13 02:00:00,Ticketing / Refund,Resolved,High,Web Form,60,48,Y,N
CASE000497,20250411,ST010,2025-04-11 10:04:00,2025-04-11 11:04:00,Information Request,Resolved,Low,Contact Centre,1,24,N,N
CASE000498,20250411,ST001,2025-04-11 14:39:00,2025-04-11 23:39:00,Information Request,Resolved,Medium,Station Desk,9,24,N,Y
CASE000499,20250411,ST007,2025-04-11 08:57:00,2025-04-11 16:57:00,Accessibility Assistance,Resolved,Low,Web Form,8,12,N,N
CASE000500,20250411,ST010,2025-04-11 21:41:00,2025-04-14 20:41:00,Ticketing / Refund,Resolved,Urgent,Contact Centre,71,48,Y,N
CASE000501,20250411,ST005,2025-04-11 07:11:00,,Lost Property,Pending Customer,Medium,Station Desk,,72,N,N
CASE000502,20250411,ST013,2025-04-11 16:22:00,2025-04-11 17:22:00,Service Disruption Complaint,Resolved,Medium,Web Form,1,72,N,N
CASE000503,20250412,ST009,2025-04-12 19:32:00,2025-04-14 04:32:00,Information Request,Resolved,Low,Email,33,24,Y,N
CASE000504,20250412,ST013,2025-04-12 07:42:00,2025-04-17 20:42:00,Delay Compensation,Resolved,Medium,Station Desk,133,96,Y,N
CASE000505,20250412,ST001,2025-04-12 21:50:00,2025-04-15 06:50:00,Ticketing / Refund,Resolved,High,Station Desk,57,48,Y,Y
CASE000506,20250412,ST006,2025-04-12 10:27:00,,Ticketing / Refund,Pending Customer,High,Email,,48,N,N
CASE000507,20250412,ST011,2025-04-12 09:44:00,2025-04-14 17:44:00,Service Disruption Complaint,Resolved,Low,Contact Centre,56,72,N,N
CASE000508,20250412,ST010,2025-04-12 07:47:00,,Information Request,Pending Customer,Low,Mobile App,,24,N,N
CASE000509,20250413,ST010,2025-04-13 11:23:00,2025-04-15 02:23:00,Accessibility Assistance,Resolved,Low,Contact Centre,39,12,Y,N
CASE000510,20250413,ST002,2025-04-13 11:36:00,2025-04-23 02:36:00,Delay Compensation,Resolved,Medium,Web Form,231,96,Y,N
CASE000511,20250413,ST015,2025-04-13 14:43:00,2025-04-13 15:43:00,Ticketing / Refund,Resolved,High,Mobile App,1,48,N,Y
CASE000512,20250413,ST002,2025-04-13 18:47:00,2025-04-16 05:47:00,Staff Conduct,Resolved,Medium,Station Desk,59,72,N,Y
CASE000513,20250413,ST009,2025-04-13 16:38:00,,Accessibility Assistance,Pending Customer,Medium,Contact Centre,,12,N,N
CASE000514,20250414,ST002,2025-04-14 13:48:00,2025-04-14 23:48:00,Information Request,Resolved,Low,Email,10,24,N,N
CASE000515,20250414,ST013,2025-04-14 21:53:00,2025-04-17 22:53:00,Lost Property,Resolved,Low,Web Form,73,72,Y,N
CASE000516,20250414,ST007,2025-04-14 20:40:00,2025-04-14 21:40:00,Ticketing / Refund,Resolved,Medium,Mobile App,1,48,N,Y
CASE000517,20250414,ST015,2025-04-14 06:44:00,2025-04-15 00:44:00,Accessibility Assistance,Resolved,Medium,Email,18,12,Y,N
CASE000518,20250414,ST006,2025-04-14 09:24:00,2025-04-16 05:24:00,Cleanliness Complaint,Resolved,Low,Email,44,36,Y,N
CASE000519,20250414,ST006,2025-04-14 06:12:00,2025-04-17 15:12:00,Service Disruption Complaint,Resolved,Low,Station Desk,81,72,Y,N
CASE000520,20250414,ST006,2025-04-14 14:59:00,2025-04-17 23:59:00,Delay Compensation,Resolved,Medium,Mobile App,81,96,N,N
CASE000521,20250415,ST009,2025-04-15 14:09:00,,Service Disruption Complaint,Pending Customer,Urgent,Contact Centre,,72,N,N
CASE000522,20250415,ST010,2025-04-15 17:05:00,2025-04-22 07:05:00,Service Disruption Complaint,Resolved,Medium,Station Desk,158,72,Y,Y
CASE000523,20250415,ST002,2025-04-15 08:08:00,,Cleanliness Complaint,Pending Customer,Low,Mobile App,,36,N,N
CASE000524,20250416,ST003,2025-04-16 18:46:00,,Lost Property,Pending Customer,Low,Web Form,,72,N,N
CASE000525,20250416,ST001,2025-04-16 19:11:00,,Service Disruption Complaint,Open,High,Mobile App,,72,N,N
CASE000526,20250416,ST014,2025-04-16 12:43:00,2025-04-17 16:43:00,Service Disruption Complaint,Resolved,Medium,Web Form,28,72,N,N
CASE000527,20250416,ST001,2025-04-16 18:32:00,2025-04-19 05:32:00,Delay Compensation,Resolved,High,Web Form,59,96,N,N
CASE000528,20250416,ST016,2025-04-16 18:20:00,,Accessibility Assistance,Pending Customer,Low,Email,,12,N,N
CASE000529,20250416,ST013,2025-04-16 17:00:00,2025-04-17 00:00:00,Information Request,Resolved,High,Web Form,7,24,N,Y
CASE000530,20250416,ST008,2025-04-16 10:41:00,2025-04-20 03:41:00,Delay Compensation,Resolved,High,Web Form,89,96,N,N
CASE000531,20250416,ST004,2025-04-16 08:37:00,2025-04-17 22:37:00,Delay Compensation,Resolved,Urgent,Station Desk,38,96,N,N
CASE000532,20250417,ST006,2025-04-17 07:52:00,2025-04-18 16:52:00,Information Request,Resolved,Medium,Email,33,24,Y,N
CASE000533,20250417,ST016,2025-04-17 14:47:00,,Lost Property,Open,High,Web Form,,72,N,N
CASE000534,20250417,ST002,2025-04-17 08:16:00,2025-04-20 00:16:00,Lost Property,Resolved,Low,Station Desk,64,72,N,N
CASE000535,20250418,ST001,2025-04-18 17:07:00,2025-04-30 16:07:00,Delay Compensation,Resolved,Medium,Contact Centre,287,96,Y,N
CASE000536,20250418,ST013,2025-04-18 15:05:00,2025-04-19 13:05:00,Staff Conduct,Resolved,Low,Contact Centre,22,72,N,N
CASE000537,20250418,ST002,2025-04-18 15:39:00,,Ticketing / Refund,Open,Medium,Web Form,,48,N,N
CASE000538,20250418,ST002,2025-04-18 21:10:00,2025-04-20 19:10:00,Service Disruption Complaint,Resolved,Medium,Web Form,46,72,N,N
CASE000539,20250418,ST011,2025-04-18 17:22:00,2025-04-20 12:22:00,Delay Compensation,Resolved,High,Station Desk,43,96,N,N
CASE000540,20250418,ST013,2025-04-18 15:04:00,,Accessibility Assistance,Open,Medium,Web Form,,12,N,N
CASE000541,20250419,ST010,2025-04-19 08:58:00,2025-04-26 06:58:00,Lost Property,Resolved,Medium,Mobile App,166,72,Y,N
CASE000542,20250419,ST006,2025-04-19 19:18:00,2025-04-22 11:18:00,Staff Conduct,Resolved,High,Mobile App,64,72,N,Y
CASE000543,20250419,ST001,2025-04-19 06:14:00,,Lost Property,Pending Customer,Low,Mobile App,,72,N,N
CASE000544,20250419,ST002,2025-04-19 19:19:00,2025-04-24 07:19:00,Service Disruption Complaint,Resolved,Medium,Station Desk,108,72,Y,N
CASE000545,20250419,ST013,2025-04-19 09:14:00,2025-04-19 17:14:00,Information Request,Resolved,Medium,Station Desk,8,24,N,Y
CASE000546,20250420,ST001,2025-04-20 09:25:00,2025-04-20 10:25:00,Cleanliness Complaint,Resolved,Medium,Station Desk,1,36,N,Y
CASE000547,20250420,ST004,2025-04-20 20:06:00,2025-04-24 12:06:00,Information Request,Resolved,High,Web Form,88,24,Y,N
CASE000548,20250420,ST012,2025-04-20 07:07:00,2025-04-21 16:07:00,Accessibility Assistance,Resolved,Low,Mobile App,33,12,Y,N
CASE000549,20250420,ST001,2025-04-20 10:44:00,,Service Disruption Complaint,Open,Low,Web Form,,72,N,Y
CASE000550,20250421,ST010,2025-04-21 19:57:00,2025-04-25 21:57:00,Delay Compensation,Resolved,High,Contact Centre,98,96,Y,N
CASE000551,20250421,ST006,2025-04-21 15:52:00,,Delay Compensation,Pending Customer,Medium,Email,,96,N,N
CASE000552,20250421,ST010,2025-04-21 16:27:00,,Service Disruption Complaint,Pending Customer,High,Email,,72,N,N
CASE000553,20250421,ST016,2025-04-21 06:00:00,2025-04-22 16:00:00,Service Disruption Complaint,Resolved,Medium,Contact Centre,34,72,N,N
CASE000554,20250421,ST011,2025-04-21 20:39:00,,Delay Compensation,Open,Low,Contact Centre,,96,N,N
CASE000555,20250421,ST015,2025-04-21 06:42:00,2025-04-26 02:42:00,Service Disruption Complaint,Resolved,Medium,Station Desk,116,72,Y,Y
CASE000556,20250422,ST010,2025-04-22 06:39:00,,Ticketing / Refund,Escalated,Medium,Contact Centre,,48,N,N
CASE000557,20250422,ST001,2025-04-22 10:07:00,,Delay Compensation,Pending Customer,Low,Contact Centre,,96,N,N
CASE000558,20250422,ST010,2025-04-22 13:10:00,2025-04-23 12:10:00,Ticketing / Refund,Resolved,High,Web Form,23,48,N,N
CASE000559,20250422,ST006,2025-04-22 19:15:00,2025-04-23 16:15:00,Ticketing / Refund,Resolved,Medium,Web Form,21,48,N,N
CASE000560,20250423,ST001,2025-04-23 15:31:00,2025-04-25 19:31:00,Ticketing / Refund,Resolved,Urgent,Station Desk,52,48,Y,N
CASE000561,20250423,ST010,2025-04-23 16:04:00,2025-04-23 23:04:00,Accessibility Assistance,Resolved,Medium,Email,7,12,N,Y
CASE000562,20250423,ST007,2025-04-23 06:21:00,2025-04-23 07:21:00,Service Disruption Complaint,Resolved,Medium,Mobile App,1,72,N,N
CASE000563,20250424,ST006,2025-04-24 06:54:00,2025-04-26 03:54:00,Delay Compensation,Resolved,Low,Mobile App,45,96,N,N
CASE000564,20250424,ST014,2025-04-24 06:37:00,,Service Disruption Complaint,Open,High,Mobile App,,72,N,N
CASE000565,20250424,ST002,2025-04-24 15:56:00,,Staff Conduct,Pending Customer,Low,Web Form,,72,N,N
CASE000566,20250425,ST010,2025-04-25 10:11:00,2025-04-25 18:11:00,Accessibility Assistance,Resolved,Medium,Web Form,8,12,N,Y
CASE000567,20250425,ST013,2025-04-25 21:41:00,2025-05-01 12:41:00,Delay Compensation,Resolved,Medium,Email,135,96,Y,N
CASE000568,20250425,ST014,2025-04-25 19:56:00,2025-04-26 23:56:00,Service Disruption Complaint,Resolved,High,Station Desk,28,72,N,N
CASE000569,20250425,ST008,2025-04-25 11:52:00,,Delay Compensation,Open,Medium,Station Desk,,96,N,N
CASE000570,20250425,ST006,2025-04-25 19:23:00,2025-04-27 15:23:00,Ticketing / Refund,Resolved,Low,Web Form,44,48,N,N
CASE000571,20250426,ST016,2025-04-26 13:41:00,2025-04-28 06:41:00,Lost Property,Resolved,Medium,Station Desk,41,72,N,N
CASE000572,20250426,ST004,2025-04-26 11:50:00,2025-04-30 09:50:00,Delay Compensation,Resolved,High,Web Form,94,96,N,Y
CASE000573,20250426,ST008,2025-04-26 14:09:00,,Service Disruption Complaint,Escalated,Urgent,Web Form,,72,N,Y
CASE000574,20250426,ST002,2025-04-26 13:11:00,,Service Disruption Complaint,Pending Customer,Medium,Email,,72,N,N
CASE000575,20250427,ST001,2025-04-27 16:51:00,2025-04-29 09:51:00,Service Disruption Complaint,Resolved,Medium,Station Desk,41,72,N,N
CASE000576,20250427,ST003,2025-04-27 07:09:00,,Ticketing / Refund,Pending Customer,High,Contact Centre,,48,N,N
CASE000577,20250427,ST010,2025-04-27 09:40:00,2025-04-27 17:40:00,Cleanliness Complaint,Resolved,Low,Contact Centre,8,36,N,N
CASE000578,20250427,ST009,2025-04-27 07:15:00,2025-05-02 20:15:00,Service Disruption Complaint,Resolved,Low,Mobile App,133,72,Y,N
CASE000579,20250427,ST001,2025-04-27 22:17:00,2025-04-29 12:17:00,Ticketing / Refund,Resolved,High,Contact Centre,38,48,N,N
CASE000580,20250427,ST014,2025-04-27 09:13:00,2025-05-07 08:13:00,Service Disruption Complaint,Resolved,Medium,Mobile App,239,72,Y,N
CASE000581,20250427,ST015,2025-04-27 14:21:00,2025-04-30 00:21:00,Ticketing / Refund,Resolved,Medium,Web Form,58,48,Y,N
CASE000582,20250428,ST012,2025-04-28 08:27:00,2025-04-30 01:27:00,Delay Compensation,Resolved,Medium,Mobile App,41,96,N,N
CASE000583,20250428,ST004,2025-04-28 22:13:00,2025-05-06 22:13:00,Delay Compensation,Resolved,Medium,Email,192,96,Y,N
CASE000584,20250428,ST001,2025-04-28 14:06:00,2025-05-01 04:06:00,Delay Compensation,Resolved,Low,Contact Centre,62,96,N,N
CASE000585,20250428,ST004,2025-04-28 10:03:00,,Ticketing / Refund,Pending Customer,High,Station Desk,,48,N,N
CASE000586,20250428,ST003,2025-04-28 17:44:00,2025-04-30 18:44:00,Service Disruption Complaint,Resolved,Medium,Email,49,72,N,N
CASE000587,20250429,ST010,2025-04-29 21:41:00,2025-05-02 04:41:00,Service Disruption Complaint,Resolved,High,Email,55,72,N,N
CASE000588,20250429,ST010,2025-04-29 19:34:00,2025-04-30 01:34:00,Information Request,Resolved,Medium,Contact Centre,6,24,N,N
CASE000589,20250429,ST006,2025-04-29 17:06:00,2025-05-05 05:06:00,Information Request,Resolved,Medium,Mobile App,132,24,Y,N
CASE000590,20250430,ST016,2025-04-30 13:59:00,2025-04-30 14:59:00,Service Disruption Complaint,Resolved,Medium,Contact Centre,1,72,N,Y
CASE000591,20250430,ST010,2025-04-30 18:12:00,2025-05-02 07:12:00,Ticketing / Refund,Resolved,Medium,Station Desk,37,48,N,N
CASE000592,20250430,ST004,2025-04-30 09:44:00,,Staff Conduct,Open,Low,Web Form,,72,N,N
CASE000593,20250430,ST007,2025-04-30 13:04:00,2025-05-01 12:04:00,Lost Property,Resolved,Medium,Email,23,72,N,N
CASE000594,20250501,ST001,2025-05-01 18:17:00,2025-05-02 07:17:00,Accessibility Assistance,Resolved,Medium,Web Form,13,12,Y,N
CASE000595,20250501,ST001,2025-05-01 14:48:00,,Lost Property,Escalated,Medium,Contact Centre,,72,N,N
CASE000596,20250501,ST001,2025-05-01 11:06:00,2025-05-04 12:06:00,Accessibility Assistance,Resolved,Medium,Email,73,12,Y,N
CASE000597,20250501,ST016,2025-05-01 07:03:00,2025-05-04 16:03:00,Lost Property,Resolved,Medium,Email,81,72,Y,N
CASE000598,20250502,ST014,2025-05-02 19:25:00,,Ticketing / Refund,Open,Medium,Station Desk,,48,N,N
CASE000599,20250502,ST010,2025-05-02 16:39:00,2025-05-04 09:39:00,Lost Property,Resolved,Medium,Web Form,41,72,N,Y
CASE000600,20250503,ST004,2025-05-03 20:05:00,2025-05-05 09:05:00,Ticketing / Refund,Resolved,Medium,Mobile App,37,48,N,N
CASE000601,20250503,ST004,2025-05-03 13:56:00,2025-05-03 14:56:00,Ticketing / Refund,Resolved,High,Mobile App,1,48,N,N
CASE000602,20250504,ST013,2025-05-04 14:29:00,2025-05-07 23:29:00,Ticketing / Refund,Resolved,Medium,Station Desk,81,48,Y,N
CASE000603,20250504,ST001,2025-05-04 13:10:00,2025-05-05 04:10:00,Accessibility Assistance,Resolved,High,Mobile App,15,12,Y,N
CASE000604,20250504,ST001,2025-05-04 10:26:00,2025-05-08 17:26:00,Lost Property,Resolved,Medium,Email,103,72,Y,N
CASE000605,20250504,ST012,2025-05-04 20:40:00,,Delay Compensation,Open,Medium,Contact Centre,,96,N,N
CASE000606,20250505,ST011,2025-05-05 18:27:00,2025-05-06 19:27:00,Information Request,Resolved,Low,Contact Centre,25,24,Y,Y
CASE000607,20250505,ST008,2025-05-05 18:01:00,,Ticketing / Refund,Open,Medium,Web Form,,48,N,N
CASE000608,20250505,ST003,2025-05-05 16:08:00,2025-05-06 15:08:00,Staff Conduct,Resolved,Low,Email,23,72,N,N
CASE000609,20250505,ST015,2025-05-05 11:39:00,2025-05-08 15:39:00,Lost Property,Resolved,Medium,Contact Centre,76,72,Y,N
CASE000610,20250505,ST010,2025-05-05 18:22:00,2025-05-05 20:22:00,Accessibility Assistance,Resolved,Low,Mobile App,2,12,N,N
CASE000611,20250505,ST013,2025-05-05 22:43:00,2025-05-07 18:43:00,Cleanliness Complaint,Resolved,Medium,Station Desk,44,36,Y,N
CASE000612,20250505,ST015,2025-05-05 09:12:00,2025-05-06 07:12:00,Information Request,Resolved,Medium,Station Desk,22,24,N,N
CASE000613,20250505,ST001,2025-05-05 09:11:00,2025-05-06 00:11:00,Ticketing / Refund,Resolved,Medium,Web Form,15,48,N,N
CASE000614,20250505,ST012,2025-05-05 19:31:00,,Ticketing / Refund,Escalated,Low,Email,,48,N,Y
CASE000615,20250505,ST001,2025-05-05 16:33:00,2025-05-07 10:33:00,Lost Property,Resolved,Medium,Station Desk,42,72,N,N
CASE000616,20250506,ST014,2025-05-06 19:54:00,,Accessibility Assistance,Pending Customer,Medium,Contact Centre,,12,N,Y
CASE000617,20250506,ST016,2025-05-06 12:43:00,2025-05-07 18:43:00,Lost Property,Resolved,Medium,Mobile App,30,72,N,N
CASE000618,20250506,ST001,2025-05-06 15:26:00,2025-05-13 21:26:00,Ticketing / Refund,Resolved,High,Station Desk,174,48,Y,N
CASE000619,20250506,ST006,2025-05-06 15:08:00,2025-05-09 05:08:00,Information Request,Resolved,Low,Web Form,62,24,Y,N
CASE000620,20250506,ST007,2025-05-06 11:28:00,2025-05-07 15:28:00,Ticketing / Refund,Resolved,High,Contact Centre,28,48,N,N
CASE000621,20250506,ST011,2025-05-06 11:36:00,2025-05-07 00:36:00,Accessibility Assistance,Resolved,Medium,Mobile App,13,12,Y,N
CASE000622,20250506,ST003,2025-05-06 08:41:00,2025-05-10 07:41:00,Service Disruption Complaint,Resolved,Medium,Email,95,72,Y,N
CASE000623,20250507,ST010,2025-05-07 06:33:00,2025-05-08 01:33:00,Accessibility Assistance,Resolved,Low,Web Form,19,12,Y,N
CASE000624,20250507,ST003,2025-05-07 12:22:00,2025-05-07 13:22:00,Information Request,Resolved,Medium,Email,1,24,N,N
CASE000625,20250507,ST011,2025-05-07 07:03:00,2025-05-11 04:03:00,Delay Compensation,Resolved,Low,Web Form,93,96,N,N
CASE000626,20250507,ST001,2025-05-07 18:54:00,2025-05-08 06:54:00,Information Request,Resolved,Medium,Web Form,12,24,N,N
CASE000627,20250508,ST015,2025-05-08 06:13:00,2025-05-11 05:13:00,Delay Compensation,Resolved,Medium,Station Desk,71,96,N,N
CASE000628,20250508,ST004,2025-05-08 13:13:00,2025-05-09 10:13:00,Delay Compensation,Resolved,Medium,Station Desk,21,96,N,Y
CASE000629,20250508,ST010,2025-05-08 14:27:00,,Staff Conduct,Open,Low,Email,,72,N,Y
CASE000630,20250508,ST002,2025-05-08 07:53:00,2025-05-09 10:53:00,Information Request,Resolved,Medium,Email,27,24,Y,N
CASE000631,20250508,ST005,2025-05-08 11:11:00,,Ticketing / Refund,Escalated,Medium,Web Form,,48,N,N
CASE000632,20250509,ST011,2025-05-09 18:52:00,2025-05-11 19:52:00,Delay Compensation,Resolved,High,Station Desk,49,96,N,N
CASE000633,20250509,ST003,2025-05-09 06:59:00,2025-05-09 18:59:00,Delay Compensation,Resolved,High,Email,12,96,N,N
CASE000634,20250509,ST010,2025-05-09 22:16:00,2025-05-09 23:16:00,Information Request,Resolved,Low,Mobile App,1,24,N,N
CASE000635,20250510,ST010,2025-05-10 18:59:00,2025-05-11 21:59:00,Information Request,Resolved,Low,Web Form,27,24,Y,N
CASE000636,20250510,ST003,2025-05-10 18:34:00,2025-05-21 07:34:00,Delay Compensation,Resolved,Medium,Web Form,253,96,Y,N
CASE000637,20250510,ST005,2025-05-10 13:14:00,2025-05-12 10:14:00,Ticketing / Refund,Resolved,Medium,Contact Centre,45,48,N,N
CASE000638,20250510,ST009,2025-05-10 17:36:00,2025-05-12 16:36:00,Service Disruption Complaint,Resolved,Low,Mobile App,47,72,N,N
CASE000639,20250510,ST001,2025-05-10 16:53:00,2025-05-15 12:53:00,Delay Compensation,Resolved,Urgent,Web Form,116,96,Y,Y
CASE000640,20250510,ST007,2025-05-10 20:44:00,2025-05-12 08:44:00,Delay Compensation,Resolved,Low,Mobile App,36,96,N,N
CASE000641,20250510,ST004,2025-05-10 21:09:00,2025-05-15 06:09:00,Lost Property,Resolved,Low,Contact Centre,105,72,Y,Y
CASE000642,20250511,ST007,2025-05-11 10:09:00,2025-05-13 12:09:00,Ticketing / Refund,Resolved,Low,Mobile App,50,48,Y,N
CASE000643,20250511,ST003,2025-05-11 09:33:00,2025-05-13 01:33:00,Service Disruption Complaint,Resolved,Medium,Email,40,72,N,N
CASE000644,20250511,ST010,2025-05-11 15:26:00,2025-05-11 22:26:00,Accessibility Assistance,Resolved,Medium,Mobile App,7,12,N,N
CASE000645,20250512,ST010,2025-05-12 08:06:00,,Service Disruption Complaint,Pending Customer,Low,Web Form,,72,N,N
CASE000646,20250512,ST014,2025-05-12 06:57:00,2025-05-13 11:57:00,Ticketing / Refund,Resolved,Medium,Web Form,29,48,N,N
CASE000647,20250512,ST007,2025-05-12 17:42:00,2025-05-14 05:42:00,Information Request,Resolved,Medium,Email,36,24,Y,N
CASE000648,20250512,ST006,2025-05-12 22:33:00,2025-05-15 04:33:00,Ticketing / Refund,Resolved,High,Station Desk,54,48,Y,Y
CASE000649,20250512,ST001,2025-05-12 12:52:00,2025-05-13 00:52:00,Delay Compensation,Resolved,Low,Mobile App,12,96,N,N
CASE000650,20250512,ST003,2025-05-12 10:40:00,,Service Disruption Complaint,Open,Medium,Station Desk,,72,N,N
CASE000651,20250513,ST009,2025-05-13 17:04:00,2025-05-14 14:04:00,Ticketing / Refund,Resolved,Low,Mobile App,21,48,N,N
CASE000652,20250513,ST001,2025-05-13 20:40:00,,Cleanliness Complaint,Open,Medium,Station Desk,,36,N,Y
CASE000653,20250513,ST016,2025-05-13 20:20:00,2025-05-18 13:20:00,Delay Compensation,Resolved,Urgent,Mobile App,113,96,Y,Y
CASE000654,20250513,ST012,2025-05-13 10:36:00,2025-05-13 18:36:00,Lost Property,Resolved,Medium,Station Desk,8,72,N,N
CASE000655,20250513,ST002,2025-05-13 18:11:00,2025-05-15 21:11:00,Ticketing / Refund,Resolved,High,Station Desk,51,48,Y,N
CASE000656,20250513,ST002,2025-05-13 12:38:00,2025-05-14 09:38:00,Information Request,Resolved,Medium,Contact Centre,21,24,N,N
CASE000657,20250514,ST001,2025-05-14 10:55:00,,Accessibility Assistance,Pending Customer,Medium,Email,,12,N,N
CASE000658,20250514,ST005,2025-05-14 06:54:00,,Delay Compensation,Pending Customer,High,Station Desk,,96,N,N
CASE000659,20250514,ST001,2025-05-14 20:48:00,2025-05-14 21:48:00,Ticketing / Refund,Resolved,Low,Contact Centre,1,48,N,N
CASE000660,20250514,ST002,2025-05-14 11:47:00,2025-05-20 22:47:00,Accessibility Assistance,Resolved,High,Station Desk,155,12,Y,N
CASE000661,20250514,ST001,2025-05-14 10:13:00,2025-05-14 13:13:00,Service Disruption Complaint,Resolved,Medium,Mobile App,3,72,N,N
CASE000662,20250515,ST005,2025-05-15 21:33:00,,Staff Conduct,Open,Medium,Mobile App,,72,N,Y
CASE000663,20250515,ST009,2025-05-15 07:25:00,2025-05-18 02:25:00,Cleanliness Complaint,Resolved,Medium,Contact Centre,67,36,Y,N
CASE000664,20250516,ST012,2025-05-16 20:20:00,,Information Request,Pending Customer,Medium,Contact Centre,,24,N,Y
CASE000665,20250516,ST002,2025-05-16 22:55:00,2025-05-18 15:55:00,Cleanliness Complaint,Resolved,Medium,Contact Centre,41,36,Y,Y
CASE000666,20250516,ST003,2025-05-16 06:46:00,,Delay Compensation,Pending Customer,Urgent,Mobile App,,96,N,Y
CASE000667,20250517,ST006,2025-05-17 11:02:00,2025-05-17 17:02:00,Accessibility Assistance,Resolved,High,Station Desk,6,12,N,Y
CASE000668,20250517,ST013,2025-05-17 19:03:00,2025-05-19 13:03:00,Cleanliness Complaint,Resolved,Medium,Station Desk,42,36,Y,N
CASE000669,20250517,ST007,2025-05-17 08:46:00,,Staff Conduct,Open,High,Web Form,,72,N,N
CASE000670,20250517,ST016,2025-05-17 18:32:00,2025-05-19 23:32:00,Accessibility Assistance,Resolved,Low,Contact Centre,53,12,Y,N
CASE000671,20250517,ST014,2025-05-17 18:56:00,,Accessibility Assistance,Open,High,Mobile App,,12,N,N
CASE000672,20250517,ST013,2025-05-17 06:49:00,2025-05-19 04:49:00,Ticketing / Refund,Resolved,Medium,Station Desk,46,48,N,N
CASE000673,20250518,ST007,2025-05-18 15:46:00,2025-05-23 04:46:00,Cleanliness Complaint,Resolved,Medium,Web Form,109,36,Y,N
CASE000674,20250518,ST006,2025-05-18 07:48:00,,Staff Conduct,Pending Customer,Medium,Email,,72,N,Y
CASE000675,20250518,ST002,2025-05-18 20:09:00,2025-05-22 03:09:00,Delay Compensation,Resolved,Medium,Station Desk,79,96,N,N
CASE000676,20250518,ST003,2025-05-18 07:14:00,2025-05-21 05:14:00,Service Disruption Complaint,Resolved,Medium,Email,70,72,N,N
CASE000677,20250519,ST001,2025-05-19 16:00:00,2025-05-22 16:00:00,Service Disruption Complaint,Resolved,Low,Station Desk,72,72,N,N
CASE000678,20250519,ST014,2025-05-19 18:56:00,2025-05-20 05:56:00,Accessibility Assistance,Resolved,Low,Email,11,12,N,N
CASE000679,20250519,ST012,2025-05-19 09:14:00,2025-05-24 07:14:00,Delay Compensation,Resolved,Medium,Station Desk,118,96,Y,N
CASE000680,20250519,ST010,2025-05-19 22:35:00,2025-05-20 00:35:00,Accessibility Assistance,Resolved,Medium,Contact Centre,2,12,N,N
CASE000681,20250519,ST001,2025-05-19 20:12:00,2025-05-22 22:12:00,Accessibility Assistance,Resolved,High,Station Desk,74,12,Y,N
CASE000682,20250519,ST007,2025-05-19 06:33:00,2025-05-23 19:33:00,Delay Compensation,Resolved,Low,Email,109,96,Y,N
CASE000683,20250519,ST001,2025-05-19 06:20:00,,Lost Property,Open,Medium,Station Desk,,72,N,N
CASE000684,20250519,ST002,2025-05-19 15:29:00,2025-05-23 21:29:00,Delay Compensation,Resolved,Low,Email,102,96,Y,N
CASE000685,20250519,ST012,2025-05-19 16:02:00,2025-05-20 10:02:00,Information Request,Resolved,High,Web Form,18,24,N,N
CASE000686,20250519,ST002,2025-05-19 17:33:00,2025-05-20 10:33:00,Information Request,Resolved,Medium,Web Form,17,24,N,N
CASE000687,20250520,ST003,2025-05-20 09:29:00,,Cleanliness Complaint,Open,Medium,Web Form,,36,N,N
CASE000688,20250520,ST007,2025-05-20 11:34:00,2025-05-20 23:34:00,Delay Compensation,Resolved,Medium,Email,12,96,N,N
CASE000689,20250520,ST005,2025-05-20 06:55:00,2025-05-21 04:55:00,Information Request,Resolved,High,Station Desk,22,24,N,N
CASE000690,20250521,ST001,2025-05-21 22:08:00,2025-05-22 11:08:00,Accessibility Assistance,Resolved,Medium,Web Form,13,12,Y,N
CASE000691,20250521,ST007,2025-05-21 22:53:00,2025-05-21 23:53:00,Service Disruption Complaint,Resolved,Medium,Mobile App,1,72,N,N
CASE000692,20250521,ST007,2025-05-21 14:29:00,2025-05-23 19:29:00,Ticketing / Refund,Resolved,Low,Station Desk,53,48,Y,N
CASE000693,20250521,ST006,2025-05-21 16:07:00,2025-05-21 17:07:00,Ticketing / Refund,Resolved,Medium,Email,1,48,N,N
CASE000694,20250521,ST016,2025-05-21 19:19:00,2025-05-22 06:19:00,Accessibility Assistance,Resolved,Medium,Station Desk,11,12,N,N
CASE000695,20250521,ST002,2025-05-21 20:22:00,2025-05-25 13:22:00,Information Request,Resolved,Medium,Contact Centre,89,24,Y,N
CASE000696,20250522,ST009,2025-05-22 20:38:00,2025-05-24 08:38:00,Cleanliness Complaint,Resolved,Medium,Contact Centre,36,36,N,Y
CASE000697,20250522,ST002,2025-05-22 17:05:00,,Ticketing / Refund,Open,Low,Email,,48,N,N
CASE000698,20250522,ST010,2025-05-22 15:49:00,2025-05-25 01:49:00,Service Disruption Complaint,Resolved,High,Station Desk,58,72,N,N
CASE000699,20250523,ST009,2025-05-23 16:00:00,2025-05-25 03:00:00,Lost Property,Resolved,Medium,Mobile App,35,72,N,N
CASE000700,20250523,ST002,2025-05-23 10:04:00,2025-05-24 02:04:00,Accessibility Assistance,Resolved,Low,Email,16,12,Y,N
CASE000701,20250523,ST001,2025-05-23 08:36:00,,Cleanliness Complaint,Pending Customer,Medium,Web Form,,36,N,N
CASE000702,20250523,ST010,2025-05-23 20:52:00,2025-05-24 06:52:00,Staff Conduct,Resolved,Medium,Web Form,10,72,N,N
CASE000703,20250523,ST015,2025-05-23 12:56:00,2025-05-23 18:56:00,Accessibility Assistance,Resolved,Low,Mobile App,6,12,N,N
CASE000704,20250523,ST007,2025-05-23 16:50:00,2025-05-24 08:50:00,Information Request,Resolved,High,Contact Centre,16,24,N,N
CASE000705,20250524,ST015,2025-05-24 08:33:00,2025-05-24 23:33:00,Lost Property,Resolved,Low,Email,15,72,N,N
CASE000706,20250524,ST006,2025-05-24 20:29:00,2025-05-25 13:29:00,Information Request,Resolved,Medium,Station Desk,17,24,N,N
CASE000707,20250524,ST006,2025-05-24 16:58:00,,Delay Compensation,Open,High,Mobile App,,96,N,N
CASE000708,20250524,ST004,2025-05-24 14:28:00,,Information Request,Open,Medium,Mobile App,,24,N,N
CASE000709,20250524,ST013,2025-05-24 09:40:00,2025-05-27 17:40:00,Delay Compensation,Resolved,High,Email,80,96,N,N
CASE000710,20250524,ST006,2025-05-24 21:20:00,2025-05-26 21:20:00,Ticketing / Refund,Resolved,Medium,Station Desk,48,48,N,N
CASE000711,20250524,ST006,2025-05-24 11:02:00,,Accessibility Assistance,Escalated,High,Email,,12,N,N
CASE000712,20250524,ST002,2025-05-24 15:53:00,,Service Disruption Complaint,Open,Low,Web Form,,72,N,N
CASE000713,20250525,ST014,2025-05-25 18:43:00,,Accessibility Assistance,Open,Medium,Email,,12,N,N
CASE000714,20250525,ST002,2025-05-25 18:58:00,2025-05-28 11:58:00,Information Request,Resolved,Medium,Contact Centre,65,24,Y,N
CASE000715,20250525,ST006,2025-05-25 22:17:00,2025-05-26 09:17:00,Information Request,Resolved,High,Web Form,11,24,N,N
CASE000716,20250525,ST004,2025-05-25 22:03:00,2025-05-25 23:03:00,Accessibility Assistance,Resolved,High,Station Desk,1,12,N,N
CASE000717,20250525,ST012,2025-05-25 09:36:00,,Service Disruption Complaint,Open,Medium,Web Form,,72,N,N
CASE000718,20250526,ST001,2025-05-26 17:21:00,2025-05-28 08:21:00,Cleanliness Complaint,Resolved,Medium,Email,39,36,Y,N
CASE000719,20250526,ST011,2025-05-26 20:42:00,2025-05-28 21:42:00,Lost Property,Resolved,High,Mobile App,49,72,N,Y
CASE000720,20250526,ST002,2025-05-26 14:20:00,2025-05-27 13:20:00,Service Disruption Complaint,Resolved,Medium,Mobile App,23,72,N,N
CASE000721,20250526,ST003,2025-05-26 11:20:00,,Lost Property,Pending Customer,Medium,Web Form,,72,N,N
CASE000722,20250526,ST010,2025-05-26 10:08:00,2025-05-29 06:08:00,Lost Property,Resolved,Medium,Station Desk,68,72,N,N
CASE000723,20250526,ST015,2025-05-26 14:43:00,2025-05-31 12:43:00,Delay Compensation,Resolved,Medium,Station Desk,118,96,Y,N
CASE000724,20250526,ST015,2025-05-26 07:52:00,,Ticketing / Refund,Pending Customer,Medium,Email,,48,N,N
CASE000725,20250526,ST008,2025-05-26 07:24:00,2025-05-28 15:24:00,Service Disruption Complaint,Resolved,High,Mobile App,56,72,N,N
CASE000726,20250527,ST007,2025-05-27 08:28:00,2025-05-28 05:28:00,Accessibility Assistance,Resolved,Low,Station Desk,21,12,Y,N
CASE000727,20250527,ST009,2025-05-27 21:27:00,2025-05-28 22:27:00,Cleanliness Complaint,Resolved,Urgent,Contact Centre,25,36,N,Y
CASE000728,20250527,ST001,2025-05-27 12:33:00,2025-05-27 18:33:00,Ticketing / Refund,Resolved,Medium,Mobile App,6,48,N,N
CASE000729,20250528,ST004,2025-05-28 16:04:00,2025-05-29 10:04:00,Information Request,Resolved,Medium,Contact Centre,18,24,N,N
CASE000730,20250528,ST006,2025-05-28 14:13:00,,Accessibility Assistance,Pending Customer,Low,Contact Centre,,12,N,N
CASE000731,20250528,ST001,2025-05-28 19:44:00,2025-06-07 00:44:00,Lost Property,Resolved,Medium,Contact Centre,221,72,Y,N
CASE000732,20250528,ST006,2025-05-28 07:04:00,,Staff Conduct,Open,Medium,Mobile App,,72,N,N
CASE000733,20250528,ST013,2025-05-28 13:07:00,2025-06-01 13:07:00,Staff Conduct,Resolved,High,Web Form,96,72,Y,N
CASE000734,20250528,ST015,2025-05-28 06:53:00,2025-05-29 20:53:00,Information Request,Resolved,Low,Station Desk,38,24,Y,N
CASE000735,20250529,ST012,2025-05-29 07:01:00,,Ticketing / Refund,Pending Customer,Medium,Contact Centre,,48,N,N
CASE000736,20250529,ST001,2025-05-29 18:26:00,2025-06-01 03:26:00,Cleanliness Complaint,Resolved,Low,Contact Centre,57,36,Y,N
CASE000737,20250529,ST015,2025-05-29 12:09:00,2025-06-02 22:09:00,Delay Compensation,Resolved,High,Web Form,106,96,Y,N
CASE000738,20250529,ST001,2025-05-29 14:05:00,2025-06-02 10:05:00,Delay Compensation,Resolved,Low,Email,92,96,N,N
CASE000739,20250530,ST001,2025-05-30 13:43:00,,Delay Compensation,Open,Medium,Mobile App,,96,N,N
CASE000740,20250530,ST010,2025-05-30 06:45:00,2025-06-02 19:45:00,Delay Compensation,Resolved,Medium,Mobile App,85,96,N,N
CASE000741,20250530,ST014,2025-05-30 09:28:00,,Lost Property,Open,Low,Web Form,,72,N,N
CASE000742,20250530,ST001,2025-05-30 12:12:00,2025-06-01 10:12:00,Ticketing / Refund,Resolved,Medium,Station Desk,46,48,N,N
CASE000743,20250530,ST008,2025-05-30 14:53:00,,Accessibility Assistance,Pending Customer,Medium,Station Desk,,12,N,Y
CASE000744,20250530,ST013,2025-05-30 13:06:00,2025-06-03 10:06:00,Ticketing / Refund,Resolved,Low,Contact Centre,93,48,Y,Y
CASE000745,20250531,ST009,2025-05-31 20:17:00,2025-06-03 21:17:00,Ticketing / Refund,Resolved,Low,Web Form,73,48,Y,N
CASE000746,20250531,ST004,2025-05-31 22:14:00,2025-06-07 05:14:00,Delay Compensation,Resolved,High,Web Form,151,96,Y,N
CASE000747,20250601,ST003,2025-06-01 11:18:00,2025-06-02 09:18:00,Information Request,Resolved,Medium,Contact Centre,22,24,N,Y
CASE000748,20250601,ST002,2025-06-01 09:18:00,2025-06-01 18:18:00,Accessibility Assistance,Resolved,Medium,Web Form,9,12,N,N
CASE000749,20250602,ST015,2025-06-02 07:18:00,2025-06-03 17:18:00,Service Disruption Complaint,Resolved,High,Mobile App,34,72,N,N
CASE000750,20250602,ST008,2025-06-02 14:23:00,,Delay Compensation,Pending Customer,Medium,Web Form,,96,N,N
CASE000751,20250602,ST003,2025-06-02 07:29:00,,Ticketing / Refund,Open,Low,Contact Centre,,48,N,N
CASE000752,20250602,ST015,2025-06-02 15:47:00,2025-06-05 05:47:00,Ticketing / Refund,Resolved,Medium,Mobile App,62,48,Y,N
CASE000753,20250602,ST001,2025-06-02 22:59:00,2025-06-03 09:59:00,Cleanliness Complaint,Resolved,Low,Contact Centre,11,36,N,Y
CASE000754,20250602,ST001,2025-06-02 07:27:00,2025-06-03 04:27:00,Ticketing / Refund,Resolved,Medium,Contact Centre,21,48,N,N
CASE000755,20250602,ST002,2025-06-02 14:07:00,2025-06-02 23:07:00,Cleanliness Complaint,Resolved,Medium,Web Form,9,36,N,N
CASE000756,20250602,ST001,2025-06-02 10:58:00,2025-06-08 21:58:00,Service Disruption Complaint,Resolved,Medium,Contact Centre,155,72,Y,Y
CASE000757,20250602,ST010,2025-06-02 06:24:00,2025-06-02 10:24:00,Ticketing / Refund,Resolved,High,Station Desk,4,48,N,N
CASE000758,20250602,ST007,2025-06-02 22:41:00,2025-06-04 01:41:00,Cleanliness Complaint,Resolved,Medium,Mobile App,27,36,N,N
CASE000759,20250603,ST006,2025-06-03 11:57:00,2025-06-04 19:57:00,Information Request,Resolved,Medium,Email,32,24,Y,Y
CASE000760,20250603,ST013,2025-06-03 16:40:00,2025-06-03 19:40:00,Accessibility Assistance,Resolved,Medium,Web Form,3,12,N,Y
CASE000761,20250603,ST001,2025-06-03 10:48:00,2025-06-03 15:48:00,Accessibility Assistance,Resolved,Medium,Web Form,5,12,N,Y
CASE000762,20250603,ST006,2025-06-03 09:23:00,2025-06-04 11:23:00,Service Disruption Complaint,Resolved,High,Contact Centre,26,72,N,Y
CASE000763,20250603,ST006,2025-06-03 08:48:00,2025-06-03 22:48:00,Accessibility Assistance,Resolved,Medium,Contact Centre,14,12,Y,N
CASE000764,20250603,ST006,2025-06-03 08:19:00,2025-06-04 15:19:00,Cleanliness Complaint,Resolved,Low,Web Form,31,36,N,N
CASE000765,20250603,ST009,2025-06-03 16:57:00,,Service Disruption Complaint,Pending Customer,Medium,Web Form,,72,N,N
CASE000766,20250604,ST015,2025-06-04 18:12:00,2025-06-06 19:12:00,Staff Conduct,Resolved,Low,Email,49,72,N,N
CASE000767,20250604,ST004,2025-06-04 20:54:00,2025-06-05 16:54:00,Staff Conduct,Resolved,High,Station Desk,20,72,N,N
CASE000768,20250604,ST011,2025-06-04 18:27:00,,Ticketing / Refund,Open,High,Contact Centre,,48,N,N
CASE000769,20250604,ST013,2025-06-04 17:04:00,,Accessibility Assistance,Pending Customer,Medium,Email,,12,N,N
CASE000770,20250605,ST006,2025-06-05 16:42:00,2025-06-06 09:42:00,Accessibility Assistance,Resolved,Low,Station Desk,17,12,Y,Y
CASE000771,20250605,ST001,2025-06-05 16:38:00,2025-06-06 02:38:00,Information Request,Resolved,Urgent,Mobile App,10,24,N,N
CASE000772,20250605,ST013,2025-06-05 08:51:00,2025-06-09 14:51:00,Service Disruption Complaint,Resolved,Low,Email,102,72,Y,N
CASE000773,20250605,ST002,2025-06-05 22:23:00,2025-06-06 22:23:00,Ticketing / Refund,Resolved,Low,Mobile App,24,48,N,N
CASE000774,20250606,ST001,2025-06-06 15:37:00,2025-06-06 20:37:00,Information Request,Resolved,Medium,Mobile App,5,24,N,Y
CASE000775,20250606,ST011,2025-06-06 07:54:00,2025-06-07 20:54:00,Cleanliness Complaint,Resolved,High,Email,37,36,Y,N
CASE000776,20250606,ST013,2025-06-06 11:25:00,2025-06-06 20:25:00,Accessibility Assistance,Resolved,Low,Web Form,9,12,N,N
CASE000777,20250606,ST004,2025-06-06 20:13:00,2025-06-06 21:13:00,Ticketing / Refund,Resolved,High,Web Form,1,48,N,N
CASE000778,20250606,ST006,2025-06-06 14:05:00,2025-06-07 11:05:00,Accessibility Assistance,Resolved,Medium,Mobile App,21,12,Y,N
CASE000779,20250606,ST003,2025-06-06 07:31:00,,Service Disruption Complaint,Open,Medium,Web Form,,72,N,Y
CASE000780,20250606,ST008,2025-06-06 19:02:00,2025-06-08 13:02:00,Ticketing / Refund,Resolved,Low,Web Form,42,48,N,N
CASE000781,20250607,ST001,2025-06-07 08:17:00,2025-06-08 13:17:00,Ticketing / Refund,Resolved,Medium,Station Desk,29,48,N,N
CASE000782,20250607,ST003,2025-06-07 22:04:00,2025-06-12 01:04:00,Service Disruption Complaint,Resolved,Medium,Email,99,72,Y,N
CASE000783,20250607,ST010,2025-06-07 21:28:00,2025-06-14 13:28:00,Delay Compensation,Resolved,Low,Mobile App,160,96,Y,N
CASE000784,20250607,ST015,2025-06-07 17:37:00,2025-06-10 08:37:00,Ticketing / Refund,Resolved,Medium,Station Desk,63,48,Y,N
CASE000785,20250607,ST004,2025-06-07 19:00:00,2025-06-09 10:00:00,Information Request,Resolved,High,Web Form,39,24,Y,N
CASE000786,20250607,ST001,2025-06-07 22:01:00,2025-06-10 08:01:00,Service Disruption Complaint,Resolved,Medium,Station Desk,58,72,N,N
CASE000787,20250607,ST002,2025-06-07 11:02:00,2025-06-09 23:02:00,Lost Property,Resolved,Medium,Email,60,72,N,N
CASE000788,20250607,ST009,2025-06-07 16:14:00,2025-06-09 11:14:00,Lost Property,Resolved,Medium,Web Form,43,72,N,N
CASE000789,20250608,ST001,2025-06-08 16:42:00,2025-06-12 00:42:00,Delay Compensation,Resolved,Medium,Email,80,96,N,N
CASE000790,20250608,ST005,2025-06-08 13:31:00,2025-06-10 08:31:00,Service Disruption Complaint,Resolved,High,Email,43,72,N,N
CASE000791,20250608,ST010,2025-06-08 06:28:00,,Accessibility Assistance,Pending Customer,Medium,Email,,12,N,N
CASE000792,20250608,ST001,2025-06-08 14:24:00,,Lost Property,Pending Customer,Medium,Station Desk,,72,N,Y
CASE000793,20250609,ST013,2025-06-09 14:06:00,2025-06-13 18:06:00,Service Disruption Complaint,Resolved,High,Contact Centre,100,72,Y,N
CASE000794,20250609,ST004,2025-06-09 20:45:00,,Lost Property,Pending Customer,Medium,Contact Centre,,72,N,N
CASE000795,20250609,ST002,2025-06-09 16:21:00,,Service Disruption Complaint,Open,High,Email,,72,N,N
CASE000796,20250609,ST002,2025-06-09 21:21:00,2025-06-09 22:21:00,Service Disruption Complaint,Resolved,Medium,Email,1,72,N,N
CASE000797,20250609,ST005,2025-06-09 15:16:00,2025-06-10 04:16:00,Accessibility Assistance,Resolved,Low,Mobile App,13,12,Y,N
CASE000798,20250609,ST002,2025-06-09 19:48:00,2025-06-11 01:48:00,Cleanliness Complaint,Resolved,Low,Mobile App,30,36,N,Y
CASE000799,20250609,ST015,2025-06-09 10:07:00,2025-06-12 14:07:00,Delay Compensation,Resolved,Medium,Email,76,96,N,N
CASE000800,20250610,ST014,2025-06-10 11:23:00,2025-06-12 17:23:00,Ticketing / Refund,Resolved,High,Mobile App,54,48,Y,N
CASE000801,20250610,ST012,2025-06-10 08:22:00,2025-06-16 12:22:00,Delay Compensation,Resolved,Medium,Email,148,96,Y,N
CASE000802,20250610,ST001,2025-06-10 10:03:00,,Service Disruption Complaint,Pending Customer,Low,Email,,72,N,N
CASE000803,20250611,ST002,2025-06-11 15:13:00,2025-06-18 19:13:00,Delay Compensation,Resolved,Low,Contact Centre,172,96,Y,Y
CASE000804,20250611,ST008,2025-06-11 21:16:00,2025-06-13 06:16:00,Ticketing / Refund,Resolved,Medium,Station Desk,33,48,N,N
CASE000805,20250611,ST010,2025-06-11 09:18:00,2025-06-19 20:18:00,Delay Compensation,Resolved,High,Station Desk,203,96,Y,N
CASE000806,20250611,ST002,2025-06-11 19:04:00,2025-06-12 04:04:00,Accessibility Assistance,Resolved,Medium,Contact Centre,9,12,N,N
CASE000807,20250611,ST006,2025-06-11 14:33:00,2025-06-12 03:33:00,Information Request,Resolved,Medium,Station Desk,13,24,N,Y
CASE000808,20250611,ST002,2025-06-11 10:54:00,2025-06-11 19:54:00,Information Request,Resolved,Medium,Contact Centre,9,24,N,N
CASE000809,20250611,ST003,2025-06-11 15:24:00,2025-06-11 16:24:00,Staff Conduct,Resolved,Urgent,Contact Centre,1,72,N,N
CASE000810,20250611,ST002,2025-06-11 16:21:00,2025-06-14 11:21:00,Delay Compensation,Resolved,Medium,Email,67,96,N,N
CASE000811,20250612,ST006,2025-06-12 08:29:00,,Information Request,Escalated,Low,Web Form,,24,N,N
CASE000812,20250612,ST010,2025-06-12 09:31:00,2025-06-14 10:31:00,Delay Compensation,Resolved,Low,Mobile App,49,96,N,N
CASE000813,20250612,ST007,2025-06-12 21:52:00,2025-06-21 22:52:00,Service Disruption Complaint,Resolved,Medium,Mobile App,217,72,Y,N
CASE000814,20250613,ST005,2025-06-13 22:57:00,,Service Disruption Complaint,Open,High,Station Desk,,72,N,N
CASE000815,20250613,ST008,2025-06-13 22:15:00,2025-06-14 21:15:00,Cleanliness Complaint,Resolved,Medium,Contact Centre,23,36,N,N
CASE000816,20250614,ST003,2025-06-14 22:11:00,,Delay Compensation,Open,Medium,Station Desk,,96,N,N
CASE000817,20250614,ST001,2025-06-14 20:53:00,2025-06-20 02:53:00,Delay Compensation,Resolved,Low,Contact Centre,126,96,Y,N
CASE000818,20250614,ST014,2025-06-14 21:35:00,,Delay Compensation,Pending Customer,Medium,Web Form,,96,N,N
CASE000819,20250614,ST010,2025-06-14 12:14:00,2025-06-17 02:14:00,Ticketing / Refund,Resolved,Medium,Contact Centre,62,48,Y,N
CASE000820,20250614,ST007,2025-06-14 12:38:00,2025-06-16 03:38:00,Service Disruption Complaint,Resolved,High,Email,39,72,N,N
CASE000821,20250614,ST006,2025-06-14 15:01:00,2025-06-17 15:01:00,Lost Property,Resolved,High,Mobile App,72,72,N,Y
CASE000822,20250614,ST002,2025-06-14 06:33:00,2025-06-14 21:33:00,Cleanliness Complaint,Resolved,Low,Email,15,36,N,N
CASE000823,20250615,ST011,2025-06-15 16:05:00,2025-06-16 09:05:00,Cleanliness Complaint,Resolved,Low,Email,17,36,N,Y
CASE000824,20250615,ST008,2025-06-15 15:11:00,2025-06-17 21:11:00,Cleanliness Complaint,Resolved,Low,Mobile App,54,36,Y,Y
CASE000825,20250616,ST014,2025-06-16 06:58:00,2025-06-16 22:58:00,Accessibility Assistance,Resolved,Medium,Web Form,16,12,Y,N
CASE000826,20250616,ST010,2025-06-16 16:20:00,2025-06-26 09:20:00,Delay Compensation,Resolved,Medium,Email,233,96,Y,N
CASE000827,20250616,ST013,2025-06-16 20:45:00,2025-06-17 09:45:00,Accessibility Assistance,Resolved,Medium,Station Desk,13,12,Y,Y
CASE000828,20250616,ST010,2025-06-16 21:09:00,2025-06-18 13:09:00,Information Request,Resolved,Medium,Contact Centre,40,24,Y,Y
CASE000829,20250617,ST008,2025-06-17 21:43:00,2025-06-19 15:43:00,Ticketing / Refund,Resolved,Medium,Station Desk,42,48,N,N
CASE000830,20250617,ST002,2025-06-17 06:08:00,2025-06-19 00:08:00,Delay Compensation,Resolved,Medium,Mobile App,42,96,N,Y
CASE000831,20250617,ST003,2025-06-17 10:52:00,2025-06-17 23:52:00,Ticketing / Refund,Resolved,Medium,Contact Centre,13,48,N,Y
CASE000832,20250617,ST001,2025-06-17 19:40:00,,Information Request,Pending Customer,Medium,Mobile App,,24,N,Y
CASE000833,20250617,ST012,2025-06-17 20:37:00,,Information Request,Escalated,Medium,Contact Centre,,24,N,N
CASE000834,20250617,ST002,2025-06-17 20:20:00,,Lost Property,Open,Medium,Web Form,,72,N,N
CASE000835,20250617,ST001,2025-06-17 07:17:00,,Lost Property,Pending Customer,Low,Contact Centre,,72,N,N
CASE000836,20250618,ST009,2025-06-18 12:51:00,2025-06-19 17:51:00,Information Request,Resolved,High,Web Form,29,24,Y,N
CASE000837,20250618,ST011,2025-06-18 13:30:00,2025-06-21 21:30:00,Delay Compensation,Resolved,Low,Email,80,96,N,N
CASE000838,20250618,ST013,2025-06-18 08:23:00,,Lost Property,Open,Medium,Mobile App,,72,N,N
CASE000839,20250618,ST005,2025-06-18 16:29:00,2025-06-19 21:29:00,Cleanliness Complaint,Resolved,Low,Web Form,29,36,N,N
CASE000840,20250619,ST003,2025-06-19 21:36:00,2025-06-22 06:36:00,Staff Conduct,Resolved,Medium,Contact Centre,57,72,N,Y
CASE000841,20250619,ST010,2025-06-19 07:44:00,2025-06-21 14:44:00,Service Disruption Complaint,Resolved,Medium,Station Desk,55,72,N,Y
CASE000842,20250619,ST002,2025-06-19 17:52:00,2025-06-25 07:52:00,Lost Property,Resolved,Medium,Contact Centre,134,72,Y,N
CASE000843,20250619,ST007,2025-06-19 06:31:00,,Ticketing / Refund,Pending Customer,Low,Contact Centre,,48,N,N
CASE000844,20250619,ST014,2025-06-19 14:47:00,2025-06-20 18:47:00,Ticketing / Refund,Resolved,Urgent,Station Desk,28,48,N,N
CASE000845,20250619,ST002,2025-06-19 06:58:00,,Lost Property,Open,Medium,Email,,72,N,N
CASE000846,20250619,ST001,2025-06-19 14:20:00,2025-06-23 12:20:00,Staff Conduct,Resolved,Medium,Contact Centre,94,72,Y,N
CASE000847,20250620,ST001,2025-06-20 20:03:00,,Ticketing / Refund,Pending Customer,High,Mobile App,,48,N,N
CASE000848,20250620,ST010,2025-06-20 19:58:00,2025-06-21 12:58:00,Accessibility Assistance,Resolved,Medium,Email,17,12,Y,Y
CASE000849,20250621,ST007,2025-06-21 11:05:00,,Ticketing / Refund,Open,High,Contact Centre,,48,N,N
CASE000850,20250621,ST004,2025-06-21 17:05:00,,Service Disruption Complaint,Escalated,Medium,Web Form,,72,N,Y
CASE000851,20250621,ST014,2025-06-21 18:07:00,2025-06-22 10:07:00,Staff Conduct,Resolved,Low,Mobile App,16,72,N,N
CASE000852,20250621,ST003,2025-06-21 19:48:00,2025-06-23 04:48:00,Cleanliness Complaint,Resolved,Medium,Contact Centre,33,36,N,Y
CASE000853,20250622,ST003,2025-06-22 06:53:00,,Staff Conduct,Pending Customer,Medium,Contact Centre,,72,N,N
CASE000854,20250622,ST010,2025-06-22 19:21:00,2025-06-27 22:21:00,Ticketing / Refund,Resolved,Low,Email,123,48,Y,N
CASE000855,20250622,ST004,2025-06-22 22:49:00,2025-06-24 00:49:00,Information Request,Resolved,Medium,Mobile App,26,24,Y,Y
CASE000856,20250622,ST005,2025-06-22 22:58:00,2025-06-24 12:58:00,Ticketing / Refund,Resolved,Medium,Mobile App,38,48,N,N
CASE000857,20250622,ST004,2025-06-22 12:09:00,2025-06-23 08:09:00,Lost Property,Resolved,Medium,Mobile App,20,72,N,Y
CASE000858,20250622,ST008,2025-06-22 07:48:00,2025-06-23 02:48:00,Staff Conduct,Resolved,High,Mobile App,19,72,N,N
CASE000859,20250622,ST007,2025-06-22 16:17:00,,Accessibility Assistance,Pending Customer,Low,Web Form,,12,N,N
CASE000860,20250623,ST010,2025-06-23 09:13:00,2025-06-27 10:13:00,Lost Property,Resolved,Medium,Email,97,72,Y,Y
CASE000861,20250623,ST010,2025-06-23 22:11:00,2025-07-01 15:11:00,Delay Compensation,Resolved,Medium,Email,185,96,Y,N
CASE000862,20250623,ST007,2025-06-23 07:33:00,,Cleanliness Complaint,Pending Customer,Low,Contact Centre,,36,N,N
CASE000863,20250623,ST006,2025-06-23 16:28:00,2025-07-01 07:28:00,Lost Property,Resolved,Low,Station Desk,183,72,Y,Y
CASE000864,20250623,ST010,2025-06-23 11:01:00,2025-06-27 06:01:00,Delay Compensation,Resolved,High,Email,91,96,N,N
CASE000865,20250624,ST001,2025-06-24 09:43:00,2025-06-27 20:43:00,Lost Property,Resolved,Medium,Email,83,72,Y,Y
CASE000866,20250624,ST009,2025-06-24 07:27:00,2025-06-24 12:27:00,Accessibility Assistance,Resolved,Medium,Web Form,5,12,N,N
CASE000867,20250624,ST010,2025-06-24 10:46:00,2025-06-26 04:46:00,Ticketing / Refund,Resolved,High,Web Form,42,48,N,N
CASE000868,20250624,ST012,2025-06-24 13:21:00,,Delay Compensation,Pending Customer,Low,Email,,96,N,Y
CASE000869,20250624,ST008,2025-06-24 14:44:00,2025-06-26 00:44:00,Cleanliness Complaint,Resolved,High,Email,34,36,N,Y
CASE000870,20250625,ST009,2025-06-25 15:36:00,2025-06-29 23:36:00,Delay Compensation,Resolved,High,Mobile App,104,96,Y,N
CASE000871,20250625,ST003,2025-06-25 11:41:00,2025-06-30 18:41:00,Service Disruption Complaint,Resolved,High,Station Desk,127,72,Y,N
CASE000872,20250625,ST015,2025-06-25 20:15:00,2025-06-26 22:15:00,Cleanliness Complaint,Resolved,Medium,Mobile App,26,36,N,N
CASE000873,20250625,ST013,2025-06-25 10:56:00,2025-06-27 07:56:00,Ticketing / Refund,Resolved,High,Mobile App,45,48,N,N
CASE000874,20250625,ST013,2025-06-25 12:57:00,,Delay Compensation,Pending Customer,Low,Email,,96,N,N
CASE000875,20250626,ST013,2025-06-26 18:04:00,,Cleanliness Complaint,Pending Customer,Medium,Contact Centre,,36,N,N
CASE000876,20250626,ST003,2025-06-26 20:38:00,2025-06-27 00:38:00,Accessibility Assistance,Resolved,High,Email,4,12,N,N
CASE000877,20250626,ST001,2025-06-26 12:12:00,2025-06-27 00:12:00,Accessibility Assistance,Resolved,Low,Email,12,12,N,N
CASE000878,20250626,ST007,2025-06-26 19:30:00,,Service Disruption Complaint,Pending Customer,Medium,Email,,72,N,N
CASE000879,20250627,ST004,2025-06-27 11:43:00,2025-06-28 14:43:00,Ticketing / Refund,Resolved,High,Email,27,48,N,N
CASE000880,20250627,ST006,2025-06-27 14:34:00,2025-06-30 20:34:00,Ticketing / Refund,Resolved,Low,Contact Centre,78,48,Y,N
CASE000881,20250627,ST001,2025-06-27 19:17:00,2025-07-01 15:17:00,Service Disruption Complaint,Resolved,Medium,Mobile App,92,72,Y,N
CASE000882,20250627,ST002,2025-06-27 18:42:00,2025-07-03 09:42:00,Service Disruption Complaint,Resolved,Medium,Contact Centre,135,72,Y,N
CASE000883,20250627,ST005,2025-06-27 18:10:00,,Information Request,Open,Medium,Email,,24,N,N
CASE000884,20250627,ST006,2025-06-27 11:12:00,,Accessibility Assistance,Escalated,Low,Contact Centre,,12,N,N
CASE000885,20250627,ST002,2025-06-27 17:08:00,2025-06-30 01:08:00,Delay Compensation,Resolved,Medium,Contact Centre,56,96,N,N
CASE000886,20250627,ST008,2025-06-27 07:37:00,2025-06-28 00:37:00,Accessibility Assistance,Resolved,Medium,Station Desk,17,12,Y,N
CASE000887,20250628,ST005,2025-06-28 13:18:00,2025-07-03 22:18:00,Accessibility Assistance,Resolved,Low,Station Desk,129,12,Y,Y
CASE000888,20250628,ST016,2025-06-28 06:59:00,2025-06-30 17:59:00,Ticketing / Refund,Resolved,Urgent,Station Desk,59,48,Y,N
CASE000889,20250628,ST013,2025-06-28 19:16:00,2025-06-29 06:16:00,Accessibility Assistance,Resolved,High,Web Form,11,12,N,N
CASE000890,20250629,ST010,2025-06-29 19:31:00,2025-07-06 03:31:00,Lost Property,Resolved,Medium,Web Form,152,72,Y,N
CASE000891,20250629,ST003,2025-06-29 06:48:00,,Ticketing / Refund,Pending Customer,Medium,Email,,48,N,Y
CASE000892,20250629,ST002,2025-06-29 15:10:00,,Delay Compensation,Escalated,High,Email,,96,N,N
CASE000893,20250629,ST009,2025-06-29 22:51:00,,Cleanliness Complaint,Open,Medium,Email,,36,N,N
CASE000894,20250629,ST010,2025-06-29 06:01:00,,Service Disruption Complaint,Open,High,Email,,72,N,N
CASE000895,20250629,ST003,2025-06-29 18:47:00,2025-07-01 06:47:00,Lost Property,Resolved,Medium,Mobile App,36,72,N,N
CASE000896,20250629,ST008,2025-06-29 14:42:00,,Ticketing / Refund,Pending Customer,Medium,Mobile App,,48,N,N
CASE000897,20250630,ST009,2025-06-30 12:48:00,,Ticketing / Refund,Pending Customer,Medium,Contact Centre,,48,N,Y
CASE000898,20250630,ST013,2025-06-30 08:44:00,2025-06-30 17:44:00,Ticketing / Refund,Resolved,Medium,Station Desk,9,48,N,N
CASE000899,20250630,ST001,2025-06-30 06:40:00,,Delay Compensation,Pending Customer,Medium,Station Desk,,96,N,N
CASE000900,20250630,ST003,2025-06-30 21:10:00,2025-06-30 22:10:00,Information Request,Resolved,High,Mobile App,1,24,N,N
CASE000901,20250630,ST015,2025-06-30 13:00:00,2025-06-30 22:00:00,Ticketing / Refund,Resolved,Medium,Web Form,9,48,N,N
CASE000902,20250630,ST001,2025-06-30 13:53:00,,Accessibility Assistance,Open,Medium,Mobile App,,12,N,Y
CASE000903,20250630,ST009,2025-06-30 22:57:00,2025-07-02 08:57:00,Ticketing / Refund,Resolved,Low,Contact Centre,34,48,N,N
CASE000904,20250630,ST002,2025-06-30 13:16:00,,Information Request,Open,Medium,Web Form,,24,N,N
CASE000905,20250630,ST013,2025-06-30 09:02:00,2025-07-02 03:02:00,Lost Property,Resolved,Medium,Web Form,42,72,N,N
CASE000906,20250630,ST003,2025-06-30 09:47:00,2025-07-02 16:47:00,Lost Property,Resolved,Medium,Contact Centre,55,72,N,N
CASE000907,20250701,ST005,2025-07-01 14:24:00,,Cleanliness Complaint,Pending Customer,Medium,Web Form,,36,N,N
CASE000908,20250701,ST001,2025-07-01 13:41:00,2025-07-03 09:41:00,Ticketing / Refund,Resolved,Low,Mobile App,44,48,N,N
CASE000909,20250701,ST008,2025-07-01 11:47:00,,Information Request,Escalated,Medium,Contact Centre,,24,N,Y
CASE000910,20250701,ST008,2025-07-01 15:04:00,2025-07-03 20:04:00,Ticketing / Refund,Resolved,Low,Mobile App,53,48,Y,N
CASE000911,20250701,ST008,2025-07-01 09:29:00,2025-07-03 13:29:00,Delay Compensation,Resolved,High,Station Desk,52,96,N,N
CASE000912,20250701,ST001,2025-07-01 18:59:00,,Information Request,Open,Medium,Contact Centre,,24,N,Y
CASE000913,20250701,ST006,2025-07-01 10:04:00,2025-07-01 22:04:00,Accessibility Assistance,Resolved,Low,Mobile App,12,12,N,Y
CASE000914,20250701,ST002,2025-07-01 20:14:00,2025-07-06 19:14:00,Delay Compensation,Resolved,Urgent,Station Desk,119,96,Y,N
CASE000915,20250702,ST006,2025-07-02 22:50:00,2025-07-03 23:50:00,Ticketing / Refund,Resolved,Medium,Email,25,48,N,Y
CASE000916,20250702,ST001,2025-07-02 10:23:00,2025-07-02 18:23:00,Ticketing / Refund,Resolved,Medium,Web Form,8,48,N,Y
CASE000917,20250702,ST012,2025-07-02 08:22:00,,Service Disruption Complaint,Escalated,Medium,Mobile App,,72,N,Y
CASE000918,20250702,ST001,2025-07-02 11:47:00,2025-07-05 05:47:00,Service Disruption Complaint,Resolved,Low,Mobile App,66,72,N,N
CASE000919,20250703,ST010,2025-07-03 14:44:00,,Information Request,Open,Medium,Web Form,,24,N,N
CASE000920,20250703,ST001,2025-07-03 13:19:00,2025-07-04 20:19:00,Information Request,Resolved,Medium,Mobile App,31,24,Y,N
CASE000921,20250703,ST010,2025-07-03 08:31:00,2025-07-04 15:31:00,Lost Property,Resolved,High,Mobile App,31,72,N,Y
CASE000922,20250703,ST009,2025-07-03 06:28:00,2025-07-03 18:28:00,Accessibility Assistance,Resolved,Medium,Contact Centre,12,12,N,N
CASE000923,20250703,ST001,2025-07-03 21:06:00,2025-07-05 04:06:00,Cleanliness Complaint,Resolved,Medium,Email,31,36,N,N
CASE000924,20250703,ST010,2025-07-03 09:24:00,2025-07-03 10:24:00,Lost Property,Resolved,Medium,Email,1,72,N,Y
CASE000925,20250704,ST002,2025-07-04 16:09:00,,Service Disruption Complaint,Open,Medium,Contact Centre,,72,N,N
CASE000926,20250704,ST012,2025-07-04 16:25:00,,Accessibility Assistance,Open,Medium,Contact Centre,,12,N,N
CASE000927,20250704,ST003,2025-07-04 22:17:00,2025-07-05 17:17:00,Service Disruption Complaint,Resolved,Low,Contact Centre,19,72,N,N
CASE000928,20250704,ST006,2025-07-04 10:14:00,2025-07-06 07:14:00,Ticketing / Refund,Resolved,High,Mobile App,45,48,N,Y
CASE000929,20250704,ST001,2025-07-04 07:42:00,2025-07-14 07:42:00,Ticketing / Refund,Resolved,Low,Contact Centre,240,48,Y,N
CASE000930,20250704,ST004,2025-07-04 08:20:00,,Lost Property,Open,Medium,Station Desk,,72,N,N
CASE000931,20250704,ST001,2025-07-04 14:19:00,2025-07-08 01:19:00,Lost Property,Resolved,Medium,Email,83,72,Y,N
CASE000932,20250705,ST013,2025-07-05 14:56:00,2025-07-05 21:56:00,Cleanliness Complaint,Resolved,Medium,Mobile App,7,36,N,Y
CASE000933,20250705,ST007,2025-07-05 18:01:00,2025-07-11 16:01:00,Service Disruption Complaint,Resolved,Medium,Contact Centre,142,72,Y,N
CASE000934,20250705,ST001,2025-07-05 06:05:00,2025-07-05 21:05:00,Delay Compensation,Resolved,Medium,Mobile App,15,96,N,N
CASE000935,20250705,ST010,2025-07-05 09:24:00,2025-07-13 05:24:00,Service Disruption Complaint,Resolved,Medium,Web Form,188,72,Y,N
CASE000936,20250705,ST008,2025-07-05 14:17:00,2025-07-06 23:17:00,Ticketing / Refund,Resolved,Medium,Contact Centre,33,48,N,N
CASE000937,20250706,ST015,2025-07-06 15:27:00,2025-07-06 23:27:00,Accessibility Assistance,Resolved,High,Web Form,8,12,N,N
CASE000938,20250706,ST013,2025-07-06 11:25:00,2025-07-07 01:25:00,Accessibility Assistance,Resolved,Low,Web Form,14,12,Y,N
CASE000939,20250706,ST008,2025-07-06 18:10:00,2025-07-07 05:10:00,Information Request,Resolved,Medium,Mobile App,11,24,N,N
CASE000940,20250706,ST015,2025-07-06 18:03:00,2025-07-08 12:03:00,Service Disruption Complaint,Resolved,Low,Email,42,72,N,N
CASE000941,20250706,ST009,2025-07-06 12:24:00,2025-07-10 19:24:00,Service Disruption Complaint,Resolved,Medium,Web Form,103,72,Y,N
CASE000942,20250707,ST007,2025-07-07 22:47:00,,Service Disruption Complaint,Pending Customer,Medium,Mobile App,,72,N,Y
CASE000943,20250707,ST001,2025-07-07 11:41:00,2025-07-07 12:41:00,Ticketing / Refund,Resolved,Medium,Email,1,48,N,N
CASE000944,20250707,ST002,2025-07-07 12:33:00,2025-07-09 23:33:00,Service Disruption Complaint,Resolved,High,Email,59,72,N,N
CASE000945,20250707,ST013,2025-07-07 19:49:00,2025-07-11 02:49:00,Delay Compensation,Resolved,High,Mobile App,79,96,N,N
CASE000946,20250707,ST001,2025-07-07 14:25:00,2025-07-08 02:25:00,Accessibility Assistance,Resolved,Medium,Station Desk,12,12,N,Y
CASE000947,20250707,ST004,2025-07-07 10:13:00,2025-07-08 01:13:00,Information Request,Resolved,High,Contact Centre,15,24,N,N
CASE000948,20250707,ST010,2025-07-07 22:59:00,2025-07-08 14:59:00,Accessibility Assistance,Resolved,Medium,Mobile App,16,12,Y,N
CASE000949,20250707,ST010,2025-07-07 07:28:00,,Accessibility Assistance,Open,High,Web Form,,12,N,N
CASE000950,20250707,ST002,2025-07-07 16:32:00,,Lost Property,Escalated,Low,Web Form,,72,N,N
CASE000951,20250708,ST001,2025-07-08 13:58:00,,Lost Property,Escalated,Medium,Mobile App,,72,N,N
CASE000952,20250708,ST009,2025-07-08 12:22:00,2025-07-11 00:22:00,Ticketing / Refund,Resolved,Medium,Mobile App,60,48,Y,N
CASE000953,20250708,ST014,2025-07-08 13:56:00,2025-07-09 00:56:00,Accessibility Assistance,Resolved,Medium,Email,11,12,N,N
CASE000954,20250708,ST010,2025-07-08 09:59:00,,Staff Conduct,Pending Customer,Low,Web Form,,72,N,N
CASE000955,20250708,ST010,2025-07-08 18:59:00,2025-07-11 00:59:00,Staff Conduct,Resolved,Medium,Contact Centre,54,72,N,N
CASE000956,20250708,ST014,2025-07-08 11:50:00,2025-07-09 11:50:00,Cleanliness Complaint,Resolved,Low,Contact Centre,24,36,N,N
CASE000957,20250709,ST013,2025-07-09 07:43:00,2025-07-13 08:43:00,Lost Property,Resolved,Medium,Web Form,97,72,Y,N
CASE000958,20250709,ST007,2025-07-09 19:17:00,,Delay Compensation,Open,Low,Mobile App,,96,N,N
CASE000959,20250709,ST009,2025-07-09 10:18:00,2025-07-11 04:18:00,Ticketing / Refund,Resolved,High,Email,42,48,N,N
CASE000960,20250709,ST014,2025-07-09 10:14:00,,Service Disruption Complaint,Open,Medium,Station Desk,,72,N,N
CASE000961,20250709,ST001,2025-07-09 13:12:00,,Lost Property,Escalated,High,Contact Centre,,72,N,N
CASE000962,20250710,ST012,2025-07-10 10:10:00,2025-07-11 12:10:00,Information Request,Resolved,Low,Contact Centre,26,24,Y,N
CASE000963,20250710,ST002,2025-07-10 16:27:00,2025-07-13 10:27:00,Delay Compensation,Resolved,Medium,Mobile App,66,96,N,N
CASE000964,20250710,ST013,2025-07-10 18:40:00,2025-07-12 12:40:00,Ticketing / Refund,Resolved,Urgent,Contact Centre,42,48,N,N
CASE000965,20250710,ST001,2025-07-10 20:47:00,2025-07-11 12:47:00,Cleanliness Complaint,Resolved,Medium,Email,16,36,N,N
CASE000966,20250710,ST014,2025-07-10 17:00:00,2025-07-17 06:00:00,Service Disruption Complaint,Resolved,Low,Email,157,72,Y,N
CASE000967,20250710,ST003,2025-07-10 06:24:00,2025-07-11 21:24:00,Service Disruption Complaint,Resolved,Medium,Mobile App,39,72,N,Y
CASE000968,20250710,ST004,2025-07-10 10:55:00,2025-07-10 22:55:00,Accessibility Assistance,Resolved,Medium,Mobile App,12,12,N,Y
CASE000969,20250711,ST014,2025-07-11 12:18:00,2025-07-12 04:18:00,Accessibility Assistance,Resolved,Medium,Mobile App,16,12,Y,N
CASE000970,20250711,ST014,2025-07-11 08:32:00,2025-07-13 12:32:00,Service Disruption Complaint,Resolved,Low,Web Form,52,72,N,N
CASE000971,20250711,ST010,2025-07-11 19:18:00,2025-07-14 00:18:00,Cleanliness Complaint,Resolved,Urgent,Email,53,36,Y,Y
CASE000972,20250711,ST015,2025-07-11 17:41:00,2025-07-12 12:41:00,Information Request,Resolved,High,Mobile App,19,24,N,N
CASE000973,20250711,ST011,2025-07-11 15:14:00,2025-07-11 16:14:00,Lost Property,Resolved,Low,Station Desk,1,72,N,N
CASE000974,20250712,ST006,2025-07-12 13:28:00,2025-07-13 00:28:00,Information Request,Resolved,Medium,Contact Centre,11,24,N,N
CASE000975,20250712,ST007,2025-07-12 13:10:00,2025-07-12 15:10:00,Accessibility Assistance,Resolved,Medium,Web Form,2,12,N,N
CASE000976,20250712,ST010,2025-07-12 11:23:00,,Information Request,Escalated,Low,Contact Centre,,24,N,N
CASE000977,20250713,ST006,2025-07-13 22:30:00,2025-07-18 18:30:00,Lost Property,Resolved,Medium,Mobile App,116,72,Y,Y
CASE000978,20250713,ST007,2025-07-13 20:17:00,2025-07-17 09:17:00,Service Disruption Complaint,Resolved,Medium,Station Desk,85,72,Y,N
CASE000979,20250713,ST001,2025-07-13 12:36:00,2025-07-16 23:36:00,Delay Compensation,Resolved,Medium,Contact Centre,83,96,N,N
CASE000980,20250714,ST013,2025-07-14 20:48:00,,Accessibility Assistance,Open,Medium,Web Form,,12,N,N
CASE000981,20250714,ST012,2025-07-14 21:54:00,2025-07-15 11:54:00,Information Request,Resolved,Medium,Email,14,24,N,N
CASE000982,20250714,ST007,2025-07-14 12:51:00,2025-07-16 08:51:00,Information Request,Resolved,Medium,Web Form,44,24,Y,N
CASE000983,20250714,ST015,2025-07-14 17:51:00,2025-07-15 04:51:00,Information Request,Resolved,Medium,Mobile App,11,24,N,N
CASE000984,20250714,ST001,2025-07-14 21:25:00,,Accessibility Assistance,Pending Customer,Low,Web Form,,12,N,N
CASE000985,20250714,ST009,2025-07-14 07:49:00,2025-07-17 11:49:00,Service Disruption Complaint,Resolved,Low,Contact Centre,76,72,Y,N
CASE000986,20250715,ST005,2025-07-15 13:08:00,,Service Disruption Complaint,Open,High,Station Desk,,72,N,N
CASE000987,20250715,ST006,2025-07-15 17:18:00,2025-07-17 04:18:00,Staff Conduct,Resolved,Medium,Mobile App,35,72,N,Y
CASE000988,20250715,ST007,2025-07-15 19:24:00,2025-07-17 01:24:00,Staff Conduct,Resolved,Low,Email,30,72,N,N
CASE000989,20250715,ST006,2025-07-15 17:41:00,2025-07-18 20:41:00,Lost Property,Resolved,Medium,Mobile App,75,72,Y,N
CASE000990,20250715,ST008,2025-07-15 13:40:00,2025-07-23 13:40:00,Information Request,Resolved,High,Email,192,24,Y,N
CASE000991,20250715,ST005,2025-07-15 13:34:00,2025-07-17 20:34:00,Cleanliness Complaint,Resolved,Medium,Email,55,36,Y,N
CASE000992,20250716,ST012,2025-07-16 15:15:00,,Lost Property,Open,Low,Contact Centre,,72,N,N
CASE000993,20250716,ST014,2025-07-16 06:16:00,2025-07-18 00:16:00,Lost Property,Resolved,Medium,Mobile App,42,72,N,Y
CASE000994,20250716,ST008,2025-07-16 10:50:00,,Ticketing / Refund,Pending Customer,High,Web Form,,48,N,N
CASE000995,20250716,ST007,2025-07-16 22:18:00,,Lost Property,Open,Medium,Station Desk,,72,N,N
CASE000996,20250716,ST013,2025-07-16 20:40:00,2025-07-17 11:40:00,Accessibility Assistance,Resolved,Low,Email,15,12,Y,N
CASE000997,20250716,ST001,2025-07-16 15:09:00,2025-07-17 02:09:00,Cleanliness Complaint,Resolved,Low,Web Form,11,36,N,N
CASE000998,20250717,ST014,2025-07-17 11:59:00,2025-07-18 00:59:00,Accessibility Assistance,Resolved,Low,Mobile App,13,12,Y,N
CASE000999,20250717,ST010,2025-07-17 19:17:00,2025-07-18 02:17:00,Information Request,Resolved,Low,Email,7,24,N,N
CASE001000,20250717,ST016,2025-07-17 18:00:00,2025-07-19 05:00:00,Service Disruption Complaint,Resolved,Low,Contact Centre,35,72,N,N
CASE001001,20250717,ST015,2025-07-17 09:42:00,,Ticketing / Refund,Pending Customer,Low,Email,,48,N,N
CASE001002,20250717,ST004,2025-07-17 10:23:00,2025-07-19 04:23:00,Service Disruption Complaint,Resolved,Medium,Station Desk,42,72,N,N
CASE001003,20250717,ST008,2025-07-17 10:27:00,,Information Request,Open,Medium,Station Desk,,24,N,N
CASE001004,20250717,ST013,2025-07-17 17:33:00,2025-07-25 22:33:00,Delay Compensation,Resolved,Medium,Station Desk,197,96,Y,N
CASE001005,20250717,ST009,2025-07-17 07:41:00,,Lost Property,Open,Low,Web Form,,72,N,N
CASE001006,20250718,ST002,2025-07-18 15:13:00,,Cleanliness Complaint,Pending Customer,Medium,Web Form,,36,N,N
CASE001007,20250718,ST005,2025-07-18 12:40:00,2025-07-19 12:40:00,Service Disruption Complaint,Resolved,High,Station Desk,24,72,N,N
CASE001008,20250719,ST007,2025-07-19 16:45:00,2025-07-21 18:45:00,Delay Compensation,Resolved,Low,Mobile App,50,96,N,N
CASE001009,20250719,ST012,2025-07-19 08:12:00,,Information Request,Pending Customer,Medium,Station Desk,,24,N,N
CASE001010,20250719,ST009,2025-07-19 11:50:00,2025-07-24 03:50:00,Lost Property,Resolved,Medium,Contact Centre,112,72,Y,Y
CASE001011,20250719,ST007,2025-07-19 06:46:00,2025-07-22 23:46:00,Lost Property,Resolved,Medium,Mobile App,89,72,Y,N
CASE001012,20250719,ST015,2025-07-19 09:00:00,2025-07-22 23:00:00,Lost Property,Resolved,Low,Mobile App,86,72,Y,Y
CASE001013,20250720,ST001,2025-07-20 20:20:00,2025-07-24 16:20:00,Delay Compensation,Resolved,Medium,Station Desk,92,96,N,N
CASE001014,20250720,ST003,2025-07-20 09:33:00,2025-07-21 18:33:00,Information Request,Resolved,Medium,Contact Centre,33,24,Y,N
CASE001015,20250720,ST007,2025-07-20 15:27:00,2025-07-21 17:27:00,Service Disruption Complaint,Resolved,High,Station Desk,26,72,N,Y
CASE001016,20250721,ST002,2025-07-21 19:16:00,2025-07-23 11:16:00,Ticketing / Refund,Resolved,Medium,Station Desk,40,48,N,N
CASE001017,20250721,ST007,2025-07-21 06:07:00,2025-07-23 00:07:00,Ticketing / Refund,Resolved,Medium,Mobile App,42,48,N,N
CASE001018,20250721,ST011,2025-07-21 06:03:00,2025-07-24 11:03:00,Lost Property,Resolved,Medium,Web Form,77,72,Y,N
CASE001019,20250721,ST014,2025-07-21 19:38:00,2025-07-22 12:38:00,Accessibility Assistance,Resolved,Medium,Mobile App,17,12,Y,Y
CASE001020,20250721,ST010,2025-07-21 11:53:00,2025-07-22 18:53:00,Lost Property,Resolved,Low,Contact Centre,31,72,N,N
CASE001021,20250721,ST002,2025-07-21 13:49:00,2025-07-24 14:49:00,Lost Property,Resolved,Medium,Web Form,73,72,Y,N
CASE001022,20250722,ST007,2025-07-22 20:21:00,2025-07-25 13:21:00,Service Disruption Complaint,Resolved,Medium,Station Desk,65,72,N,N
CASE001023,20250722,ST002,2025-07-22 13:43:00,2025-07-23 09:43:00,Information Request,Resolved,Medium,Contact Centre,20,24,N,N
CASE001024,20250722,ST004,2025-07-22 22:29:00,2025-07-28 01:29:00,Accessibility Assistance,Resolved,Medium,Mobile App,123,12,Y,N
CASE001025,20250722,ST013,2025-07-22 07:20:00,2025-07-28 11:20:00,Ticketing / Refund,Resolved,Medium,Email,148,48,Y,N
CASE001026,20250723,ST006,2025-07-23 15:13:00,2025-07-29 16:13:00,Delay Compensation,Resolved,Medium,Mobile App,145,96,Y,Y
CASE001027,20250723,ST003,2025-07-23 14:39:00,2025-07-24 17:39:00,Information Request,Resolved,Medium,Mobile App,27,24,Y,N
CASE001028,20250723,ST002,2025-07-23 11:59:00,2025-07-24 19:59:00,Information Request,Resolved,High,Web Form,32,24,Y,Y
CASE001029,20250723,ST011,2025-07-23 12:33:00,,Accessibility Assistance,Pending Customer,Medium,Contact Centre,,12,N,N
CASE001030,20250724,ST010,2025-07-24 17:16:00,2025-07-29 03:16:00,Accessibility Assistance,Resolved,Medium,Email,106,12,Y,Y
CASE001031,20250724,ST011,2025-07-24 16:31:00,,Delay Compensation,Open,Low,Contact Centre,,96,N,N
CASE001032,20250724,ST006,2025-07-24 12:53:00,2025-07-26 22:53:00,Service Disruption Complaint,Resolved,Low,Web Form,58,72,N,N
CASE001033,20250724,ST010,2025-07-24 20:45:00,,Information Request,Open,Medium,Station Desk,,24,N,N
CASE001034,20250725,ST002,2025-07-25 09:33:00,2025-07-25 10:33:00,Ticketing / Refund,Resolved,High,Email,1,48,N,N
CASE001035,20250725,ST003,2025-07-25 14:35:00,2025-07-26 16:35:00,Information Request,Resolved,Medium,Web Form,26,24,Y,N
CASE001036,20250725,ST004,2025-07-25 13:36:00,2025-07-30 00:36:00,Delay Compensation,Resolved,Low,Station Desk,107,96,Y,N
CASE001037,20250725,ST003,2025-07-25 21:07:00,2025-08-02 17:07:00,Service Disruption Complaint,Resolved,Medium,Station Desk,188,72,Y,N
CASE001038,20250726,ST003,2025-07-26 20:15:00,2025-07-26 21:15:00,Accessibility Assistance,Resolved,Medium,Web Form,1,12,N,N
CASE001039,20250726,ST014,2025-07-26 21:16:00,,Delay Compensation,Pending Customer,Medium,Contact Centre,,96,N,N
CASE001040,20250726,ST009,2025-07-26 21:40:00,2025-07-30 15:40:00,Service Disruption Complaint,Resolved,Urgent,Contact Centre,90,72,Y,N
CASE001041,20250726,ST010,2025-07-26 17:50:00,,Delay Compensation,Open,Low,Station Desk,,96,N,N
CASE001042,20250726,ST008,2025-07-26 18:04:00,,Service Disruption Complaint,Open,Medium,Email,,72,N,N
CASE001043,20250726,ST003,2025-07-26 12:02:00,2025-07-29 17:02:00,Delay Compensation,Resolved,Low,Contact Centre,77,96,N,N
CASE001044,20250727,ST005,2025-07-27 07:49:00,2025-07-27 14:49:00,Accessibility Assistance,Resolved,Medium,Station Desk,7,12,N,N
CASE001045,20250727,ST012,2025-07-27 16:59:00,2025-07-29 10:59:00,Ticketing / Refund,Resolved,Medium,Web Form,42,48,N,N
CASE001046,20250727,ST006,2025-07-27 13:25:00,2025-07-27 14:25:00,Service Disruption Complaint,Resolved,Medium,Contact Centre,1,72,N,N
CASE001047,20250727,ST003,2025-07-27 22:57:00,2025-07-28 07:57:00,Ticketing / Refund,Resolved,Medium,Mobile App,9,48,N,Y
CASE001048,20250728,ST002,2025-07-28 17:22:00,2025-07-28 21:22:00,Service Disruption Complaint,Resolved,High,Web Form,4,72,N,N
CASE001049,20250728,ST015,2025-07-28 19:45:00,2025-07-30 14:45:00,Ticketing / Refund,Resolved,Low,Mobile App,43,48,N,Y
CASE001050,20250728,ST002,2025-07-28 16:51:00,2025-08-02 17:51:00,Delay Compensation,Resolved,Low,Email,121,96,Y,N
CASE001051,20250728,ST007,2025-07-28 18:00:00,2025-07-29 00:00:00,Accessibility Assistance,Resolved,Medium,Mobile App,6,12,N,N
CASE001052,20250728,ST004,2025-07-28 10:41:00,,Lost Property,Open,Medium,Web Form,,72,N,N
CASE001053,20250728,ST006,2025-07-28 11:14:00,2025-07-29 05:14:00,Ticketing / Refund,Resolved,Medium,Email,18,48,N,N
CASE001054,20250728,ST003,2025-07-28 22:40:00,2025-07-31 21:40:00,Delay Compensation,Resolved,Medium,Station Desk,71,96,N,N
CASE001055,20250729,ST010,2025-07-29 16:57:00,,Ticketing / Refund,Pending Customer,Low,Station Desk,,48,N,Y
CASE001056,20250729,ST003,2025-07-29 06:23:00,2025-07-29 14:23:00,Information Request,Resolved,Low,Email,8,24,N,N
CASE001057,20250729,ST002,2025-07-29 07:10:00,2025-07-30 17:10:00,Cleanliness Complaint,Resolved,Medium,Contact Centre,34,36,N,N
CASE001058,20250729,ST007,2025-07-29 12:49:00,2025-07-30 15:49:00,Service Disruption Complaint,Resolved,Low,Contact Centre,27,72,N,N
CASE001059,20250729,ST004,2025-07-29 09:37:00,2025-07-31 23:37:00,Lost Property,Resolved,Medium,Web Form,62,72,N,N
CASE001060,20250729,ST015,2025-07-29 11:09:00,2025-07-31 09:09:00,Delay Compensation,Resolved,High,Contact Centre,46,96,N,N
CASE001061,20250729,ST007,2025-07-29 07:16:00,2025-08-02 03:16:00,Service Disruption Complaint,Resolved,High,Email,92,72,Y,N
CASE001062,20250730,ST004,2025-07-30 17:07:00,2025-08-02 07:07:00,Service Disruption Complaint,Resolved,Medium,Web Form,62,72,N,N
CASE001063,20250730,ST010,2025-07-30 22:52:00,2025-07-31 06:52:00,Ticketing / Refund,Resolved,Medium,Mobile App,8,48,N,Y
CASE001064,20250730,ST003,2025-07-30 20:34:00,,Delay Compensation,Escalated,Low,Contact Centre,,96,N,N
CASE001065,20250730,ST006,2025-07-30 19:41:00,,Information Request,Pending Customer,Urgent,Station Desk,,24,N,N
CASE001066,20250730,ST010,2025-07-30 10:59:00,2025-07-31 03:59:00,Accessibility Assistance,Resolved,Low,Web Form,17,12,Y,N
CASE001067,20250730,ST008,2025-07-30 19:00:00,2025-08-01 11:00:00,Information Request,Resolved,Medium,Station Desk,40,24,Y,N
CASE001068,20250730,ST003,2025-07-30 09:28:00,,Cleanliness Complaint,Pending Customer,Medium,Web Form,,36,N,Y
CASE001069,20250730,ST016,2025-07-30 12:03:00,,Delay Compensation,Escalated,Medium,Email,,96,N,N
CASE001070,20250731,ST016,2025-07-31 19:31:00,,Lost Property,Pending Customer,Urgent,Contact Centre,,72,N,N
CASE001071,20250731,ST012,2025-07-31 17:50:00,,Information Request,Pending Customer,Medium,Contact Centre,,24,N,N
CASE001072,20250731,ST006,2025-07-31 09:37:00,2025-07-31 10:37:00,Accessibility Assistance,Resolved,Medium,Web Form,1,12,N,N
CASE001073,20250731,ST012,2025-07-31 06:14:00,2025-08-09 03:14:00,Delay Compensation,Resolved,Medium,Station Desk,213,96,Y,Y
CASE001074,20250731,ST010,2025-07-31 11:09:00,,Delay Compensation,Open,Medium,Mobile App,,96,N,N
CASE001075,20250731,ST015,2025-07-31 12:58:00,2025-08-03 07:58:00,Staff Conduct,Resolved,High,Email,67,72,N,N
CASE001076,20250801,ST006,2025-08-01 07:23:00,2025-08-03 17:23:00,Ticketing / Refund,Resolved,Low,Web Form,58,48,Y,Y
CASE001077,20250801,ST001,2025-08-01 07:44:00,2025-08-03 04:44:00,Ticketing / Refund,Resolved,Medium,Mobile App,45,48,N,N
CASE001078,20250802,ST004,2025-08-02 15:01:00,2025-08-03 20:01:00,Ticketing / Refund,Resolved,Low,Contact Centre,29,48,N,N
CASE001079,20250802,ST008,2025-08-02 09:42:00,2025-08-02 14:42:00,Information Request,Resolved,Medium,Mobile App,5,24,N,N
CASE001080,20250802,ST013,2025-08-02 11:41:00,2025-08-02 18:41:00,Accessibility Assistance,Resolved,Medium,Contact Centre,7,12,N,Y
CASE001081,20250802,ST015,2025-08-02 13:07:00,2025-08-02 19:07:00,Accessibility Assistance,Resolved,High,Web Form,6,12,N,N
CASE001082,20250802,ST012,2025-08-02 21:10:00,2025-08-04 14:10:00,Staff Conduct,Resolved,Low,Web Form,41,72,N,N
CASE001083,20250803,ST004,2025-08-03 07:02:00,2025-08-04 06:02:00,Information Request,Resolved,Medium,Mobile App,23,24,N,N
CASE001084,20250803,ST002,2025-08-03 13:52:00,2025-08-06 00:52:00,Information Request,Resolved,Medium,Web Form,59,24,Y,N
CASE001085,20250803,ST003,2025-08-03 20:16:00,2025-08-05 12:16:00,Information Request,Resolved,Low,Mobile App,40,24,Y,N
CASE001086,20250803,ST010,2025-08-03 18:01:00,,Accessibility Assistance,Pending Customer,Medium,Mobile App,,12,N,N
CASE001087,20250803,ST008,2025-08-03 15:51:00,2025-08-05 22:51:00,Lost Property,Resolved,Medium,Email,55,72,N,N
CASE001088,20250803,ST009,2025-08-03 18:18:00,,Ticketing / Refund,Pending Customer,Medium,Email,,48,N,N
CASE001089,20250803,ST003,2025-08-03 17:07:00,2025-08-06 13:07:00,Delay Compensation,Resolved,Medium,Mobile App,68,96,N,N
CASE001090,20250804,ST011,2025-08-04 06:37:00,,Ticketing / Refund,Open,Medium,Web Form,,48,N,N
CASE001091,20250804,ST008,2025-08-04 16:30:00,2025-08-06 06:30:00,Ticketing / Refund,Resolved,Medium,Station Desk,38,48,N,N
CASE001092,20250804,ST010,2025-08-04 15:12:00,2025-08-08 04:12:00,Staff Conduct,Resolved,High,Station Desk,85,72,Y,N
CASE001093,20250804,ST009,2025-08-04 11:15:00,,Staff Conduct,Escalated,Medium,Email,,72,N,N
CASE001094,20250804,ST013,2025-08-04 11:18:00,,Staff Conduct,Pending Customer,Medium,Station Desk,,72,N,N
CASE001095,20250804,ST007,2025-08-04 07:17:00,2025-08-05 01:17:00,Information Request,Resolved,Medium,Station Desk,18,24,N,N
CASE001096,20250804,ST014,2025-08-04 13:01:00,,Delay Compensation,Open,Medium,Email,,96,N,N
CASE001097,20250804,ST009,2025-08-04 15:32:00,2025-08-08 00:32:00,Delay Compensation,Resolved,High,Contact Centre,81,96,N,N
CASE001098,20250804,ST003,2025-08-04 10:02:00,2025-08-06 05:02:00,Ticketing / Refund,Resolved,Low,Mobile App,43,48,N,Y
CASE001099,20250804,ST006,2025-08-04 09:39:00,2025-08-04 20:39:00,Accessibility Assistance,Resolved,Medium,Email,11,12,N,N
CASE001100,20250805,ST015,2025-08-05 12:30:00,2025-08-09 23:30:00,Lost Property,Resolved,High,Station Desk,107,72,Y,N
CASE001101,20250805,ST014,2025-08-05 07:00:00,2025-08-05 08:00:00,Delay Compensation,Resolved,Medium,Web Form,1,96,N,N
CASE001102,20250805,ST003,2025-08-05 20:11:00,2025-08-07 00:11:00,Staff Conduct,Resolved,High,Contact Centre,28,72,N,N
CASE001103,20250806,ST010,2025-08-06 21:27:00,2025-08-07 12:27:00,Information Request,Resolved,Medium,Station Desk,15,24,N,N
CASE001104,20250806,ST002,2025-08-06 08:48:00,,Service Disruption Complaint,Open,Urgent,Email,,72,N,N
CASE001105,20250806,ST002,2025-08-06 16:49:00,2025-08-09 03:49:00,Delay Compensation,Resolved,Medium,Station Desk,59,96,N,N
CASE001106,20250806,ST010,2025-08-06 17:30:00,2025-08-07 08:30:00,Accessibility Assistance,Resolved,Medium,Mobile App,15,12,Y,Y
CASE001107,20250806,ST004,2025-08-06 09:35:00,2025-08-07 19:35:00,Ticketing / Refund,Resolved,High,Mobile App,34,48,N,N
CASE001108,20250807,ST007,2025-08-07 18:33:00,2025-08-07 19:33:00,Ticketing / Refund,Resolved,Low,Contact Centre,1,48,N,N
CASE001109,20250807,ST007,2025-08-07 11:49:00,2025-08-11 13:49:00,Lost Property,Resolved,Medium,Station Desk,98,72,Y,Y
CASE001110,20250807,ST002,2025-08-07 20:03:00,2025-08-08 09:03:00,Accessibility Assistance,Resolved,Medium,Mobile App,13,12,Y,N
CASE001111,20250808,ST012,2025-08-08 20:54:00,2025-08-09 09:54:00,Information Request,Resolved,Urgent,Mobile App,13,24,N,Y
CASE001112,20250808,ST001,2025-08-08 17:45:00,,Delay Compensation,Open,High,Email,,96,N,N
CASE001113,20250808,ST003,2025-08-08 15:13:00,2025-08-11 02:13:00,Service Disruption Complaint,Resolved,Medium,Mobile App,59,72,N,N
CASE001114,20250809,ST003,2025-08-09 15:05:00,2025-08-12 02:05:00,Service Disruption Complaint,Resolved,High,Contact Centre,59,72,N,N
CASE001115,20250809,ST010,2025-08-09 10:51:00,2025-08-14 18:51:00,Delay Compensation,Resolved,Medium,Mobile App,128,96,Y,N
CASE001116,20250810,ST009,2025-08-10 18:48:00,,Lost Property,Pending Customer,Medium,Mobile App,,72,N,N
CASE001117,20250810,ST001,2025-08-10 09:18:00,2025-08-12 08:18:00,Cleanliness Complaint,Resolved,Medium,Web Form,47,36,Y,N
CASE001118,20250810,ST008,2025-08-10 19:46:00,2025-08-10 20:46:00,Ticketing / Refund,Resolved,Medium,Contact Centre,1,48,N,N
CASE001119,20250810,ST001,2025-08-10 21:23:00,2025-08-14 10:23:00,Delay Compensation,Resolved,Urgent,Email,85,96,N,N
CASE001120,20250810,ST003,2025-08-10 07:10:00,2025-08-10 09:10:00,Information Request,Resolved,High,Contact Centre,2,24,N,N
CASE001121,20250811,ST008,2025-08-11 11:23:00,2025-08-12 06:23:00,Service Disruption Complaint,Resolved,High,Email,19,72,N,Y
CASE001122,20250811,ST011,2025-08-11 12:22:00,2025-08-16 08:22:00,Service Disruption Complaint,Resolved,Medium,Contact Centre,116,72,Y,N
CASE001123,20250811,ST013,2025-08-11 07:03:00,2025-08-12 13:03:00,Service Disruption Complaint,Resolved,High,Web Form,30,72,N,N
CASE001124,20250811,ST004,2025-08-11 15:18:00,2025-08-15 12:18:00,Lost Property,Resolved,Medium,Station Desk,93,72,Y,N
CASE001125,20250811,ST004,2025-08-11 20:27:00,2025-08-12 00:27:00,Delay Compensation,Resolved,High,Email,4,96,N,N
CASE001126,20250812,ST002,2025-08-12 19:12:00,,Ticketing / Refund,Pending Customer,Medium,Email,,48,N,Y
CASE001127,20250812,ST001,2025-08-12 19:54:00,2025-08-14 06:54:00,Service Disruption Complaint,Resolved,Medium,Web Form,35,72,N,N
CASE001128,20250812,ST004,2025-08-12 11:25:00,2025-08-13 01:25:00,Cleanliness Complaint,Resolved,Low,Station Desk,14,36,N,Y
CASE001129,20250812,ST001,2025-08-12 17:37:00,2025-08-13 02:37:00,Ticketing / Refund,Resolved,Urgent,Contact Centre,9,48,N,N
CASE001130,20250813,ST009,2025-08-13 08:28:00,2025-08-20 19:28:00,Delay Compensation,Resolved,Low,Contact Centre,179,96,Y,N
CASE001131,20250813,ST010,2025-08-13 09:46:00,2025-08-14 12:46:00,Cleanliness Complaint,Resolved,Medium,Contact Centre,27,36,N,N
CASE001132,20250813,ST001,2025-08-13 22:38:00,2025-08-14 01:38:00,Accessibility Assistance,Resolved,Medium,Mobile App,3,12,N,N
CASE001133,20250813,ST001,2025-08-13 17:06:00,2025-08-14 10:06:00,Information Request,Resolved,Medium,Mobile App,17,24,N,N
CASE001134,20250814,ST001,2025-08-14 18:25:00,,Information Request,Open,Medium,Web Form,,24,N,Y
CASE001135,20250814,ST006,2025-08-14 11:47:00,2025-08-15 00:47:00,Accessibility Assistance,Resolved,Medium,Contact Centre,13,12,Y,N
CASE001136,20250814,ST016,2025-08-14 10:58:00,2025-08-15 19:58:00,Ticketing / Refund,Resolved,Low,Station Desk,33,48,N,N
CASE001137,20250814,ST003,2025-08-14 11:53:00,2025-08-17 15:53:00,Cleanliness Complaint,Resolved,High,Mobile App,76,36,Y,Y
CASE001138,20250815,ST014,2025-08-15 18:41:00,2025-08-16 01:41:00,Delay Compensation,Resolved,Medium,Email,7,96,N,N
CASE001139,20250815,ST014,2025-08-15 19:36:00,2025-08-18 20:36:00,Service Disruption Complaint,Resolved,Medium,Web Form,73,72,Y,N
CASE001140,20250815,ST001,2025-08-15 12:21:00,2025-08-16 08:21:00,Lost Property,Resolved,Low,Web Form,20,72,N,Y
CASE001141,20250815,ST007,2025-08-15 19:59:00,,Information Request,Open,Low,Email,,24,N,N
CASE001142,20250815,ST007,2025-08-15 17:21:00,,Delay Compensation,Open,Medium,Contact Centre,,96,N,N
CASE001143,20250816,ST003,2025-08-16 22:22:00,2025-08-17 19:22:00,Accessibility Assistance,Resolved,Medium,Contact Centre,21,12,Y,N
CASE001144,20250816,ST014,2025-08-16 09:22:00,2025-08-17 10:22:00,Cleanliness Complaint,Resolved,Medium,Mobile App,25,36,N,N
CASE001145,20250816,ST011,2025-08-16 16:23:00,2025-08-22 08:23:00,Ticketing / Refund,Resolved,Low,Mobile App,136,48,Y,Y
CASE001146,20250816,ST009,2025-08-16 12:35:00,2025-08-17 21:35:00,Cleanliness Complaint,Resolved,Medium,Email,33,36,N,N
CASE001147,20250816,ST006,2025-08-16 22:54:00,2025-08-18 12:54:00,Service Disruption Complaint,Resolved,Medium,Email,38,72,N,N
CASE001148,20250816,ST007,2025-08-16 15:50:00,,Cleanliness Complaint,Open,Medium,Station Desk,,36,N,N
CASE001149,20250816,ST004,2025-08-16 22:21:00,2025-08-18 20:21:00,Lost Property,Resolved,Medium,Email,46,72,N,N
CASE001150,20250817,ST010,2025-08-17 16:12:00,2025-08-20 14:12:00,Lost Property,Resolved,Medium,Web Form,70,72,N,N
CASE001151,20250817,ST002,2025-08-17 14:29:00,2025-08-21 17:29:00,Service Disruption Complaint,Resolved,Medium,Mobile App,99,72,Y,N
CASE001152,20250818,ST001,2025-08-18 11:27:00,2025-08-18 19:27:00,Accessibility Assistance,Resolved,Medium,Mobile App,8,12,N,Y
CASE001153,20250818,ST014,2025-08-18 15:00:00,,Ticketing / Refund,Escalated,High,Web Form,,48,N,N
CASE001154,20250818,ST006,2025-08-18 20:06:00,,Information Request,Open,Medium,Station Desk,,24,N,N
CASE001155,20250818,ST008,2025-08-18 08:52:00,2025-08-24 09:52:00,Information Request,Resolved,High,Station Desk,145,24,Y,N
CASE001156,20250818,ST001,2025-08-18 09:40:00,2025-08-25 18:40:00,Lost Property,Resolved,Low,Contact Centre,177,72,Y,N
CASE001157,20250818,ST009,2025-08-18 14:50:00,2025-08-19 20:50:00,Information Request,Resolved,High,Web Form,30,24,Y,N
CASE001158,20250818,ST009,2025-08-18 21:47:00,2025-08-20 07:47:00,Cleanliness Complaint,Resolved,Medium,Email,34,36,N,N
CASE001159,20250819,ST011,2025-08-19 07:25:00,2025-08-19 13:25:00,Information Request,Resolved,High,Contact Centre,6,24,N,N
CASE001160,20250819,ST001,2025-08-19 16:44:00,2025-08-22 07:44:00,Delay Compensation,Resolved,Medium,Station Desk,63,96,N,N
CASE001161,20250819,ST010,2025-08-19 16:33:00,2025-08-20 21:33:00,Cleanliness Complaint,Resolved,Medium,Mobile App,29,36,N,Y
CASE001162,20250819,ST007,2025-08-19 18:08:00,2025-08-20 19:08:00,Information Request,Resolved,Low,Contact Centre,25,24,Y,N
CASE001163,20250819,ST014,2025-08-19 12:44:00,2025-08-19 21:44:00,Information Request,Resolved,Low,Contact Centre,9,24,N,N
CASE001164,20250820,ST010,2025-08-20 22:02:00,,Service Disruption Complaint,Escalated,Low,Web Form,,72,N,N
CASE001165,20250820,ST010,2025-08-20 06:28:00,,Service Disruption Complaint,Open,Medium,Mobile App,,72,N,N
CASE001166,20250820,ST001,2025-08-20 12:06:00,2025-08-20 23:06:00,Delay Compensation,Resolved,Medium,Email,11,96,N,N
CASE001167,20250821,ST014,2025-08-21 22:20:00,,Staff Conduct,Pending Customer,Low,Contact Centre,,72,N,N
CASE001168,20250821,ST001,2025-08-21 19:21:00,,Staff Conduct,Pending Customer,Medium,Web Form,,72,N,Y
CASE001169,20250821,ST010,2025-08-21 14:46:00,2025-08-21 19:46:00,Information Request,Resolved,Low,Contact Centre,5,24,N,Y
CASE001170,20250821,ST010,2025-08-21 09:19:00,2025-08-22 17:19:00,Ticketing / Refund,Resolved,Low,Email,32,48,N,N
CASE001171,20250821,ST013,2025-08-21 13:22:00,2025-08-21 15:22:00,Accessibility Assistance,Resolved,High,Mobile App,2,12,N,N
CASE001172,20250822,ST002,2025-08-22 18:30:00,2025-08-23 01:30:00,Lost Property,Resolved,Low,Email,7,72,N,N
CASE001173,20250822,ST016,2025-08-22 09:27:00,2025-08-22 20:27:00,Accessibility Assistance,Resolved,Low,Email,11,12,N,N
CASE001174,20250822,ST016,2025-08-22 08:23:00,2025-08-23 00:23:00,Lost Property,Resolved,High,Email,16,72,N,Y
CASE001175,20250822,ST001,2025-08-22 20:47:00,,Information Request,Pending Customer,High,Mobile App,,24,N,Y
CASE001176,20250822,ST004,2025-08-22 09:48:00,2025-08-22 15:48:00,Ticketing / Refund,Resolved,Low,Web Form,6,48,N,N
CASE001177,20250822,ST010,2025-08-22 18:00:00,2025-08-23 11:00:00,Accessibility Assistance,Resolved,Low,Web Form,17,12,Y,N
CASE001178,20250823,ST006,2025-08-23 21:16:00,2025-08-24 01:16:00,Information Request,Resolved,Low,Contact Centre,4,24,N,N
CASE001179,20250823,ST011,2025-08-23 20:02:00,,Staff Conduct,Open,Medium,Mobile App,,72,N,N
CASE001180,20250823,ST006,2025-08-23 15:18:00,2025-08-29 04:18:00,Delay Compensation,Resolved,High,Mobile App,133,96,Y,N
CASE001181,20250824,ST004,2025-08-24 18:03:00,2025-08-27 00:03:00,Accessibility Assistance,Resolved,Medium,Email,54,12,Y,Y
CASE001182,20250824,ST009,2025-08-24 14:25:00,2025-08-25 09:25:00,Delay Compensation,Resolved,Medium,Contact Centre,19,96,N,N
CASE001183,20250824,ST015,2025-08-24 18:01:00,2025-08-29 03:01:00,Delay Compensation,Resolved,High,Email,105,96,Y,N
CASE001184,20250824,ST016,2025-08-24 09:46:00,2025-08-28 14:46:00,Delay Compensation,Resolved,Medium,Email,101,96,Y,N
CASE001185,20250824,ST011,2025-08-24 08:19:00,2025-08-26 05:19:00,Delay Compensation,Resolved,Low,Mobile App,45,96,N,N
CASE001186,20250824,ST013,2025-08-24 13:47:00,2025-08-25 02:47:00,Information Request,Resolved,Medium,Email,13,24,N,Y
CASE001187,20250825,ST002,2025-08-25 20:01:00,2025-08-26 09:01:00,Information Request,Resolved,High,Mobile App,13,24,N,N
CASE001188,20250825,ST009,2025-08-25 10:32:00,2025-08-28 07:32:00,Cleanliness Complaint,Resolved,Medium,Email,69,36,Y,N
CASE001189,20250825,ST006,2025-08-25 13:29:00,2025-08-29 11:29:00,Ticketing / Refund,Resolved,Medium,Email,94,48,Y,N
CASE001190,20250825,ST005,2025-08-25 20:03:00,2025-08-26 22:03:00,Information Request,Resolved,Medium,Contact Centre,26,24,Y,N
CASE001191,20250825,ST016,2025-08-25 13:48:00,2025-08-30 03:48:00,Delay Compensation,Resolved,Low,Web Form,110,96,Y,N
CASE001192,20250825,ST009,2025-08-25 12:20:00,,Service Disruption Complaint,Open,Medium,Mobile App,,72,N,N
CASE001193,20250825,ST003,2025-08-25 20:55:00,2025-08-26 14:55:00,Staff Conduct,Resolved,Low,Contact Centre,18,72,N,N
CASE001194,20250825,ST001,2025-08-25 17:56:00,2025-08-30 10:56:00,Service Disruption Complaint,Resolved,Low,Mobile App,113,72,Y,N
CASE001195,20250825,ST012,2025-08-25 20:02:00,2025-08-26 10:02:00,Service Disruption Complaint,Resolved,High,Web Form,14,72,N,Y
CASE001196,20250826,ST004,2025-08-26 17:53:00,2025-08-30 11:53:00,Service Disruption Complaint,Resolved,Low,Web Form,90,72,Y,Y
CASE001197,20250826,ST012,2025-08-26 13:54:00,,Lost Property,Open,Medium,Station Desk,,72,N,N
CASE001198,20250826,ST005,2025-08-26 20:59:00,2025-08-27 21:59:00,Information Request,Resolved,Low,Mobile App,25,24,Y,N
CASE001199,20250826,ST012,2025-08-26 11:28:00,2025-08-26 19:28:00,Ticketing / Refund,Resolved,Low,Station Desk,8,48,N,N
CASE001200,20250826,ST004,2025-08-26 09:35:00,2025-08-29 11:35:00,Service Disruption Complaint,Resolved,Medium,Contact Centre,74,72,Y,N
CASE001201,20250827,ST002,2025-08-27 10:08:00,,Accessibility Assistance,Open,Medium,Mobile App,,12,N,Y
CASE001202,20250827,ST001,2025-08-27 11:28:00,2025-08-30 04:28:00,Delay Compensation,Resolved,Medium,Contact Centre,65,96,N,Y
CASE001203,20250827,ST008,2025-08-27 17:56:00,2025-08-29 21:56:00,Lost Property,Resolved,High,Mobile App,52,72,N,N
CASE001204,20250827,ST005,2025-08-27 06:34:00,2025-08-29 10:34:00,Service Disruption Complaint,Resolved,Medium,Station Desk,52,72,N,N
CASE001205,20250827,ST007,2025-08-27 07:14:00,2025-09-04 20:14:00,Cleanliness Complaint,Resolved,Medium,Mobile App,205,36,Y,N
CASE001206,20250827,ST011,2025-08-27 10:34:00,2025-08-28 13:34:00,Information Request,Resolved,Medium,Web Form,27,24,Y,N
CASE001207,20250828,ST005,2025-08-28 07:46:00,2025-08-29 23:46:00,Ticketing / Refund,Resolved,Medium,Contact Centre,40,48,N,N
CASE001208,20250828,ST008,2025-08-28 21:59:00,2025-09-01 10:59:00,Service Disruption Complaint,Resolved,Low,Email,85,72,Y,N
CASE001209,20250828,ST008,2025-08-28 13:57:00,2025-08-28 21:57:00,Information Request,Resolved,Low,Web Form,8,24,N,N
CASE001210,20250829,ST006,2025-08-29 19:21:00,,Service Disruption Complaint,Open,Medium,Mobile App,,72,N,N
CASE001211,20250829,ST003,2025-08-29 17:25:00,2025-08-30 12:25:00,Information Request,Resolved,Urgent,Email,19,24,N,N
CASE001212,20250829,ST007,2025-08-29 13:05:00,,Ticketing / Refund,Escalated,Low,Email,,48,N,N
CASE001213,20250829,ST002,2025-08-29 17:41:00,2025-08-29 22:41:00,Accessibility Assistance,Resolved,High,Web Form,5,12,N,N
CASE001214,20250829,ST006,2025-08-29 21:42:00,,Information Request,Open,High,Contact Centre,,24,N,N
CASE001215,20250829,ST012,2025-08-29 10:36:00,,Staff Conduct,Pending Customer,High,Web Form,,72,N,N
CASE001216,20250830,ST001,2025-08-30 18:33:00,2025-09-01 17:33:00,Lost Property,Resolved,Low,Web Form,47,72,N,Y
CASE001217,20250830,ST006,2025-08-30 07:19:00,,Delay Compensation,Pending Customer,High,Email,,96,N,N
CASE001218,20250830,ST006,2025-08-30 17:29:00,2025-09-01 10:29:00,Service Disruption Complaint,Resolved,Medium,Station Desk,41,72,N,N
CASE001219,20250830,ST007,2025-08-30 10:22:00,,Service Disruption Complaint,Open,Low,Web Form,,72,N,Y
CASE001220,20250830,ST013,2025-08-30 06:54:00,2025-08-30 07:54:00,Ticketing / Refund,Resolved,High,Email,1,48,N,N
CASE001221,20250830,ST002,2025-08-30 08:44:00,2025-08-31 15:44:00,Service Disruption Complaint,Resolved,Medium,Contact Centre,31,72,N,Y
CASE001222,20250831,ST014,2025-08-31 19:14:00,2025-09-01 01:14:00,Ticketing / Refund,Resolved,High,Station Desk,6,48,N,N
CASE001223,20250831,ST005,2025-08-31 09:21:00,,Lost Property,Open,Low,Email,,72,N,N
CASE001224,20250831,ST013,2025-08-31 14:26:00,2025-08-31 15:26:00,Delay Compensation,Resolved,Medium,Contact Centre,1,96,N,N
CASE001225,20250831,ST004,2025-08-31 17:57:00,2025-09-04 09:57:00,Service Disruption Complaint,Resolved,Medium,Station Desk,88,72,Y,N
CASE001226,20250901,ST003,2025-09-01 15:30:00,,Staff Conduct,Open,Medium,Email,,72,N,Y
CASE001227,20250901,ST001,2025-09-01 11:17:00,2025-09-01 19:17:00,Cleanliness Complaint,Resolved,Medium,Contact Centre,8,36,N,N
CASE001228,20250901,ST002,2025-09-01 08:52:00,2025-09-01 19:52:00,Information Request,Resolved,Low,Web Form,11,24,N,Y
CASE001229,20250901,ST010,2025-09-01 22:30:00,,Ticketing / Refund,Pending Customer,Medium,Web Form,,48,N,Y
CASE001230,20250901,ST007,2025-09-01 14:27:00,,Lost Property,Pending Customer,High,Web Form,,72,N,N
CASE001231,20250901,ST008,2025-09-01 21:37:00,2025-09-04 05:37:00,Delay Compensation,Resolved,Medium,Web Form,56,96,N,N
CASE001232,20250901,ST008,2025-09-01 22:17:00,2025-09-04 17:17:00,Lost Property,Resolved,Medium,Mobile App,67,72,N,N
CASE001233,20250901,ST004,2025-09-01 22:45:00,2025-09-02 14:45:00,Information Request,Resolved,Medium,Station Desk,16,24,N,N
CASE001234,20250902,ST003,2025-09-02 22:18:00,2025-09-07 07:18:00,Delay Compensation,Resolved,High,Email,105,96,Y,N
CASE001235,20250902,ST003,2025-09-02 19:11:00,,Ticketing / Refund,Escalated,Medium,Email,,48,N,N
CASE001236,20250903,ST005,2025-09-03 08:47:00,2025-09-07 05:47:00,Ticketing / Refund,Resolved,Medium,Contact Centre,93,48,Y,N
CASE001237,20250903,ST004,2025-09-03 15:31:00,2025-09-07 17:31:00,Lost Property,Resolved,Medium,Station Desk,98,72,Y,N
CASE001238,20250903,ST002,2025-09-03 09:19:00,2025-09-04 22:19:00,Delay Compensation,Resolved,High,Station Desk,37,96,N,N
CASE001239,20250903,ST004,2025-09-03 22:31:00,2025-09-04 01:31:00,Accessibility Assistance,Resolved,Medium,Web Form,3,12,N,N
CASE001240,20250903,ST008,2025-09-03 13:00:00,2025-09-04 00:00:00,Information Request,Resolved,Medium,Web Form,11,24,N,N
CASE001241,20250903,ST014,2025-09-03 20:15:00,2025-09-05 08:15:00,Information Request,Resolved,Medium,Web Form,36,24,Y,N
CASE001242,20250904,ST002,2025-09-04 20:30:00,2025-09-05 05:30:00,Delay Compensation,Resolved,Medium,Station Desk,9,96,N,N
CASE001243,20250904,ST001,2025-09-04 11:12:00,,Lost Property,Pending Customer,Low,Web Form,,72,N,N
CASE001244,20250904,ST006,2025-09-04 19:14:00,2025-09-05 10:14:00,Accessibility Assistance,Resolved,Low,Contact Centre,15,12,Y,N
CASE001245,20250904,ST006,2025-09-04 08:58:00,,Ticketing / Refund,Pending Customer,Medium,Contact Centre,,48,N,N
CASE001246,20250905,ST006,2025-09-05 15:55:00,2025-09-08 20:55:00,Service Disruption Complaint,Resolved,Medium,Email,77,72,Y,Y
CASE001247,20250905,ST013,2025-09-05 07:38:00,2025-09-05 13:38:00,Accessibility Assistance,Resolved,High,Email,6,12,N,N
CASE001248,20250906,ST007,2025-09-06 21:28:00,2025-09-08 00:28:00,Ticketing / Refund,Resolved,Medium,Web Form,27,48,N,N
CASE001249,20250906,ST010,2025-09-06 14:32:00,2025-09-10 23:32:00,Delay Compensation,Resolved,High,Mobile App,105,96,Y,N
CASE001250,20250906,ST002,2025-09-06 22:47:00,2025-09-08 02:47:00,Staff Conduct,Resolved,Medium,Email,28,72,N,N
CASE001251,20250906,ST007,2025-09-06 12:49:00,,Cleanliness Complaint,Open,Medium,Web Form,,36,N,N
CASE001252,20250906,ST015,2025-09-06 07:09:00,,Accessibility Assistance,Escalated,Medium,Mobile App,,12,N,N
CASE001253,20250906,ST011,2025-09-06 14:17:00,2025-09-10 15:17:00,Delay Compensation,Resolved,Low,Mobile App,97,96,Y,N
CASE001254,20250906,ST006,2025-09-06 16:18:00,2025-09-07 02:18:00,Accessibility Assistance,Resolved,Medium,Mobile App,10,12,N,Y
CASE001255,20250907,ST014,2025-09-07 19:29:00,2025-09-08 01:29:00,Cleanliness Complaint,Resolved,Medium,Station Desk,6,36,N,N
CASE001256,20250907,ST009,2025-09-07 13:48:00,,Service Disruption Complaint,Pending Customer,Medium,Contact Centre,,72,N,N
CASE001257,20250907,ST001,2025-09-07 13:36:00,2025-09-08 20:36:00,Service Disruption Complaint,Resolved,High,Email,31,72,N,N
CASE001258,20250908,ST008,2025-09-08 11:44:00,,Staff Conduct,Pending Customer,Medium,Contact Centre,,72,N,N
CASE001259,20250908,ST015,2025-09-08 15:34:00,2025-09-09 01:34:00,Accessibility Assistance,Resolved,Medium,Email,10,12,N,N
CASE001260,20250908,ST008,2025-09-08 07:32:00,2025-09-11 23:32:00,Ticketing / Refund,Resolved,Medium,Email,88,48,Y,N
CASE001261,20250908,ST002,2025-09-08 16:25:00,2025-09-10 17:25:00,Information Request,Resolved,Medium,Mobile App,49,24,Y,N
CASE001262,20250908,ST006,2025-09-08 18:27:00,2025-09-09 04:27:00,Cleanliness Complaint,Resolved,High,Contact Centre,10,36,N,N
CASE001263,20250908,ST013,2025-09-08 06:12:00,,Accessibility Assistance,Open,Medium,Station Desk,,12,N,N
CASE001264,20250908,ST001,2025-09-08 09:39:00,,Lost Property,Open,Medium,Web Form,,72,N,N
CASE001265,20250909,ST006,2025-09-09 21:48:00,2025-09-10 08:48:00,Cleanliness Complaint,Resolved,Medium,Mobile App,11,36,N,N
CASE001266,20250909,ST007,2025-09-09 07:25:00,2025-09-12 19:25:00,Service Disruption Complaint,Resolved,Medium,Email,84,72,Y,N
CASE001267,20250909,ST015,2025-09-09 09:05:00,2025-09-10 21:05:00,Delay Compensation,Resolved,High,Web Form,36,96,N,Y
CASE001268,20250910,ST007,2025-09-10 08:14:00,,Service Disruption Complaint,Open,Medium,Web Form,,72,N,N
CASE001269,20250910,ST003,2025-09-10 09:59:00,2025-09-14 13:59:00,Service Disruption Complaint,Resolved,Low,Station Desk,100,72,Y,N
CASE001270,20250910,ST010,2025-09-10 15:10:00,,Information Request,Pending Customer,Medium,Contact Centre,,24,N,N
CASE001271,20250910,ST007,2025-09-10 08:38:00,2025-09-14 20:38:00,Ticketing / Refund,Resolved,Medium,Mobile App,108,48,Y,N
CASE001272,20250910,ST004,2025-09-10 09:14:00,2025-09-11 04:14:00,Information Request,Resolved,Low,Contact Centre,19,24,N,Y
CASE001273,20250911,ST003,2025-09-11 17:43:00,2025-09-11 21:43:00,Accessibility Assistance,Resolved,Medium,Station Desk,4,12,N,Y
CASE001274,20250911,ST001,2025-09-11 09:50:00,,Service Disruption Complaint,Escalated,High,Web Form,,72,N,N
CASE001275,20250911,ST004,2025-09-11 20:40:00,2025-09-12 02:40:00,Ticketing / Refund,Resolved,Medium,Station Desk,6,48,N,N
CASE001276,20250911,ST010,2025-09-11 15:18:00,,Staff Conduct,Open,Low,Contact Centre,,72,N,N
CASE001277,20250911,ST002,2025-09-11 19:59:00,2025-09-14 13:59:00,Delay Compensation,Resolved,Low,Email,66,96,N,N
CASE001278,20250912,ST005,2025-09-12 06:12:00,2025-09-13 11:12:00,Lost Property,Resolved,High,Mobile App,29,72,N,N
CASE001279,20250912,ST012,2025-09-12 11:30:00,,Information Request,Pending Customer,Medium,Mobile App,,24,N,N
CASE001280,20250912,ST015,2025-09-12 11:30:00,2025-09-14 18:30:00,Lost Property,Resolved,High,Contact Centre,55,72,N,Y
CASE001281,20250912,ST008,2025-09-12 09:39:00,2025-09-12 17:39:00,Accessibility Assistance,Resolved,Medium,Contact Centre,8,12,N,N
CASE001282,20250913,ST008,2025-09-13 19:06:00,2025-09-14 03:06:00,Accessibility Assistance,Resolved,Medium,Email,8,12,N,N
CASE001283,20250913,ST010,2025-09-13 22:31:00,2025-09-13 23:31:00,Ticketing / Refund,Resolved,Medium,Web Form,1,48,N,Y
CASE001284,20250913,ST011,2025-09-13 22:29:00,,Lost Property,Escalated,High,Contact Centre,,72,N,N
CASE001285,20250913,ST001,2025-09-13 15:43:00,2025-09-14 05:43:00,Accessibility Assistance,Resolved,Medium,Mobile App,14,12,Y,Y
CASE001286,20250913,ST015,2025-09-13 10:19:00,,Accessibility Assistance,Open,Medium,Contact Centre,,12,N,N
CASE001287,20250913,ST006,2025-09-13 07:04:00,,Ticketing / Refund,Escalated,Medium,Web Form,,48,N,N
CASE001288,20250913,ST002,2025-09-13 17:44:00,2025-09-18 15:44:00,Delay Compensation,Resolved,Medium,Mobile App,118,96,Y,N
CASE001289,20250913,ST002,2025-09-13 06:13:00,2025-09-13 13:13:00,Accessibility Assistance,Resolved,Medium,Contact Centre,7,12,N,N
CASE001290,20250914,ST015,2025-09-14 14:26:00,2025-09-18 01:26:00,Staff Conduct,Resolved,Urgent,Web Form,83,72,Y,N
CASE001291,20250914,ST004,2025-09-14 22:26:00,2025-09-15 04:26:00,Information Request,Resolved,High,Mobile App,6,24,N,N
CASE001292,20250914,ST004,2025-09-14 16:10:00,2025-09-16 14:10:00,Lost Property,Resolved,Medium,Email,46,72,N,N
CASE001293,20250914,ST005,2025-09-14 20:00:00,,Ticketing / Refund,Open,Low,Station Desk,,48,N,Y
CASE001294,20250914,ST005,2025-09-14 07:10:00,2025-09-18 09:10:00,Delay Compensation,Resolved,Medium,Mobile App,98,96,Y,N
CASE001295,20250914,ST005,2025-09-14 17:08:00,2025-09-15 03:08:00,Ticketing / Refund,Resolved,Medium,Mobile App,10,48,N,N
CASE001296,20250915,ST002,2025-09-15 19:33:00,2025-09-18 00:33:00,Delay Compensation,Resolved,Medium,Mobile App,53,96,N,Y
CASE001297,20250915,ST010,2025-09-15 20:41:00,2025-09-16 04:41:00,Accessibility Assistance,Resolved,Low,Mobile App,8,12,N,N
CASE001298,20250915,ST006,2025-09-15 10:47:00,,Lost Property,Open,Low,Contact Centre,,72,N,N
CASE001299,20250915,ST006,2025-09-15 22:30:00,,Information Request,Pending Customer,Low,Email,,24,N,N
CASE001300,20250916,ST001,2025-09-16 06:22:00,2025-09-17 12:22:00,Service Disruption Complaint,Resolved,High,Email,30,72,N,N
CASE001301,20250916,ST009,2025-09-16 17:04:00,2025-09-23 00:04:00,Service Disruption Complaint,Resolved,Urgent,Contact Centre,151,72,Y,N
CASE001302,20250916,ST002,2025-09-16 11:59:00,,Staff Conduct,Pending Customer,Medium,Mobile App,,72,N,N
CASE001303,20250916,ST001,2025-09-16 21:51:00,2025-09-19 10:51:00,Staff Conduct,Resolved,Medium,Web Form,61,72,N,N
CASE001304,20250916,ST004,2025-09-16 18:54:00,2025-09-18 05:54:00,Cleanliness Complaint,Resolved,Medium,Email,35,36,N,N
CASE001305,20250916,ST013,2025-09-16 12:43:00,2025-09-19 22:43:00,Information Request,Resolved,Medium,Contact Centre,82,24,Y,N
CASE001306,20250916,ST003,2025-09-16 06:16:00,,Delay Compensation,Open,Medium,Email,,96,N,N
CASE001307,20250917,ST001,2025-09-17 12:25:00,,Lost Property,Pending Customer,High,Email,,72,N,N
CASE001308,20250917,ST003,2025-09-17 06:41:00,2025-09-20 04:41:00,Information Request,Resolved,Medium,Web Form,70,24,Y,N
CASE001309,20250917,ST003,2025-09-17 16:38:00,,Cleanliness Complaint,Escalated,Medium,Email,,36,N,N
CASE001310,20250918,ST006,2025-09-18 07:31:00,2025-09-18 20:31:00,Accessibility Assistance,Resolved,Low,Email,13,12,Y,N
CASE001311,20250918,ST001,2025-09-18 21:48:00,2025-09-23 21:48:00,Lost Property,Resolved,Low,Email,120,72,Y,N
CASE001312,20250918,ST011,2025-09-18 16:18:00,2025-09-18 19:18:00,Information Request,Resolved,Medium,Mobile App,3,24,N,N
CASE001313,20250918,ST003,2025-09-18 22:38:00,2025-09-22 13:38:00,Service Disruption Complaint,Resolved,Medium,Mobile App,87,72,Y,Y
CASE001314,20250918,ST013,2025-09-18 12:33:00,2025-09-19 12:33:00,Information Request,Resolved,Medium,Email,24,24,N,N
CASE001315,20250919,ST006,2025-09-19 08:42:00,2025-09-20 16:42:00,Information Request,Resolved,Low,Contact Centre,32,24,Y,Y
CASE001316,20250919,ST001,2025-09-19 11:45:00,2025-09-21 22:45:00,Service Disruption Complaint,Resolved,Medium,Contact Centre,59,72,N,N
CASE001317,20250919,ST001,2025-09-19 11:10:00,2025-09-21 16:10:00,Ticketing / Refund,Resolved,High,Station Desk,53,48,Y,Y
CASE001318,20250919,ST015,2025-09-19 18:23:00,2025-09-19 19:23:00,Lost Property,Resolved,High,Email,1,72,N,Y
CASE001319,20250919,ST001,2025-09-19 19:32:00,,Cleanliness Complaint,Pending Customer,Medium,Station Desk,,36,N,N
CASE001320,20250919,ST013,2025-09-19 07:24:00,2025-09-29 00:24:00,Service Disruption Complaint,Resolved,Low,Web Form,233,72,Y,N
CASE001321,20250919,ST013,2025-09-19 14:04:00,2025-09-20 19:04:00,Cleanliness Complaint,Resolved,Medium,Station Desk,29,36,N,N
CASE001322,20250919,ST008,2025-09-19 20:28:00,2025-09-20 07:28:00,Accessibility Assistance,Resolved,High,Web Form,11,12,N,Y
CASE001323,20250920,ST005,2025-09-20 06:58:00,,Service Disruption Complaint,Open,Low,Email,,72,N,N
CASE001324,20250920,ST016,2025-09-20 11:01:00,,Information Request,Open,Urgent,Mobile App,,24,N,N
CASE001325,20250921,ST006,2025-09-21 21:28:00,2025-09-25 00:28:00,Lost Property,Resolved,Urgent,Mobile App,75,72,Y,N
CASE001326,20250921,ST014,2025-09-21 10:49:00,,Delay Compensation,Open,Low,Web Form,,96,N,N
CASE001327,20250922,ST001,2025-09-22 10:25:00,,Ticketing / Refund,Open,Medium,Station Desk,,48,N,N
CASE001328,20250922,ST008,2025-09-22 06:59:00,2025-09-23 04:59:00,Information Request,Resolved,Medium,Web Form,22,24,N,N
CASE001329,20250922,ST004,2025-09-22 11:10:00,2025-09-23 12:10:00,Information Request,Resolved,High,Email,25,24,Y,N
CASE001330,20250922,ST007,2025-09-22 16:18:00,2025-09-23 02:18:00,Accessibility Assistance,Resolved,Medium,Contact Centre,10,12,N,N
CASE001331,20250922,ST013,2025-09-22 17:35:00,2025-09-23 00:35:00,Cleanliness Complaint,Resolved,Low,Contact Centre,7,36,N,Y
CASE001332,20250922,ST002,2025-09-22 07:08:00,2025-09-27 20:08:00,Delay Compensation,Resolved,Medium,Station Desk,133,96,Y,N
CASE001333,20250922,ST006,2025-09-22 19:12:00,2025-09-25 20:12:00,Staff Conduct,Resolved,Medium,Mobile App,73,72,Y,Y
CASE001334,20250923,ST004,2025-09-23 08:11:00,2025-09-26 18:11:00,Staff Conduct,Resolved,Low,Station Desk,82,72,Y,N
CASE001335,20250923,ST003,2025-09-23 08:36:00,2025-09-24 08:36:00,Cleanliness Complaint,Resolved,Medium,Station Desk,24,36,N,N
CASE001336,20250923,ST005,2025-09-23 14:29:00,2025-09-27 21:29:00,Lost Property,Resolved,Medium,Contact Centre,103,72,Y,N
CASE001337,20250923,ST003,2025-09-23 18:22:00,2025-09-25 14:22:00,Lost Property,Resolved,High,Contact Centre,44,72,N,N
CASE001338,20250924,ST009,2025-09-24 19:36:00,,Information Request,Pending Customer,Medium,Email,,24,N,N
CASE001339,20250924,ST007,2025-09-24 15:09:00,,Ticketing / Refund,Pending Customer,Medium,Web Form,,48,N,N
CASE001340,20250924,ST012,2025-09-24 18:25:00,,Accessibility Assistance,Pending Customer,Low,Mobile App,,12,N,N
CASE001341,20250924,ST005,2025-09-24 22:07:00,2025-09-24 23:07:00,Information Request,Resolved,High,Mobile App,1,24,N,N
CASE001342,20250924,ST001,2025-09-24 20:58:00,2025-09-26 14:58:00,Lost Property,Resolved,High,Email,42,72,N,N
CASE001343,20250925,ST010,2025-09-25 16:52:00,,Information Request,Escalated,Low,Email,,24,N,N
CASE001344,20250925,ST007,2025-09-25 22:24:00,,Information Request,Pending Customer,Medium,Contact Centre,,24,N,N
CASE001345,20250925,ST002,2025-09-25 07:41:00,2025-09-29 07:41:00,Delay Compensation,Resolved,Medium,Station Desk,96,96,N,N
CASE001346,20250925,ST002,2025-09-25 07:14:00,2025-09-25 08:14:00,Delay Compensation,Resolved,Medium,Mobile App,1,96,N,N
CASE001347,20250925,ST008,2025-09-25 07:52:00,2025-10-01 06:52:00,Ticketing / Refund,Resolved,Medium,Station Desk,143,48,Y,N
CASE001348,20250926,ST008,2025-09-26 07:03:00,2025-09-30 19:03:00,Lost Property,Resolved,Low,Email,108,72,Y,N
CASE001349,20250926,ST006,2025-09-26 16:39:00,,Delay Compensation,Pending Customer,Medium,Web Form,,96,N,Y
CASE001350,20250926,ST013,2025-09-26 17:45:00,,Ticketing / Refund,Open,Medium,Contact Centre,,48,N,Y
CASE001351,20250926,ST010,2025-09-26 07:03:00,2025-09-28 10:03:00,Cleanliness Complaint,Resolved,Medium,Station Desk,51,36,Y,N
CASE001352,20250927,ST014,2025-09-27 15:15:00,2025-10-02 09:15:00,Staff Conduct,Resolved,Medium,Web Form,114,72,Y,N
CASE001353,20250927,ST014,2025-09-27 20:33:00,2025-09-29 02:33:00,Service Disruption Complaint,Resolved,Medium,Contact Centre,30,72,N,N
CASE001354,20250927,ST008,2025-09-27 20:08:00,2025-09-29 21:08:00,Lost Property,Resolved,Medium,Station Desk,49,72,N,N
CASE001355,20250927,ST003,2025-09-27 19:51:00,2025-09-29 22:51:00,Delay Compensation,Resolved,Medium,Email,51,96,N,N
CASE001356,20250927,ST014,2025-09-27 18:24:00,,Accessibility Assistance,Pending Customer,Medium,Contact Centre,,12,N,N
CASE001357,20250928,ST001,2025-09-28 18:24:00,2025-10-02 22:24:00,Service Disruption Complaint,Resolved,Medium,Contact Centre,100,72,Y,N
CASE001358,20250928,ST006,2025-09-28 11:50:00,2025-09-30 06:50:00,Ticketing / Refund,Resolved,High,Mobile App,43,48,N,N
CASE001359,20250928,ST016,2025-09-28 19:48:00,2025-09-29 15:48:00,Information Request,Resolved,Low,Station Desk,20,24,N,N
CASE001360,20250928,ST006,2025-09-28 19:29:00,2025-09-29 04:29:00,Lost Property,Resolved,Medium,Mobile App,9,72,N,N
CASE001361,20250929,ST006,2025-09-29 14:50:00,2025-10-03 06:50:00,Service Disruption Complaint,Resolved,Low,Web Form,88,72,Y,N
CASE001362,20250929,ST012,2025-09-29 11:12:00,2025-09-29 22:12:00,Information Request,Resolved,Medium,Contact Centre,11,24,N,N
CASE001363,20250929,ST010,2025-09-29 08:24:00,2025-09-30 13:24:00,Information Request,Resolved,Medium,Email,29,24,Y,N
CASE001364,20250929,ST013,2025-09-29 14:28:00,2025-10-07 12:28:00,Ticketing / Refund,Resolved,Medium,Web Form,190,48,Y,N
CASE001365,20250929,ST016,2025-09-29 10:48:00,,Service Disruption Complaint,Escalated,Low,Contact Centre,,72,N,Y
CASE001366,20250929,ST005,2025-09-29 14:59:00,2025-10-01 17:59:00,Lost Property,Resolved,Low,Web Form,51,72,N,N
CASE001367,20250929,ST006,2025-09-29 12:43:00,2025-09-29 18:43:00,Lost Property,Resolved,Medium,Mobile App,6,72,N,N
CASE001368,20250930,ST002,2025-09-30 16:52:00,2025-10-02 03:52:00,Delay Compensation,Resolved,Low,Mobile App,35,96,N,N
CASE001369,20250930,ST004,2025-09-30 14:56:00,,Accessibility Assistance,Pending Customer,High,Web Form,,12,N,N
CASE001370,20250930,ST013,2025-09-30 11:45:00,2025-09-30 20:45:00,Information Request,Resolved,Low,Station Desk,9,24,N,N
CASE001371,20250930,ST009,2025-09-30 13:09:00,,Service Disruption Complaint,Open,Low,Web Form,,72,N,Y
CASE001372,20250930,ST013,2025-09-30 06:59:00,2025-10-04 17:59:00,Delay Compensation,Resolved,Medium,Email,107,96,Y,N
CASE001373,20250930,ST011,2025-09-30 14:36:00,,Delay Compensation,Pending Customer,Medium,Web Form,,96,N,N
CASE001374,20250930,ST003,2025-09-30 11:40:00,2025-10-02 12:40:00,Delay Compensation,Resolved,Low,Contact Centre,49,96,N,N
CASE001375,20250930,ST015,2025-09-30 11:56:00,2025-10-01 18:56:00,Information Request,Resolved,Medium,Email,31,24,Y,N
CASE001376,20251001,ST012,2025-10-01 17:01:00,2025-10-02 15:01:00,Cleanliness Complaint,Resolved,Medium,Contact Centre,22,36,N,N
CASE001377,20251001,ST007,2025-10-01 20:24:00,,Information Request,Open,Medium,Email,,24,N,Y
CASE001378,20251001,ST009,2025-10-01 14:28:00,2025-10-04 22:28:00,Delay Compensation,Resolved,Medium,Web Form,80,96,N,N
CASE001379,20251002,ST005,2025-10-02 09:44:00,2025-10-05 06:44:00,Staff Conduct,Resolved,Medium,Email,69,72,N,N
CASE001380,20251002,ST014,2025-10-02 20:31:00,2025-10-04 03:31:00,Ticketing / Refund,Resolved,Low,Station Desk,31,48,N,N
CASE001381,20251002,ST016,2025-10-02 20:33:00,2025-10-05 13:33:00,Ticketing / Refund,Resolved,Medium,Station Desk,65,48,Y,N
CASE001382,20251002,ST006,2025-10-02 19:35:00,2025-10-08 17:35:00,Delay Compensation,Resolved,High,Web Form,142,96,Y,N
CASE001383,20251003,ST001,2025-10-03 06:54:00,,Service Disruption Complaint,Pending Customer,Medium,Email,,72,N,N
CASE001384,20251003,ST014,2025-10-03 12:48:00,2025-10-04 07:48:00,Information Request,Resolved,Medium,Station Desk,19,24,N,Y
CASE001385,20251003,ST002,2025-10-03 14:17:00,2025-10-08 07:17:00,Delay Compensation,Resolved,Medium,Contact Centre,113,96,Y,N
CASE001386,20251003,ST006,2025-10-03 13:49:00,,Lost Property,Open,Medium,Mobile App,,72,N,N
CASE001387,20251003,ST011,2025-10-03 15:50:00,2025-10-05 03:50:00,Cleanliness Complaint,Resolved,High,Web Form,36,36,N,N
CASE001388,20251004,ST008,2025-10-04 21:49:00,2025-10-09 08:49:00,Staff Conduct,Resolved,Low,Contact Centre,107,72,Y,N
CASE001389,20251004,ST004,2025-10-04 07:04:00,2025-10-05 05:04:00,Lost Property,Resolved,Medium,Contact Centre,22,72,N,N
CASE001390,20251004,ST006,2025-10-04 06:17:00,2025-10-04 19:17:00,Information Request,Resolved,Low,Email,13,24,N,N
CASE001391,20251005,ST007,2025-10-05 07:41:00,2025-10-07 23:41:00,Ticketing / Refund,Resolved,Low,Mobile App,64,48,Y,N
CASE001392,20251005,ST013,2025-10-05 18:53:00,2025-10-10 08:53:00,Ticketing / Refund,Resolved,Low,Web Form,110,48,Y,N
CASE001393,20251005,ST010,2025-10-05 06:12:00,,Ticketing / Refund,Open,Medium,Email,,48,N,N
CASE001394,20251005,ST003,2025-10-05 07:02:00,2025-10-10 05:02:00,Delay Compensation,Resolved,Medium,Email,118,96,Y,Y
CASE001395,20251005,ST016,2025-10-05 10:30:00,2025-10-08 13:30:00,Service Disruption Complaint,Resolved,High,Mobile App,75,72,Y,N
CASE001396,20251006,ST014,2025-10-06 16:46:00,2025-10-06 17:46:00,Service Disruption Complaint,Resolved,Low,Web Form,1,72,N,N
CASE001397,20251006,ST012,2025-10-06 19:12:00,2025-10-13 08:12:00,Accessibility Assistance,Resolved,Medium,Station Desk,157,12,Y,N
CASE001398,20251006,ST003,2025-10-06 19:29:00,2025-10-09 22:29:00,Delay Compensation,Resolved,Low,Contact Centre,75,96,N,N
CASE001399,20251006,ST008,2025-10-06 17:23:00,2025-10-07 03:23:00,Accessibility Assistance,Resolved,Medium,Mobile App,10,12,N,Y
CASE001400,20251006,ST007,2025-10-06 17:04:00,2025-10-11 03:04:00,Service Disruption Complaint,Resolved,Low,Station Desk,106,72,Y,N
CASE001401,20251007,ST002,2025-10-07 15:16:00,2025-10-12 05:16:00,Delay Compensation,Resolved,Medium,Email,110,96,Y,Y
CASE001402,20251007,ST001,2025-10-07 19:59:00,2025-10-10 07:59:00,Service Disruption Complaint,Resolved,Medium,Mobile App,60,72,N,N
CASE001403,20251007,ST015,2025-10-07 22:05:00,2025-10-10 04:05:00,Lost Property,Resolved,Low,Web Form,54,72,N,N
CASE001404,20251007,ST010,2025-10-07 17:02:00,2025-10-11 04:02:00,Delay Compensation,Resolved,Low,Web Form,83,96,N,N
CASE001405,20251008,ST013,2025-10-08 17:17:00,2025-10-10 01:17:00,Lost Property,Resolved,Medium,Contact Centre,32,72,N,N
CASE001406,20251008,ST010,2025-10-08 16:01:00,2025-10-15 03:01:00,Cleanliness Complaint,Resolved,High,Mobile App,155,36,Y,N
CASE001407,20251008,ST004,2025-10-08 11:51:00,2025-10-10 17:51:00,Ticketing / Refund,Resolved,Medium,Station Desk,54,48,Y,N
CASE001408,20251009,ST015,2025-10-09 07:53:00,2025-10-09 08:53:00,Ticketing / Refund,Resolved,Low,Contact Centre,1,48,N,Y
CASE001409,20251009,ST014,2025-10-09 22:06:00,2025-10-13 00:06:00,Staff Conduct,Resolved,Medium,Web Form,74,72,Y,N
CASE001410,20251009,ST014,2025-10-09 14:52:00,2025-10-10 00:52:00,Accessibility Assistance,Resolved,Urgent,Email,10,12,N,N
CASE001411,20251009,ST004,2025-10-09 13:22:00,2025-10-09 14:22:00,Cleanliness Complaint,Resolved,Medium,Web Form,1,36,N,N
CASE001412,20251009,ST010,2025-10-09 19:50:00,2025-10-10 23:50:00,Information Request,Resolved,Low,Contact Centre,28,24,Y,N
CASE001413,20251009,ST014,2025-10-09 18:27:00,2025-10-11 08:27:00,Ticketing / Refund,Resolved,Low,Contact Centre,38,48,N,N
CASE001414,20251010,ST010,2025-10-10 09:31:00,,Service Disruption Complaint,Open,Low,Email,,72,N,Y
CASE001415,20251010,ST016,2025-10-10 09:24:00,,Lost Property,Pending Customer,Low,Contact Centre,,72,N,N
CASE001416,20251010,ST002,2025-10-10 18:31:00,2025-10-11 20:31:00,Delay Compensation,Resolved,High,Web Form,26,96,N,N
CASE001417,20251010,ST007,2025-10-10 09:13:00,2025-10-10 10:13:00,Ticketing / Refund,Resolved,Low,Contact Centre,1,48,N,Y
CASE001418,20251010,ST016,2025-10-10 13:58:00,2025-10-17 00:58:00,Delay Compensation,Resolved,Low,Web Form,155,96,Y,N
CASE001419,20251010,ST007,2025-10-10 07:41:00,2025-10-18 02:41:00,Delay Compensation,Resolved,Medium,Contact Centre,187,96,Y,N
CASE001420,20251011,ST009,2025-10-11 14:20:00,2025-10-12 17:20:00,Information Request,Resolved,Medium,Web Form,27,24,Y,Y
CASE001421,20251011,ST002,2025-10-11 07:51:00,2025-10-13 14:51:00,Service Disruption Complaint,Resolved,High,Email,55,72,N,N
CASE001422,20251011,ST002,2025-10-11 18:05:00,2025-10-11 20:05:00,Lost Property,Resolved,Medium,Mobile App,2,72,N,N
CASE001423,20251011,ST001,2025-10-11 12:44:00,,Service Disruption Complaint,Open,Medium,Web Form,,72,N,N
CASE001424,20251011,ST006,2025-10-11 19:55:00,,Service Disruption Complaint,Pending Customer,Medium,Station Desk,,72,N,N
CASE001425,20251011,ST006,2025-10-11 10:28:00,2025-10-13 08:28:00,Ticketing / Refund,Resolved,Medium,Station Desk,46,48,N,N
CASE001426,20251012,ST012,2025-10-12 19:11:00,,Service Disruption Complaint,Open,Medium,Station Desk,,72,N,N
CASE001427,20251012,ST010,2025-10-12 19:56:00,2025-10-14 22:56:00,Delay Compensation,Resolved,Low,Email,51,96,N,Y
CASE001428,20251012,ST014,2025-10-12 08:34:00,2025-10-14 04:34:00,Ticketing / Refund,Resolved,Low,Mobile App,44,48,N,Y
CASE001429,20251012,ST012,2025-10-12 15:07:00,2025-10-13 12:07:00,Information Request,Resolved,Low,Email,21,24,N,N
CASE001430,20251013,ST009,2025-10-13 07:44:00,2025-10-15 05:44:00,Ticketing / Refund,Resolved,Low,Email,46,48,N,N
CASE001431,20251013,ST003,2025-10-13 22:48:00,2025-10-14 05:48:00,Service Disruption Complaint,Resolved,Medium,Mobile App,7,72,N,Y
CASE001432,20251013,ST001,2025-10-13 07:52:00,2025-10-14 06:52:00,Information Request,Resolved,Medium,Station Desk,23,24,N,N
CASE001433,20251013,ST006,2025-10-13 08:30:00,2025-10-14 06:30:00,Information Request,Resolved,Medium,Email,22,24,N,N
CASE001434,20251013,ST001,2025-10-13 09:23:00,2025-10-15 08:23:00,Staff Conduct,Resolved,Medium,Email,47,72,N,N
CASE001435,20251013,ST009,2025-10-13 22:13:00,2025-10-13 23:13:00,Information Request,Resolved,Medium,Contact Centre,1,24,N,N
CASE001436,20251013,ST010,2025-10-13 07:24:00,,Service Disruption Complaint,Open,Medium,Mobile App,,72,N,N
CASE001437,20251013,ST013,2025-10-13 19:12:00,2025-10-14 19:12:00,Ticketing / Refund,Resolved,Urgent,Mobile App,24,48,N,N
CASE001438,20251013,ST008,2025-10-13 13:40:00,2025-10-13 22:40:00,Information Request,Resolved,Medium,Email,9,24,N,N
CASE001439,20251014,ST005,2025-10-14 15:57:00,2025-10-17 06:57:00,Lost Property,Resolved,Medium,Contact Centre,63,72,N,N
CASE001440,20251014,ST003,2025-10-14 08:57:00,2025-10-15 11:57:00,Accessibility Assistance,Resolved,Medium,Station Desk,27,12,Y,N
CASE001441,20251014,ST002,2025-10-14 21:37:00,2025-10-18 12:37:00,Delay Compensation,Resolved,High,Email,87,96,N,N
CASE001442,20251014,ST014,2025-10-14 07:12:00,2025-10-14 19:12:00,Information Request,Resolved,Medium,Mobile App,12,24,N,N
CASE001443,20251014,ST003,2025-10-14 21:46:00,2025-10-15 15:46:00,Accessibility Assistance,Resolved,Medium,Mobile App,18,12,Y,N
CASE001444,20251015,ST015,2025-10-15 20:22:00,2025-10-18 01:22:00,Lost Property,Resolved,Medium,Mobile App,53,72,N,N
CASE001445,20251015,ST001,2025-10-15 09:08:00,2025-10-22 12:08:00,Lost Property,Resolved,Low,Email,171,72,Y,N
CASE001446,20251015,ST015,2025-10-15 19:00:00,2025-10-18 20:00:00,Information Request,Resolved,Medium,Station Desk,73,24,Y,N
CASE001447,20251015,ST016,2025-10-15 08:18:00,,Ticketing / Refund,Open,Medium,Email,,48,N,Y
CASE001448,20251015,ST010,2025-10-15 19:31:00,2025-10-16 23:31:00,Delay Compensation,Resolved,Medium,Web Form,28,96,N,N
CASE001449,20251015,ST005,2025-10-15 20:06:00,2025-10-25 00:06:00,Lost Property,Resolved,Medium,Station Desk,220,72,Y,N
CASE001450,20251016,ST002,2025-10-16 15:53:00,2025-10-20 19:53:00,Cleanliness Complaint,Resolved,Low,Web Form,100,36,Y,Y
CASE001451,20251016,ST002,2025-10-16 06:14:00,2025-10-16 19:14:00,Information Request,Resolved,High,Contact Centre,13,24,N,Y
CASE001452,20251016,ST001,2025-10-16 09:06:00,2025-10-18 21:06:00,Service Disruption Complaint,Resolved,Medium,Web Form,60,72,N,N
CASE001453,20251016,ST006,2025-10-16 22:48:00,2025-10-20 13:48:00,Service Disruption Complaint,Resolved,Medium,Email,87,72,Y,N
CASE001454,20251017,ST015,2025-10-17 16:14:00,2025-10-21 09:14:00,Delay Compensation,Resolved,Medium,Contact Centre,89,96,N,N
CASE001455,20251017,ST014,2025-10-17 21:30:00,,Delay Compensation,Pending Customer,High,Station Desk,,96,N,Y
CASE001456,20251017,ST007,2025-10-17 13:32:00,2025-10-23 03:32:00,Ticketing / Refund,Resolved,Low,Contact Centre,134,48,Y,N
CASE001457,20251017,ST005,2025-10-17 07:06:00,2025-10-17 15:06:00,Cleanliness Complaint,Resolved,Medium,Contact Centre,8,36,N,N
CASE001458,20251017,ST001,2025-10-17 15:27:00,2025-10-21 19:27:00,Lost Property,Resolved,Medium,Station Desk,100,72,Y,N
CASE001459,20251018,ST010,2025-10-18 16:16:00,2025-10-21 06:16:00,Ticketing / Refund,Resolved,Medium,Contact Centre,62,48,Y,Y
CASE001460,20251018,ST012,2025-10-18 11:59:00,2025-10-18 20:59:00,Delay Compensation,Resolved,Low,Email,9,96,N,N
CASE001461,20251018,ST014,2025-10-18 06:11:00,2025-10-19 13:11:00,Information Request,Resolved,Medium,Email,31,24,Y,N
CASE001462,20251018,ST014,2025-10-18 16:22:00,2025-10-25 15:22:00,Information Request,Resolved,Medium,Mobile App,167,24,Y,Y
CASE001463,20251018,ST014,2025-10-18 16:59:00,,Information Request,Pending Customer,Low,Contact Centre,,24,N,N
CASE001464,20251019,ST008,2025-10-19 15:27:00,,Staff Conduct,Pending Customer,High,Contact Centre,,72,N,N
CASE001465,20251019,ST003,2025-10-19 14:11:00,2025-10-19 22:11:00,Accessibility Assistance,Resolved,Medium,Contact Centre,8,12,N,N
CASE001466,20251019,ST003,2025-10-19 17:01:00,2025-10-20 00:01:00,Accessibility Assistance,Resolved,Low,Contact Centre,7,12,N,N
CASE001467,20251019,ST015,2025-10-19 08:56:00,2025-10-20 08:56:00,Ticketing / Refund,Resolved,Medium,Station Desk,24,48,N,Y
CASE001468,20251019,ST006,2025-10-19 14:39:00,2025-10-19 15:39:00,Delay Compensation,Resolved,Low,Web Form,1,96,N,Y
CASE001469,20251019,ST011,2025-10-19 19:24:00,2025-10-21 06:24:00,Delay Compensation,Resolved,Medium,Web Form,35,96,N,N
CASE001470,20251020,ST002,2025-10-20 13:02:00,2025-10-21 07:02:00,Ticketing / Refund,Resolved,Medium,Web Form,18,48,N,Y
CASE001471,20251020,ST001,2025-10-20 12:26:00,,Service Disruption Complaint,Pending Customer,High,Contact Centre,,72,N,N
CASE001472,20251020,ST002,2025-10-20 14:43:00,2025-10-24 21:43:00,Service Disruption Complaint,Resolved,Low,Email,103,72,Y,N
CASE001473,20251020,ST003,2025-10-20 19:54:00,2025-10-22 18:54:00,Ticketing / Refund,Resolved,Urgent,Mobile App,47,48,N,N
CASE001474,20251021,ST015,2025-10-21 16:58:00,2025-10-23 18:58:00,Delay Compensation,Resolved,Medium,Station Desk,50,96,N,N
CASE001475,20251021,ST008,2025-10-21 06:39:00,2025-10-21 07:39:00,Service Disruption Complaint,Resolved,High,Station Desk,1,72,N,N
CASE001476,20251021,ST006,2025-10-21 16:07:00,2025-10-24 09:07:00,Ticketing / Refund,Resolved,Medium,Web Form,65,48,Y,N
CASE001477,20251021,ST008,2025-10-21 13:37:00,2025-10-26 02:37:00,Service Disruption Complaint,Resolved,Urgent,Contact Centre,109,72,Y,N
CASE001478,20251021,ST001,2025-10-21 14:33:00,2025-10-24 16:33:00,Delay Compensation,Resolved,Low,Station Desk,74,96,N,Y
CASE001479,20251021,ST001,2025-10-21 21:02:00,,Service Disruption Complaint,Open,Medium,Station Desk,,72,N,N
CASE001480,20251022,ST001,2025-10-22 18:14:00,2025-10-25 17:14:00,Delay Compensation,Resolved,Medium,Email,71,96,N,N
CASE001481,20251022,ST003,2025-10-22 10:42:00,2025-10-23 13:42:00,Ticketing / Refund,Resolved,Medium,Mobile App,27,48,N,N
CASE001482,20251022,ST003,2025-10-22 16:25:00,2025-10-24 19:25:00,Lost Property,Resolved,High,Station Desk,51,72,N,N
CASE001483,20251023,ST004,2025-10-23 10:58:00,2025-10-25 23:58:00,Staff Conduct,Resolved,Low,Contact Centre,61,72,N,N
CASE001484,20251023,ST010,2025-10-23 14:54:00,2025-10-27 07:54:00,Lost Property,Resolved,Medium,Email,89,72,Y,Y
CASE001485,20251023,ST004,2025-10-23 20:10:00,2025-10-28 21:10:00,Lost Property,Resolved,Low,Contact Centre,121,72,Y,N
CASE001486,20251023,ST009,2025-10-23 07:42:00,,Service Disruption Complaint,Pending Customer,Medium,Contact Centre,,72,N,N
CASE001487,20251024,ST007,2025-10-24 06:19:00,2025-10-25 00:19:00,Accessibility Assistance,Resolved,Medium,Station Desk,18,12,Y,N
CASE001488,20251024,ST010,2025-10-24 18:49:00,2025-10-28 21:49:00,Staff Conduct,Resolved,Medium,Email,99,72,Y,N
CASE001489,20251024,ST008,2025-10-24 13:30:00,2025-10-27 01:30:00,Lost Property,Resolved,Medium,Mobile App,60,72,N,N
CASE001490,20251024,ST005,2025-10-24 06:52:00,2025-10-25 03:52:00,Service Disruption Complaint,Resolved,Low,Contact Centre,21,72,N,N
CASE001491,20251024,ST015,2025-10-24 12:36:00,2025-10-25 01:36:00,Accessibility Assistance,Resolved,Low,Mobile App,13,12,Y,Y
CASE001492,20251024,ST006,2025-10-24 13:05:00,2025-10-28 16:05:00,Staff Conduct,Resolved,High,Web Form,99,72,Y,N
CASE001493,20251025,ST010,2025-10-25 20:00:00,,Delay Compensation,Escalated,Medium,Station Desk,,96,N,Y
CASE001494,20251025,ST001,2025-10-25 17:12:00,,Accessibility Assistance,Pending Customer,High,Mobile App,,12,N,N
CASE001495,20251025,ST014,2025-10-25 08:00:00,2025-10-27 04:00:00,Staff Conduct,Resolved,Medium,Web Form,44,72,N,Y
CASE001496,20251025,ST002,2025-10-25 18:19:00,,Information Request,Pending Customer,Low,Contact Centre,,24,N,N
CASE001497,20251025,ST011,2025-10-25 19:25:00,2025-10-31 22:25:00,Delay Compensation,Resolved,Medium,Web Form,147,96,Y,Y
CASE001498,20251025,ST005,2025-10-25 17:56:00,2025-10-27 01:56:00,Information Request,Resolved,High,Web Form,32,24,Y,N
CASE001499,20251026,ST010,2025-10-26 17:18:00,,Service Disruption Complaint,Pending Customer,Medium,Mobile App,,72,N,N
CASE001500,20251026,ST010,2025-10-26 11:25:00,2025-10-26 23:25:00,Accessibility Assistance,Resolved,Medium,Web Form,12,12,N,N
CASE001501,20251026,ST015,2025-10-26 16:25:00,,Service Disruption Complaint,Escalated,Medium,Mobile App,,72,N,N
CASE001502,20251026,ST009,2025-10-26 16:11:00,2025-10-26 17:11:00,Delay Compensation,Resolved,Medium,Station Desk,1,96,N,N
CASE001503,20251026,ST009,2025-10-26 17:29:00,2025-10-29 21:29:00,Service Disruption Complaint,Resolved,Medium,Station Desk,76,72,Y,N
CASE001504,20251026,ST001,2025-10-26 19:43:00,2025-11-02 06:43:00,Accessibility Assistance,Resolved,Medium,Contact Centre,155,12,Y,Y
CASE001505,20251026,ST001,2025-10-26 15:19:00,2025-10-29 01:19:00,Service Disruption Complaint,Resolved,High,Station Desk,58,72,N,N
CASE001506,20251027,ST014,2025-10-27 19:31:00,,Delay Compensation,Open,Medium,Station Desk,,96,N,N
CASE001507,20251027,ST006,2025-10-27 22:44:00,2025-10-27 23:44:00,Accessibility Assistance,Resolved,Medium,Email,1,12,N,N
CASE001508,20251027,ST005,2025-10-27 10:56:00,,Information Request,Pending Customer,High,Web Form,,24,N,Y
CASE001509,20251027,ST002,2025-10-27 20:35:00,,Service Disruption Complaint,Open,Medium,Email,,72,N,N
CASE001510,20251027,ST016,2025-10-27 13:03:00,2025-10-28 17:03:00,Delay Compensation,Resolved,Medium,Contact Centre,28,96,N,N
CASE001511,20251028,ST010,2025-10-28 22:01:00,2025-10-31 01:01:00,Ticketing / Refund,Resolved,Medium,Email,51,48,Y,N
CASE001512,20251028,ST008,2025-10-28 18:13:00,,Accessibility Assistance,Pending Customer,Urgent,Web Form,,12,N,N
CASE001513,20251028,ST013,2025-10-28 08:02:00,2025-10-31 21:02:00,Lost Property,Resolved,Medium,Station Desk,85,72,Y,N
CASE001514,20251028,ST010,2025-10-28 21:40:00,2025-11-05 16:40:00,Lost Property,Resolved,High,Mobile App,187,72,Y,N
CASE001515,20251028,ST013,2025-10-28 22:35:00,,Delay Compensation,Pending Customer,Urgent,Contact Centre,,96,N,N
CASE001516,20251029,ST007,2025-10-29 17:43:00,2025-11-02 00:43:00,Service Disruption Complaint,Resolved,Medium,Station Desk,79,72,Y,N
CASE001517,20251029,ST009,2025-10-29 10:26:00,2025-11-03 07:26:00,Ticketing / Refund,Resolved,Low,Web Form,117,48,Y,N
CASE001518,20251030,ST004,2025-10-30 07:47:00,2025-11-01 08:47:00,Lost Property,Resolved,Low,Station Desk,49,72,N,Y
CASE001519,20251030,ST014,2025-10-30 17:09:00,2025-10-30 18:09:00,Accessibility Assistance,Resolved,Low,Contact Centre,1,12,N,N
CASE001520,20251030,ST016,2025-10-30 09:44:00,2025-11-03 06:44:00,Lost Property,Resolved,Low,Email,93,72,Y,N
CASE001521,20251031,ST015,2025-10-31 21:48:00,2025-11-01 12:48:00,Accessibility Assistance,Resolved,Medium,Station Desk,15,12,Y,N
CASE001522,20251031,ST005,2025-10-31 15:33:00,2025-11-01 18:33:00,Ticketing / Refund,Resolved,Low,Web Form,27,48,N,N
CASE001523,20251031,ST008,2025-10-31 15:36:00,,Ticketing / Refund,Pending Customer,Medium,Web Form,,48,N,N
CASE001524,20251031,ST006,2025-10-31 15:48:00,,Ticketing / Refund,Pending Customer,High,Web Form,,48,N,N
CASE001525,20251031,ST006,2025-10-31 19:38:00,2025-11-03 02:38:00,Service Disruption Complaint,Resolved,High,Web Form,55,72,N,N
CASE001526,20251101,ST002,2025-11-01 18:45:00,,Information Request,Open,Medium,Web Form,,24,N,N
CASE001527,20251101,ST010,2025-11-01 08:57:00,2025-11-03 20:57:00,Lost Property,Resolved,Low,Email,60,72,N,N
CASE001528,20251101,ST014,2025-11-01 22:57:00,2025-11-11 02:57:00,Service Disruption Complaint,Resolved,Medium,Web Form,220,72,Y,N
CASE001529,20251101,ST002,2025-11-01 14:23:00,,Cleanliness Complaint,Pending Customer,Urgent,Contact Centre,,36,N,N
CASE001530,20251101,ST003,2025-11-01 20:01:00,,Cleanliness Complaint,Escalated,Urgent,Email,,36,N,N
CASE001531,20251101,ST010,2025-11-01 15:24:00,2025-11-02 07:24:00,Cleanliness Complaint,Resolved,Low,Station Desk,16,36,N,N
CASE001532,20251102,ST003,2025-11-02 20:20:00,2025-11-10 20:20:00,Delay Compensation,Resolved,Medium,Mobile App,192,96,Y,N
CASE001533,20251102,ST008,2025-11-02 20:33:00,2025-11-07 01:33:00,Ticketing / Refund,Resolved,Medium,Contact Centre,101,48,Y,N
CASE001534,20251102,ST004,2025-11-02 06:09:00,,Accessibility Assistance,Open,Medium,Contact Centre,,12,N,N
CASE001535,20251102,ST015,2025-11-02 18:59:00,2025-11-04 07:59:00,Ticketing / Refund,Resolved,Medium,Email,37,48,N,Y
CASE001536,20251102,ST009,2025-11-02 10:40:00,2025-11-06 18:40:00,Lost Property,Resolved,Low,Email,104,72,Y,N
CASE001537,20251102,ST004,2025-11-02 22:26:00,2025-11-03 14:26:00,Accessibility Assistance,Resolved,High,Email,16,12,Y,N
CASE001538,20251103,ST014,2025-11-03 10:16:00,2025-11-04 17:16:00,Staff Conduct,Resolved,High,Web Form,31,72,N,N
CASE001539,20251103,ST004,2025-11-03 11:20:00,,Accessibility Assistance,Pending Customer,Urgent,Web Form,,12,N,N
CASE001540,20251103,ST003,2025-11-03 15:43:00,,Information Request,Pending Customer,Medium,Contact Centre,,24,N,N
CASE001541,20251103,ST015,2025-11-03 10:15:00,2025-11-03 11:15:00,Service Disruption Complaint,Resolved,Low,Mobile App,1,72,N,N
CASE001542,20251103,ST010,2025-11-03 18:31:00,2025-11-09 14:31:00,Accessibility Assistance,Resolved,Medium,Email,140,12,Y,N
CASE001543,20251103,ST003,2025-11-03 17:00:00,2025-11-04 12:00:00,Service Disruption Complaint,Resolved,Urgent,Email,19,72,N,N
CASE001544,20251103,ST004,2025-11-03 07:06:00,2025-11-04 15:06:00,Information Request,Resolved,Low,Web Form,32,24,Y,N
CASE001545,20251103,ST012,2025-11-03 13:33:00,2025-11-06 12:33:00,Service Disruption Complaint,Resolved,Medium,Mobile App,71,72,N,N
CASE001546,20251104,ST007,2025-11-04 13:25:00,2025-11-08 16:25:00,Service Disruption Complaint,Resolved,Medium,Mobile App,99,72,Y,N
CASE001547,20251104,ST006,2025-11-04 11:22:00,2025-11-06 23:22:00,Service Disruption Complaint,Resolved,Medium,Web Form,60,72,N,N
CASE001548,20251104,ST004,2025-11-04 15:02:00,2025-11-06 12:02:00,Delay Compensation,Resolved,Medium,Station Desk,45,96,N,N
CASE001549,20251104,ST016,2025-11-04 17:53:00,2025-11-07 03:53:00,Delay Compensation,Resolved,Low,Station Desk,58,96,N,N
CASE001550,20251104,ST007,2025-11-04 07:49:00,2025-11-07 00:49:00,Staff Conduct,Resolved,Medium,Station Desk,65,72,N,N
CASE001551,20251105,ST004,2025-11-05 19:51:00,,Service Disruption Complaint,Open,Low,Contact Centre,,72,N,N
CASE001552,20251105,ST015,2025-11-05 10:36:00,2025-11-08 01:36:00,Service Disruption Complaint,Resolved,High,Station Desk,63,72,N,Y
CASE001553,20251105,ST009,2025-11-05 13:44:00,2025-11-10 01:44:00,Delay Compensation,Resolved,Medium,Contact Centre,108,96,Y,N
CASE001554,20251105,ST003,2025-11-05 13:21:00,2025-11-08 03:21:00,Delay Compensation,Resolved,Urgent,Station Desk,62,96,N,N
CASE001555,20251105,ST009,2025-11-05 11:49:00,2025-11-05 21:49:00,Service Disruption Complaint,Resolved,High,Contact Centre,10,72,N,N
CASE001556,20251105,ST011,2025-11-05 20:55:00,2025-11-08 05:55:00,Service Disruption Complaint,Resolved,Low,Station Desk,57,72,N,N
CASE001557,20251105,ST006,2025-11-05 20:52:00,,Service Disruption Complaint,Open,Medium,Web Form,,72,N,N
CASE001558,20251106,ST006,2025-11-06 09:45:00,2025-11-07 07:45:00,Information Request,Resolved,Medium,Web Form,22,24,N,N
CASE001559,20251106,ST004,2025-11-06 10:53:00,,Information Request,Pending Customer,Medium,Web Form,,24,N,N
CASE001560,20251106,ST012,2025-11-06 06:07:00,2025-11-06 20:07:00,Accessibility Assistance,Resolved,Low,Station Desk,14,12,Y,N
CASE001561,20251107,ST003,2025-11-07 19:47:00,,Delay Compensation,Open,Medium,Contact Centre,,96,N,N
CASE001562,20251107,ST006,2025-11-07 14:45:00,2025-11-08 01:45:00,Accessibility Assistance,Resolved,High,Contact Centre,11,12,N,N
CASE001563,20251107,ST006,2025-11-07 06:56:00,,Cleanliness Complaint,Pending Customer,Medium,Web Form,,36,N,N
CASE001564,20251108,ST003,2025-11-08 18:22:00,2025-11-08 20:22:00,Ticketing / Refund,Resolved,Urgent,Mobile App,2,48,N,Y
CASE001565,20251108,ST004,2025-11-08 14:06:00,2025-11-08 17:06:00,Cleanliness Complaint,Resolved,Medium,Station Desk,3,36,N,N
CASE001566,20251108,ST001,2025-11-08 20:51:00,2025-11-10 20:51:00,Service Disruption Complaint,Resolved,Medium,Mobile App,48,72,N,N
CASE001567,20251108,ST007,2025-11-08 15:15:00,2025-11-11 10:15:00,Cleanliness Complaint,Resolved,High,Station Desk,67,36,Y,N
CASE001568,20251108,ST001,2025-11-08 07:03:00,2025-11-08 11:03:00,Service Disruption Complaint,Resolved,Medium,Station Desk,4,72,N,N
CASE001569,20251108,ST008,2025-11-08 10:24:00,,Lost Property,Escalated,Medium,Station Desk,,72,N,N
CASE001570,20251108,ST010,2025-11-08 13:40:00,2025-11-11 07:40:00,Lost Property,Resolved,Medium,Station Desk,66,72,N,Y
CASE001571,20251109,ST002,2025-11-09 06:36:00,,Service Disruption Complaint,Open,Medium,Mobile App,,72,N,N
CASE001572,20251109,ST006,2025-11-09 13:33:00,2025-11-11 03:33:00,Delay Compensation,Resolved,Low,Web Form,38,96,N,Y
CASE001573,20251109,ST003,2025-11-09 07:45:00,2025-11-09 21:45:00,Service Disruption Complaint,Resolved,Medium,Mobile App,14,72,N,N
CASE001574,20251110,ST016,2025-11-10 06:22:00,2025-11-10 07:22:00,Staff Conduct,Resolved,Urgent,Mobile App,1,72,N,N
CASE001575,20251110,ST016,2025-11-10 10:55:00,2025-11-16 19:55:00,Service Disruption Complaint,Resolved,High,Web Form,153,72,Y,Y
CASE001576,20251110,ST016,2025-11-10 21:38:00,2025-11-11 18:38:00,Information Request,Resolved,Low,Mobile App,21,24,N,N
CASE001577,20251110,ST005,2025-11-10 21:48:00,,Delay Compensation,Pending Customer,Medium,Contact Centre,,96,N,Y
CASE001578,20251110,ST013,2025-11-10 20:47:00,,Cleanliness Complaint,Pending Customer,Low,Station Desk,,36,N,N
CASE001579,20251110,ST002,2025-11-10 11:05:00,,Accessibility Assistance,Pending Customer,Medium,Mobile App,,12,N,Y
CASE001580,20251110,ST007,2025-11-10 21:16:00,2025-11-15 08:16:00,Lost Property,Resolved,Low,Email,107,72,Y,N
CASE001581,20251111,ST004,2025-11-11 19:39:00,,Delay Compensation,Open,Medium,Contact Centre,,96,N,N
CASE001582,20251111,ST006,2025-11-11 20:13:00,2025-11-19 10:13:00,Ticketing / Refund,Resolved,Medium,Mobile App,182,48,Y,N
CASE001583,20251111,ST002,2025-11-11 22:37:00,,Cleanliness Complaint,Open,Medium,Email,,36,N,N
CASE001584,20251111,ST002,2025-11-11 08:34:00,2025-11-12 17:34:00,Service Disruption Complaint,Resolved,Medium,Mobile App,33,72,N,N
CASE001585,20251112,ST006,2025-11-12 22:59:00,2025-11-17 04:59:00,Staff Conduct,Resolved,High,Mobile App,102,72,Y,N
CASE001586,20251112,ST010,2025-11-12 21:37:00,2025-11-16 02:37:00,Service Disruption Complaint,Resolved,Medium,Email,77,72,Y,N
CASE001587,20251112,ST010,2025-11-12 09:54:00,,Lost Property,Pending Customer,High,Mobile App,,72,N,N
CASE001588,20251112,ST003,2025-11-12 17:01:00,,Service Disruption Complaint,Pending Customer,Low,Contact Centre,,72,N,N
CASE001589,20251112,ST007,2025-11-12 09:37:00,,Staff Conduct,Pending Customer,Low,Station Desk,,72,N,N
CASE001590,20251113,ST004,2025-11-13 08:39:00,2025-11-15 08:39:00,Staff Conduct,Resolved,Low,Contact Centre,48,72,N,N
CASE001591,20251113,ST001,2025-11-13 09:42:00,2025-11-14 01:42:00,Lost Property,Resolved,Medium,Email,16,72,N,N
CASE001592,20251113,ST004,2025-11-13 19:42:00,2025-11-16 01:42:00,Ticketing / Refund,Resolved,Medium,Web Form,54,48,Y,N
CASE001593,20251113,ST001,2025-11-13 11:10:00,2025-11-14 02:10:00,Information Request,Resolved,High,Web Form,15,24,N,N
CASE001594,20251113,ST001,2025-11-13 18:32:00,2025-11-16 22:32:00,Delay Compensation,Resolved,Low,Web Form,76,96,N,N
CASE001595,20251113,ST010,2025-11-13 07:25:00,,Accessibility Assistance,Pending Customer,Low,Mobile App,,12,N,N
CASE001596,20251114,ST015,2025-11-14 12:03:00,2025-11-20 15:03:00,Service Disruption Complaint,Resolved,Medium,Web Form,147,72,Y,N
CASE001597,20251114,ST001,2025-11-14 11:00:00,,Lost Property,Escalated,Low,Station Desk,,72,N,Y
CASE001598,20251114,ST012,2025-11-14 14:55:00,2025-11-20 13:55:00,Staff Conduct,Resolved,Medium,Contact Centre,143,72,Y,N
CASE001599,20251115,ST007,2025-11-15 21:04:00,2025-11-26 13:04:00,Staff Conduct,Resolved,Low,Mobile App,256,72,Y,N
CASE001600,20251115,ST012,2025-11-15 11:43:00,2025-11-16 12:43:00,Lost Property,Resolved,Medium,Email,25,72,N,N
CASE001601,20251115,ST001,2025-11-15 15:21:00,,Lost Property,Open,High,Mobile App,,72,N,N
CASE001602,20251115,ST007,2025-11-15 07:32:00,2025-11-21 18:32:00,Lost Property,Resolved,High,Web Form,155,72,Y,N
CASE001603,20251115,ST001,2025-11-15 13:54:00,2025-11-19 01:54:00,Delay Compensation,Resolved,Low,Email,84,96,N,N
CASE001604,20251115,ST007,2025-11-15 18:29:00,,Ticketing / Refund,Open,Low,Mobile App,,48,N,N
CASE001605,20251115,ST010,2025-11-15 08:17:00,2025-11-17 06:17:00,Ticketing / Refund,Resolved,Medium,Contact Centre,46,48,N,Y
CASE001606,20251115,ST002,2025-11-15 21:21:00,2025-11-16 10:21:00,Accessibility Assistance,Resolved,Medium,Email,13,12,Y,N
CASE001607,20251116,ST004,2025-11-16 19:35:00,2025-11-20 00:35:00,Lost Property,Resolved,Low,Web Form,77,72,Y,N
CASE001608,20251116,ST016,2025-11-16 19:59:00,,Delay Compensation,Open,Medium,Station Desk,,96,N,N
CASE001609,20251116,ST010,2025-11-16 18:54:00,2025-11-18 20:54:00,Ticketing / Refund,Resolved,Medium,Email,50,48,Y,Y
CASE001610,20251116,ST008,2025-11-16 09:37:00,2025-11-17 01:37:00,Information Request,Resolved,Urgent,Station Desk,16,24,N,N
CASE001611,20251116,ST001,2025-11-16 22:57:00,,Service Disruption Complaint,Pending Customer,Medium,Web Form,,72,N,Y
CASE001612,20251117,ST004,2025-11-17 08:16:00,2025-11-20 04:16:00,Staff Conduct,Resolved,Low,Email,68,72,N,N
CASE001613,20251117,ST001,2025-11-17 12:16:00,2025-11-17 22:16:00,Information Request,Resolved,Low,Email,10,24,N,N
CASE001614,20251117,ST008,2025-11-17 21:23:00,,Cleanliness Complaint,Pending Customer,Low,Mobile App,,36,N,N
CASE001615,20251117,ST013,2025-11-17 10:16:00,,Cleanliness Complaint,Pending Customer,Low,Web Form,,36,N,N
CASE001616,20251117,ST014,2025-11-17 11:46:00,2025-11-17 23:46:00,Information Request,Resolved,Medium,Contact Centre,12,24,N,N
CASE001617,20251117,ST001,2025-11-17 21:00:00,,Ticketing / Refund,Escalated,High,Mobile App,,48,N,N
CASE001618,20251118,ST010,2025-11-18 21:19:00,,Delay Compensation,Open,High,Mobile App,,96,N,N
CASE001619,20251118,ST001,2025-11-18 20:06:00,2025-11-19 02:06:00,Delay Compensation,Resolved,High,Email,6,96,N,N
CASE001620,20251118,ST014,2025-11-18 14:22:00,2025-11-19 01:22:00,Accessibility Assistance,Resolved,Low,Email,11,12,N,N
CASE001621,20251118,ST011,2025-11-18 11:57:00,2025-11-26 14:57:00,Lost Property,Resolved,Medium,Web Form,195,72,Y,N
CASE001622,20251119,ST002,2025-11-19 16:28:00,,Ticketing / Refund,Open,Medium,Web Form,,48,N,N
CASE001623,20251119,ST013,2025-11-19 18:01:00,2025-11-23 22:01:00,Delay Compensation,Resolved,High,Email,100,96,Y,N
CASE001624,20251119,ST013,2025-11-19 14:37:00,,Lost Property,Open,Urgent,Web Form,,72,N,Y
CASE001625,20251119,ST009,2025-11-19 10:20:00,2025-11-22 00:20:00,Ticketing / Refund,Resolved,Medium,Email,62,48,Y,Y
CASE001626,20251119,ST008,2025-11-19 11:55:00,,Cleanliness Complaint,Open,Medium,Web Form,,36,N,N
CASE001627,20251119,ST010,2025-11-19 16:50:00,,Accessibility Assistance,Pending Customer,Low,Contact Centre,,12,N,N
CASE001628,20251120,ST016,2025-11-20 22:08:00,,Ticketing / Refund,Pending Customer,Medium,Contact Centre,,48,N,N
CASE001629,20251120,ST006,2025-11-20 14:32:00,2025-11-21 07:32:00,Accessibility Assistance,Resolved,Medium,Station Desk,17,12,Y,N
CASE001630,20251120,ST013,2025-11-20 16:18:00,2025-11-22 11:18:00,Lost Property,Resolved,Medium,Mobile App,43,72,N,N
CASE001631,20251120,ST004,2025-11-20 12:41:00,2025-11-22 15:41:00,Ticketing / Refund,Resolved,Medium,Contact Centre,51,48,Y,Y
CASE001632,20251120,ST006,2025-11-20 20:56:00,2025-11-21 19:56:00,Ticketing / Refund,Resolved,Medium,Contact Centre,23,48,N,N
CASE001633,20251120,ST008,2025-11-20 07:35:00,2025-11-22 18:35:00,Lost Property,Resolved,Medium,Web Form,59,72,N,N
CASE001634,20251120,ST014,2025-11-20 08:27:00,2025-11-25 04:27:00,Service Disruption Complaint,Resolved,Medium,Web Form,116,72,Y,N
CASE001635,20251120,ST010,2025-11-20 22:27:00,2025-11-22 07:27:00,Information Request,Resolved,Medium,Email,33,24,Y,Y
CASE001636,20251121,ST013,2025-11-21 09:19:00,2025-11-27 02:19:00,Ticketing / Refund,Resolved,High,Station Desk,137,48,Y,Y
CASE001637,20251121,ST010,2025-11-21 20:03:00,2025-11-25 08:03:00,Service Disruption Complaint,Resolved,Low,Mobile App,84,72,Y,N
CASE001638,20251121,ST015,2025-11-21 14:48:00,2025-11-21 21:48:00,Delay Compensation,Resolved,Medium,Email,7,96,N,N
CASE001639,20251121,ST016,2025-11-21 18:01:00,2025-11-26 04:01:00,Delay Compensation,Resolved,High,Web Form,106,96,Y,N
CASE001640,20251121,ST001,2025-11-21 13:20:00,,Accessibility Assistance,Open,Urgent,Mobile App,,12,N,N
CASE001641,20251121,ST012,2025-11-21 13:56:00,2025-11-22 11:56:00,Ticketing / Refund,Resolved,Medium,Contact Centre,22,48,N,Y
CASE001642,20251121,ST004,2025-11-21 21:31:00,,Service Disruption Complaint,Open,Medium,Web Form,,72,N,N
CASE001643,20251122,ST002,2025-11-22 14:50:00,,Cleanliness Complaint,Open,Low,Email,,36,N,N
CASE001644,20251122,ST002,2025-11-22 10:41:00,2025-11-22 17:41:00,Accessibility Assistance,Resolved,Low,Station Desk,7,12,N,N
CASE001645,20251122,ST003,2025-11-22 08:23:00,,Delay Compensation,Open,Medium,Email,,96,N,N
CASE001646,20251122,ST002,2025-11-22 06:33:00,,Information Request,Open,Low,Contact Centre,,24,N,N
CASE001647,20251122,ST004,2025-11-22 08:36:00,,Ticketing / Refund,Pending Customer,Low,Contact Centre,,48,N,N
CASE001648,20251122,ST002,2025-11-22 08:30:00,2025-11-25 02:30:00,Ticketing / Refund,Resolved,Medium,Email,66,48,Y,N
CASE001649,20251122,ST002,2025-11-22 12:49:00,2025-11-24 22:49:00,Lost Property,Resolved,Medium,Web Form,58,72,N,Y
CASE001650,20251122,ST014,2025-11-22 22:40:00,2025-11-26 15:40:00,Delay Compensation,Resolved,Medium,Contact Centre,89,96,N,N
CASE001651,20251123,ST010,2025-11-23 22:41:00,2025-11-24 18:41:00,Ticketing / Refund,Resolved,Urgent,Web Form,20,48,N,Y
CASE001652,20251123,ST012,2025-11-23 19:49:00,,Lost Property,Pending Customer,Medium,Web Form,,72,N,N
CASE001653,20251123,ST002,2025-11-23 11:11:00,,Ticketing / Refund,Pending Customer,Low,Email,,48,N,N
CASE001654,20251123,ST002,2025-11-23 09:57:00,2025-11-26 01:57:00,Ticketing / Refund,Resolved,Urgent,Web Form,64,48,Y,Y
CASE001655,20251123,ST015,2025-11-23 15:56:00,2025-11-24 04:56:00,Accessibility Assistance,Resolved,Medium,Contact Centre,13,12,Y,N
CASE001656,20251123,ST013,2025-11-23 21:33:00,2025-11-29 09:33:00,Delay Compensation,Resolved,Medium,Email,132,96,Y,Y
CASE001657,20251124,ST010,2025-11-24 09:53:00,,Service Disruption Complaint,Open,Medium,Web Form,,72,N,Y
CASE001658,20251124,ST006,2025-11-24 06:05:00,2025-11-29 07:05:00,Accessibility Assistance,Resolved,Low,Contact Centre,121,12,Y,Y
CASE001659,20251124,ST010,2025-11-24 21:13:00,2025-12-03 15:13:00,Service Disruption Complaint,Resolved,Medium,Web Form,210,72,Y,N
CASE001660,20251124,ST007,2025-11-24 11:22:00,,Accessibility Assistance,Open,Low,Email,,12,N,N
CASE001661,20251124,ST002,2025-11-24 15:42:00,2025-11-25 08:42:00,Information Request,Resolved,High,Contact Centre,17,24,N,N
CASE001662,20251124,ST002,2025-11-24 19:27:00,,Service Disruption Complaint,Escalated,High,Station Desk,,72,N,N
CASE001663,20251124,ST001,2025-11-24 12:59:00,,Delay Compensation,Pending Customer,High,Contact Centre,,96,N,N
CASE001664,20251124,ST003,2025-11-24 22:46:00,2025-11-27 20:46:00,Lost Property,Resolved,Low,Contact Centre,70,72,N,Y
CASE001665,20251125,ST005,2025-11-25 06:30:00,2025-11-28 07:30:00,Lost Property,Resolved,Medium,Contact Centre,73,72,Y,N
CASE001666,20251125,ST003,2025-11-25 18:51:00,,Ticketing / Refund,Pending Customer,High,Mobile App,,48,N,N
CASE001667,20251125,ST001,2025-11-25 21:42:00,2025-12-01 07:42:00,Lost Property,Resolved,Low,Web Form,130,72,Y,N
CASE001668,20251126,ST010,2025-11-26 16:01:00,2025-11-28 15:01:00,Ticketing / Refund,Resolved,Medium,Mobile App,47,48,N,N
CASE001669,20251126,ST009,2025-11-26 13:54:00,,Delay Compensation,Escalated,Medium,Mobile App,,96,N,N
CASE001670,20251126,ST003,2025-11-26 11:19:00,2025-11-29 15:19:00,Delay Compensation,Resolved,Medium,Mobile App,76,96,N,N
CASE001671,20251126,ST008,2025-11-26 16:50:00,2025-11-26 20:50:00,Information Request,Resolved,High,Mobile App,4,24,N,Y
CASE001672,20251126,ST010,2025-11-26 19:21:00,2025-11-27 18:21:00,Information Request,Resolved,Medium,Station Desk,23,24,N,N
CASE001673,20251126,ST006,2025-11-26 15:54:00,2025-11-28 09:54:00,Ticketing / Refund,Resolved,Medium,Station Desk,42,48,N,N
CASE001674,20251126,ST009,2025-11-26 08:06:00,2025-11-29 02:06:00,Ticketing / Refund,Resolved,Medium,Email,66,48,Y,Y
CASE001675,20251126,ST004,2025-11-26 22:09:00,2025-11-27 07:09:00,Accessibility Assistance,Resolved,Medium,Mobile App,9,12,N,N
CASE001676,20251127,ST004,2025-11-27 08:05:00,2025-11-29 09:05:00,Delay Compensation,Resolved,Low,Contact Centre,49,96,N,Y
CASE001677,20251127,ST001,2025-11-27 07:51:00,2025-12-01 19:51:00,Delay Compensation,Resolved,Low,Mobile App,108,96,Y,N
CASE001678,20251127,ST010,2025-11-27 18:34:00,,Staff Conduct,Open,Low,Station Desk,,72,N,N
CASE001679,20251127,ST005,2025-11-27 08:45:00,,Lost Property,Open,High,Contact Centre,,72,N,Y
CASE001680,20251127,ST003,2025-11-27 20:49:00,2025-11-29 20:49:00,Ticketing / Refund,Resolved,Medium,Mobile App,48,48,N,N
CASE001681,20251128,ST007,2025-11-28 15:37:00,2025-12-02 13:37:00,Service Disruption Complaint,Resolved,Medium,Contact Centre,94,72,Y,Y
CASE001682,20251128,ST013,2025-11-28 17:52:00,,Lost Property,Open,Medium,Mobile App,,72,N,N
CASE001683,20251128,ST004,2025-11-28 20:44:00,,Service Disruption Complaint,Escalated,Medium,Contact Centre,,72,N,N
CASE001684,20251128,ST004,2025-11-28 14:00:00,2025-11-29 08:00:00,Information Request,Resolved,Medium,Station Desk,18,24,N,N
CASE001685,20251128,ST006,2025-11-28 09:08:00,2025-11-28 23:08:00,Ticketing / Refund,Resolved,Low,Web Form,14,48,N,N
CASE001686,20251128,ST013,2025-11-28 16:31:00,2025-11-30 05:31:00,Delay Compensation,Resolved,High,Station Desk,37,96,N,N
CASE001687,20251129,ST007,2025-11-29 09:11:00,2025-11-29 19:11:00,Accessibility Assistance,Resolved,Low,Station Desk,10,12,N,N
CASE001688,20251129,ST014,2025-11-29 11:26:00,,Cleanliness Complaint,Open,Low,Station Desk,,36,N,N
CASE001689,20251129,ST001,2025-11-29 06:35:00,2025-11-29 07:35:00,Staff Conduct,Resolved,Medium,Station Desk,1,72,N,N
CASE001690,20251129,ST007,2025-11-29 10:24:00,2025-12-02 06:24:00,Service Disruption Complaint,Resolved,Medium,Mobile App,68,72,N,Y
CASE001691,20251129,ST006,2025-11-29 20:47:00,,Cleanliness Complaint,Pending Customer,Medium,Mobile App,,36,N,N
CASE001692,20251130,ST010,2025-11-30 22:29:00,2025-12-01 19:29:00,Lost Property,Resolved,Low,Web Form,21,72,N,N
CASE001693,20251130,ST003,2025-11-30 09:57:00,2025-12-01 04:57:00,Information Request,Resolved,High,Contact Centre,19,24,N,N
CASE001694,20251130,ST015,2025-11-30 13:15:00,2025-12-07 08:15:00,Information Request,Resolved,Low,Contact Centre,163,24,Y,Y
CASE001695,20251130,ST012,2025-11-30 10:30:00,2025-11-30 22:30:00,Accessibility Assistance,Resolved,Low,Web Form,12,12,N,N
CASE001696,20251130,ST013,2025-11-30 17:50:00,2025-11-30 23:50:00,Information Request,Resolved,High,Contact Centre,6,24,N,N
CASE001697,20251201,ST005,2025-12-01 14:20:00,2025-12-01 19:20:00,Accessibility Assistance,Resolved,Medium,Station Desk,5,12,N,N
CASE001698,20251201,ST013,2025-12-01 18:48:00,2025-12-02 06:48:00,Accessibility Assistance,Resolved,Medium,Station Desk,12,12,N,N
CASE001699,20251201,ST005,2025-12-01 07:49:00,2025-12-02 20:49:00,Service Disruption Complaint,Resolved,Medium,Mobile App,37,72,N,Y
CASE001700,20251201,ST003,2025-12-01 18:32:00,2025-12-04 07:32:00,Staff Conduct,Resolved,Low,Contact Centre,61,72,N,N
CASE001701,20251202,ST004,2025-12-02 14:44:00,,Service Disruption Complaint,Open,High,Email,,72,N,N
CASE001702,20251202,ST015,2025-12-02 10:34:00,,Cleanliness Complaint,Open,Medium,Station Desk,,36,N,Y
CASE001703,20251202,ST015,2025-12-02 09:57:00,,Lost Property,Open,Medium,Contact Centre,,72,N,N
CASE001704,20251202,ST002,2025-12-02 18:18:00,2025-12-09 21:18:00,Lost Property,Resolved,Low,Mobile App,171,72,Y,N
CASE001705,20251203,ST004,2025-12-03 21:48:00,,Information Request,Open,Medium,Mobile App,,24,N,N
CASE001706,20251203,ST009,2025-12-03 13:21:00,2025-12-04 13:21:00,Lost Property,Resolved,Medium,Mobile App,24,72,N,N
CASE001707,20251203,ST001,2025-12-03 08:26:00,2025-12-03 21:26:00,Ticketing / Refund,Resolved,Low,Email,13,48,N,N
CASE001708,20251203,ST008,2025-12-03 16:52:00,2025-12-04 11:52:00,Ticketing / Refund,Resolved,Low,Station Desk,19,48,N,N
CASE001709,20251203,ST013,2025-12-03 10:21:00,2025-12-04 23:21:00,Staff Conduct,Resolved,Medium,Mobile App,37,72,N,N
CASE001710,20251203,ST003,2025-12-03 07:33:00,2025-12-09 09:33:00,Delay Compensation,Resolved,Low,Station Desk,146,96,Y,Y
CASE001711,20251204,ST007,2025-12-04 08:11:00,,Delay Compensation,Open,Urgent,Station Desk,,96,N,N
CASE001712,20251204,ST009,2025-12-04 06:49:00,2025-12-08 06:49:00,Delay Compensation,Resolved,Medium,Web Form,96,96,N,N
CASE001713,20251204,ST007,2025-12-04 06:32:00,2025-12-05 22:32:00,Delay Compensation,Resolved,Medium,Mobile App,40,96,N,N
CASE001714,20251204,ST006,2025-12-04 12:19:00,,Lost Property,Pending Customer,Medium,Contact Centre,,72,N,N
CASE001715,20251204,ST002,2025-12-04 12:29:00,2025-12-05 11:29:00,Information Request,Resolved,Low,Web Form,23,24,N,N
CASE001716,20251205,ST002,2025-12-05 15:30:00,2025-12-07 02:30:00,Lost Property,Resolved,Medium,Web Form,35,72,N,N
CASE001717,20251205,ST001,2025-12-05 16:00:00,2025-12-05 21:00:00,Cleanliness Complaint,Resolved,High,Station Desk,5,36,N,N
CASE001718,20251205,ST013,2025-12-05 11:35:00,2025-12-06 08:35:00,Ticketing / Refund,Resolved,Low,Station Desk,21,48,N,N
CASE001719,20251205,ST003,2025-12-05 14:55:00,,Ticketing / Refund,Open,Low,Contact Centre,,48,N,N
CASE001720,20251205,ST001,2025-12-05 10:27:00,2025-12-06 05:27:00,Information Request,Resolved,Low,Station Desk,19,24,N,N
CASE001721,20251205,ST005,2025-12-05 10:29:00,2025-12-08 02:29:00,Lost Property,Resolved,Low,Web Form,64,72,N,Y
CASE001722,20251205,ST006,2025-12-05 16:39:00,,Ticketing / Refund,Escalated,Medium,Station Desk,,48,N,N
CASE001723,20251206,ST013,2025-12-06 11:16:00,2025-12-07 10:16:00,Cleanliness Complaint,Resolved,Urgent,Web Form,23,36,N,N
CASE001724,20251206,ST007,2025-12-06 17:38:00,2025-12-09 00:38:00,Ticketing / Refund,Resolved,Medium,Web Form,55,48,Y,N
CASE001725,20251206,ST008,2025-12-06 22:19:00,2025-12-09 15:19:00,Service Disruption Complaint,Resolved,Low,Web Form,65,72,N,N
CASE001726,20251206,ST010,2025-12-06 21:06:00,,Service Disruption Complaint,Open,High,Email,,72,N,Y
CASE001727,20251207,ST008,2025-12-07 16:16:00,2025-12-09 05:16:00,Staff Conduct,Resolved,Medium,Web Form,37,72,N,Y
CASE001728,20251207,ST001,2025-12-07 22:45:00,,Information Request,Open,Medium,Station Desk,,24,N,N
CASE001729,20251207,ST012,2025-12-07 15:18:00,2025-12-09 22:18:00,Cleanliness Complaint,Resolved,Low,Station Desk,55,36,Y,Y
CASE001730,20251207,ST001,2025-12-07 12:40:00,2025-12-07 19:40:00,Accessibility Assistance,Resolved,Medium,Email,7,12,N,N
CASE001731,20251207,ST001,2025-12-07 14:20:00,2025-12-07 21:20:00,Lost Property,Resolved,Low,Email,7,72,N,Y
CASE001732,20251207,ST006,2025-12-07 18:11:00,,Cleanliness Complaint,Open,Low,Contact Centre,,36,N,N
CASE001733,20251207,ST006,2025-12-07 14:18:00,,Lost Property,Pending Customer,Medium,Email,,72,N,N
CASE001734,20251207,ST002,2025-12-07 15:31:00,2025-12-13 13:31:00,Service Disruption Complaint,Resolved,Low,Web Form,142,72,Y,N
CASE001735,20251208,ST010,2025-12-08 08:14:00,2025-12-13 02:14:00,Delay Compensation,Resolved,Low,Station Desk,114,96,Y,N
CASE001736,20251208,ST002,2025-12-08 06:42:00,,Ticketing / Refund,Pending Customer,Low,Email,,48,N,N
CASE001737,20251208,ST009,2025-12-08 15:43:00,,Ticketing / Refund,Pending Customer,Medium,Mobile App,,48,N,Y
CASE001738,20251208,ST011,2025-12-08 20:24:00,2025-12-10 01:24:00,Lost Property,Resolved,High,Station Desk,29,72,N,N
CASE001739,20251208,ST011,2025-12-08 16:39:00,2025-12-09 12:39:00,Lost Property,Resolved,Medium,Web Form,20,72,N,N
CASE001740,20251208,ST007,2025-12-08 09:01:00,2025-12-08 20:01:00,Information Request,Resolved,High,Email,11,24,N,N
CASE001741,20251208,ST012,2025-12-08 09:48:00,2025-12-10 00:48:00,Staff Conduct,Resolved,Medium,Contact Centre,39,72,N,N
CASE001742,20251209,ST010,2025-12-09 21:06:00,2025-12-10 08:06:00,Service Disruption Complaint,Resolved,Medium,Contact Centre,11,72,N,N
CASE001743,20251209,ST010,2025-12-09 12:58:00,2025-12-11 09:58:00,Lost Property,Resolved,Medium,Contact Centre,45,72,N,N
CASE001744,20251209,ST008,2025-12-09 22:50:00,2025-12-12 05:50:00,Accessibility Assistance,Resolved,Medium,Email,55,12,Y,N
CASE001745,20251209,ST010,2025-12-09 11:15:00,2025-12-10 00:15:00,Information Request,Resolved,Medium,Station Desk,13,24,N,N
CASE001746,20251209,ST008,2025-12-09 10:52:00,,Delay Compensation,Open,Low,Contact Centre,,96,N,N
CASE001747,20251210,ST006,2025-12-10 17:11:00,,Delay Compensation,Pending Customer,Medium,Mobile App,,96,N,N
CASE001748,20251210,ST003,2025-12-10 14:21:00,2025-12-14 11:21:00,Lost Property,Resolved,Low,Mobile App,93,72,Y,N
CASE001749,20251211,ST004,2025-12-11 20:10:00,2025-12-14 12:10:00,Service Disruption Complaint,Resolved,Low,Web Form,64,72,N,Y
CASE001750,20251211,ST003,2025-12-11 11:29:00,2025-12-11 16:29:00,Accessibility Assistance,Resolved,High,Mobile App,5,12,N,N
CASE001751,20251211,ST007,2025-12-11 08:41:00,2025-12-16 06:41:00,Lost Property,Resolved,High,Mobile App,118,72,Y,N
CASE001752,20251211,ST001,2025-12-11 17:26:00,2025-12-17 04:26:00,Lost Property,Resolved,High,Contact Centre,131,72,Y,N
CASE001753,20251212,ST013,2025-12-12 10:14:00,2025-12-18 15:14:00,Delay Compensation,Resolved,Low,Web Form,149,96,Y,N
CASE001754,20251212,ST002,2025-12-12 11:15:00,2025-12-15 18:15:00,Lost Property,Resolved,Urgent,Mobile App,79,72,Y,N
CASE001755,20251212,ST002,2025-12-12 10:17:00,2025-12-12 20:17:00,Information Request,Resolved,Medium,Web Form,10,24,N,N
CASE001756,20251213,ST010,2025-12-13 08:09:00,2025-12-13 20:09:00,Service Disruption Complaint,Resolved,Medium,Station Desk,12,72,N,N
CASE001757,20251213,ST007,2025-12-13 22:31:00,2025-12-14 20:31:00,Accessibility Assistance,Resolved,High,Email,22,12,Y,N
CASE001758,20251213,ST009,2025-12-13 08:16:00,,Delay Compensation,Pending Customer,High,Mobile App,,96,N,N
CASE001759,20251213,ST003,2025-12-13 11:07:00,2025-12-13 13:07:00,Cleanliness Complaint,Resolved,Medium,Contact Centre,2,36,N,N
CASE001760,20251213,ST004,2025-12-13 16:27:00,2025-12-15 23:27:00,Service Disruption Complaint,Resolved,Low,Contact Centre,55,72,N,N
CASE001761,20251213,ST001,2025-12-13 22:37:00,2025-12-17 06:37:00,Lost Property,Resolved,Medium,Mobile App,80,72,Y,N
CASE001762,20251213,ST011,2025-12-13 06:51:00,2025-12-13 15:51:00,Accessibility Assistance,Resolved,High,Mobile App,9,12,N,N
CASE001763,20251214,ST001,2025-12-14 21:59:00,2025-12-15 21:59:00,Service Disruption Complaint,Resolved,Medium,Station Desk,24,72,N,N
CASE001764,20251214,ST002,2025-12-14 15:39:00,2025-12-15 10:39:00,Information Request,Resolved,Medium,Email,19,24,N,N
CASE001765,20251214,ST009,2025-12-14 12:59:00,,Staff Conduct,Open,High,Station Desk,,72,N,N
CASE001766,20251214,ST015,2025-12-14 16:55:00,2025-12-21 12:55:00,Staff Conduct,Resolved,Medium,Web Form,164,72,Y,N
CASE001767,20251215,ST005,2025-12-15 06:20:00,2025-12-15 22:20:00,Lost Property,Resolved,Low,Email,16,72,N,N
CASE001768,20251215,ST016,2025-12-15 17:47:00,2025-12-18 18:47:00,Ticketing / Refund,Resolved,Medium,Mobile App,73,48,Y,N
CASE001769,20251215,ST003,2025-12-15 19:02:00,2025-12-19 18:02:00,Lost Property,Resolved,Low,Web Form,95,72,Y,N
CASE001770,20251215,ST010,2025-12-15 06:46:00,2025-12-19 13:46:00,Lost Property,Resolved,Medium,Station Desk,103,72,Y,N
CASE001771,20251216,ST013,2025-12-16 22:22:00,2025-12-18 12:22:00,Information Request,Resolved,High,Station Desk,38,24,Y,Y
CASE001772,20251216,ST001,2025-12-16 19:47:00,2025-12-18 02:47:00,Information Request,Resolved,Medium,Contact Centre,31,24,Y,N
CASE001773,20251216,ST014,2025-12-16 21:31:00,2025-12-18 00:31:00,Information Request,Resolved,Low,Web Form,27,24,Y,N
CASE001774,20251216,ST001,2025-12-16 07:20:00,2025-12-18 00:20:00,Ticketing / Refund,Resolved,Medium,Mobile App,41,48,N,N
CASE001775,20251216,ST002,2025-12-16 11:27:00,2025-12-25 20:27:00,Lost Property,Resolved,Medium,Email,225,72,Y,N
CASE001776,20251216,ST015,2025-12-16 15:44:00,2025-12-16 22:44:00,Accessibility Assistance,Resolved,Medium,Web Form,7,12,N,N
CASE001777,20251216,ST009,2025-12-16 14:29:00,2025-12-18 02:29:00,Cleanliness Complaint,Resolved,Medium,Email,36,36,N,N
CASE001778,20251217,ST010,2025-12-17 20:22:00,2025-12-19 10:22:00,Service Disruption Complaint,Resolved,High,Contact Centre,38,72,N,N
CASE001779,20251217,ST008,2025-12-17 13:48:00,,Ticketing / Refund,Open,Medium,Web Form,,48,N,N
CASE001780,20251217,ST002,2025-12-17 18:41:00,2025-12-24 05:41:00,Delay Compensation,Resolved,Low,Station Desk,155,96,Y,N
CASE001781,20251217,ST010,2025-12-17 16:58:00,,Ticketing / Refund,Open,Medium,Web Form,,48,N,N
CASE001782,20251217,ST011,2025-12-17 19:26:00,2025-12-23 19:26:00,Service Disruption Complaint,Resolved,Medium,Contact Centre,144,72,Y,N
CASE001783,20251217,ST009,2025-12-17 20:29:00,2025-12-19 04:29:00,Information Request,Resolved,Low,Web Form,32,24,Y,N
CASE001784,20251218,ST006,2025-12-18 08:12:00,2025-12-20 07:12:00,Lost Property,Resolved,Medium,Contact Centre,47,72,N,N
CASE001785,20251218,ST004,2025-12-18 14:21:00,2025-12-19 01:21:00,Accessibility Assistance,Resolved,High,Station Desk,11,12,N,N
CASE001786,20251218,ST002,2025-12-18 20:06:00,2025-12-21 17:06:00,Cleanliness Complaint,Resolved,Medium,Email,69,36,Y,N
CASE001787,20251218,ST016,2025-12-18 13:41:00,2025-12-20 14:41:00,Delay Compensation,Resolved,High,Web Form,49,96,N,N
CASE001788,20251218,ST014,2025-12-18 10:30:00,,Delay Compensation,Open,Medium,Mobile App,,96,N,N
CASE001789,20251218,ST006,2025-12-18 08:10:00,2025-12-20 23:10:00,Lost Property,Resolved,Medium,Contact Centre,63,72,N,N
CASE001790,20251219,ST002,2025-12-19 20:08:00,2025-12-19 21:08:00,Ticketing / Refund,Resolved,Medium,Contact Centre,1,48,N,N
CASE001791,20251219,ST003,2025-12-19 19:58:00,,Lost Property,Pending Customer,Medium,Mobile App,,72,N,N
CASE001792,20251219,ST008,2025-12-19 09:45:00,2025-12-25 17:45:00,Service Disruption Complaint,Resolved,Medium,Contact Centre,152,72,Y,N
CASE001793,20251219,ST011,2025-12-19 14:33:00,2025-12-28 00:33:00,Service Disruption Complaint,Resolved,Medium,Email,202,72,Y,Y
CASE001794,20251219,ST008,2025-12-19 07:16:00,2025-12-20 13:16:00,Ticketing / Refund,Resolved,Medium,Email,30,48,N,N
CASE001795,20251219,ST009,2025-12-19 09:40:00,2025-12-20 03:40:00,Cleanliness Complaint,Resolved,High,Contact Centre,18,36,N,N
CASE001796,20251219,ST002,2025-12-19 12:35:00,2025-12-22 08:35:00,Lost Property,Resolved,Low,Station Desk,68,72,N,N
CASE001797,20251220,ST014,2025-12-20 19:53:00,,Service Disruption Complaint,Open,Low,Mobile App,,72,N,N
CASE001798,20251220,ST004,2025-12-20 13:46:00,2025-12-28 08:46:00,Delay Compensation,Resolved,Medium,Station Desk,187,96,Y,N
CASE001799,20251220,ST001,2025-12-20 21:21:00,2025-12-23 21:21:00,Service Disruption Complaint,Resolved,Medium,Contact Centre,72,72,N,N
CASE001800,20251220,ST002,2025-12-20 14:56:00,,Delay Compensation,Pending Customer,High,Contact Centre,,96,N,Y
CASE001801,20251221,ST002,2025-12-21 17:56:00,,Delay Compensation,Pending Customer,Medium,Mobile App,,96,N,N
CASE001802,20251221,ST013,2025-12-21 12:55:00,,Cleanliness Complaint,Pending Customer,High,Contact Centre,,36,N,N
CASE001803,20251221,ST014,2025-12-21 21:55:00,2025-12-24 14:55:00,Delay Compensation,Resolved,Medium,Station Desk,65,96,N,N
CASE001804,20251221,ST003,2025-12-21 06:46:00,,Staff Conduct,Open,Medium,Station Desk,,72,N,Y
CASE001805,20251221,ST007,2025-12-21 10:54:00,2025-12-25 01:54:00,Lost Property,Resolved,Medium,Contact Centre,87,72,Y,N
CASE001806,20251221,ST001,2025-12-21 13:38:00,2025-12-21 14:38:00,Ticketing / Refund,Resolved,Urgent,Web Form,1,48,N,Y
CASE001807,20251222,ST010,2025-12-22 17:54:00,,Delay Compensation,Open,Medium,Email,,96,N,N
CASE001808,20251222,ST014,2025-12-22 07:16:00,2025-12-23 04:16:00,Ticketing / Refund,Resolved,Low,Web Form,21,48,N,N
CASE001809,20251222,ST002,2025-12-22 19:37:00,2025-12-25 03:37:00,Ticketing / Refund,Resolved,Medium,Contact Centre,56,48,Y,N
CASE001810,20251222,ST005,2025-12-22 16:30:00,,Delay Compensation,Open,High,Contact Centre,,96,N,N
CASE001811,20251222,ST004,2025-12-22 13:52:00,2025-12-22 18:52:00,Accessibility Assistance,Resolved,Low,Mobile App,5,12,N,N
CASE001812,20251223,ST003,2025-12-23 12:11:00,,Information Request,Pending Customer,Urgent,Mobile App,,24,N,Y
CASE001813,20251223,ST008,2025-12-23 15:20:00,2025-12-23 19:20:00,Accessibility Assistance,Resolved,Medium,Web Form,4,12,N,N
CASE001814,20251223,ST007,2025-12-23 13:44:00,2025-12-23 23:44:00,Ticketing / Refund,Resolved,Low,Station Desk,10,48,N,N
CASE001815,20251223,ST002,2025-12-23 20:50:00,2025-12-29 19:50:00,Delay Compensation,Resolved,Medium,Email,143,96,Y,N
CASE001816,20251224,ST010,2025-12-24 15:40:00,2025-12-26 18:40:00,Service Disruption Complaint,Resolved,Medium,Contact Centre,51,72,N,N
CASE001817,20251224,ST006,2025-12-24 06:01:00,2025-12-28 11:01:00,Delay Compensation,Resolved,High,Contact Centre,101,96,Y,N
CASE001818,20251224,ST007,2025-12-24 11:52:00,2025-12-26 17:52:00,Lost Property,Resolved,High,Email,54,72,N,N
CASE001819,20251224,ST010,2025-12-24 08:16:00,2025-12-25 17:16:00,Service Disruption Complaint,Resolved,High,Station Desk,33,72,N,N
CASE001820,20251225,ST006,2025-12-25 16:56:00,2025-12-26 06:56:00,Accessibility Assistance,Resolved,Medium,Email,14,12,Y,Y
CASE001821,20251225,ST013,2025-12-25 12:31:00,2025-12-29 16:31:00,Service Disruption Complaint,Resolved,Medium,Web Form,100,72,Y,N
CASE001822,20251225,ST009,2025-12-25 19:33:00,2025-12-28 15:33:00,Lost Property,Resolved,High,Contact Centre,68,72,N,Y
CASE001823,20251225,ST001,2025-12-25 08:24:00,2025-12-27 20:24:00,Delay Compensation,Resolved,High,Mobile App,60,96,N,N
CASE001824,20251225,ST010,2025-12-25 14:01:00,2025-12-28 02:01:00,Cleanliness Complaint,Resolved,Low,Contact Centre,60,36,Y,Y
CASE001825,20251226,ST005,2025-12-26 17:18:00,2025-12-30 15:18:00,Service Disruption Complaint,Resolved,High,Email,94,72,Y,N
CASE001826,20251226,ST016,2025-12-26 22:45:00,2025-12-28 00:45:00,Information Request,Resolved,Medium,Mobile App,26,24,Y,N
CASE001827,20251227,ST010,2025-12-27 15:31:00,2025-12-30 11:31:00,Service Disruption Complaint,Resolved,High,Contact Centre,68,72,N,N
CASE001828,20251227,ST009,2025-12-27 12:43:00,2025-12-29 06:43:00,Delay Compensation,Resolved,Medium,Station Desk,42,96,N,N
CASE001829,20251227,ST001,2025-12-27 12:58:00,2025-12-29 14:58:00,Cleanliness Complaint,Resolved,Low,Web Form,50,36,Y,Y
CASE001830,20251227,ST007,2025-12-27 20:59:00,2025-12-28 19:59:00,Ticketing / Refund,Resolved,High,Mobile App,23,48,N,N
CASE001831,20251227,ST015,2025-12-27 07:32:00,2025-12-31 05:32:00,Delay Compensation,Resolved,Medium,Web Form,94,96,N,N
CASE001832,20251228,ST015,2025-12-28 11:15:00,2025-12-28 12:15:00,Accessibility Assistance,Resolved,Medium,Station Desk,1,12,N,N
CASE001833,20251228,ST010,2025-12-28 13:26:00,2025-12-29 14:26:00,Ticketing / Refund,Resolved,Medium,Contact Centre,25,48,N,N
CASE001834,20251229,ST015,2025-12-29 07:24:00,2026-01-04 11:24:00,Staff Conduct,Resolved,Medium,Web Form,148,72,Y,N
CASE001835,20251229,ST014,2025-12-29 11:21:00,2025-12-29 12:21:00,Lost Property,Resolved,Medium,Email,1,72,N,N
CASE001836,20251229,ST010,2025-12-29 19:34:00,2026-01-02 10:34:00,Service Disruption Complaint,Resolved,Medium,Web Form,87,72,Y,N
CASE001837,20251229,ST009,2025-12-29 07:17:00,2026-01-01 21:17:00,Lost Property,Resolved,Low,Station Desk,86,72,Y,N
CASE001838,20251229,ST002,2025-12-29 12:43:00,2026-01-03 07:43:00,Service Disruption Complaint,Resolved,Low,Contact Centre,115,72,Y,N
CASE001839,20251230,ST002,2025-12-30 12:40:00,2025-12-31 13:40:00,Information Request,Resolved,Medium,Mobile App,25,24,Y,N
CASE001840,20251230,ST002,2025-12-30 17:57:00,2025-12-31 19:57:00,Service Disruption Complaint,Resolved,Low,Contact Centre,26,72,N,N
CASE001841,20251230,ST009,2025-12-30 21:30:00,2026-01-01 06:30:00,Information Request,Resolved,Low,Contact Centre,33,24,Y,N
CASE001842,20251230,ST004,2025-12-30 08:11:00,,Service Disruption Complaint,Pending Customer,Medium,Mobile App,,72,N,N
CASE001843,20251230,ST009,2025-12-30 17:30:00,2026-01-03 12:30:00,Ticketing / Refund,Resolved,High,Contact Centre,91,48,Y,N
CASE001844,20251230,ST002,2025-12-30 16:43:00,2025-12-30 17:43:00,Ticketing / Refund,Resolved,Medium,Contact Centre,1,48,N,N
CASE001845,20251230,ST010,2025-12-30 21:32:00,2025-12-31 11:32:00,Accessibility Assistance,Resolved,Low,Contact Centre,14,12,Y,N
CASE001846,20251230,ST003,2025-12-30 18:35:00,2026-01-03 10:35:00,Service Disruption Complaint,Resolved,High,Mobile App,88,72,Y,Y
CASE001847,20251231,ST015,2025-12-31 15:37:00,,Accessibility Assistance,Open,High,Email,,12,N,N
CASE001848,20251231,ST015,2025-12-31 08:49:00,2026-01-05 16:49:00,Lost Property,Resolved,Low,Contact Centre,128,72,Y,N
CASE001849,20251231,ST008,2025-12-31 13:35:00,2026-01-12 01:35:00,Delay Compensation,Resolved,Medium,Mobile App,276,96,Y,N
CASE001850,20251231,ST011,2025-12-31 22:26:00,,Information Request,Open,Urgent,Mobile App,,24,N,N
CASE001851,20251231,ST006,2025-12-31 21:32:00,2026-01-01 07:32:00,Information Request,Resolved,High,Email,10,24,N,Y
CASE001852,20251231,ST013,2025-12-31 21:18:00,,Accessibility Assistance,Pending Customer,Medium,Mobile App,,12,N,N
CASE001853,20251231,ST007,2025-12-31 08:47:00,2026-01-01 12:47:00,Ticketing / Refund,Resolved,Low,Contact Centre,28,48,N,N
CASE001854,20260101,ST009,2026-01-01 06:48:00,2026-01-08 03:48:00,Ticketing / Refund,Resolved,Low,Web Form,165,48,Y,N
CASE001855,20260101,ST001,2026-01-01 12:13:00,2026-01-01 15:13:00,Ticketing / Refund,Resolved,Medium,Mobile App,3,48,N,N
CASE001856,20260101,ST010,2026-01-01 20:31:00,2026-01-02 01:31:00,Information Request,Resolved,Low,Mobile App,5,24,N,Y
CASE001857,20260101,ST012,2026-01-01 13:06:00,2026-01-01 21:06:00,Ticketing / Refund,Resolved,High,Web Form,8,48,N,N
CASE001858,20260102,ST002,2026-01-02 06:41:00,2026-01-02 07:41:00,Information Request,Resolved,High,Station Desk,1,24,N,N
CASE001859,20260102,ST001,2026-01-02 18:07:00,,Ticketing / Refund,Escalated,Medium,Web Form,,48,N,N
CASE001860,20260102,ST001,2026-01-02 15:49:00,2026-01-03 06:49:00,Information Request,Resolved,Medium,Web Form,15,24,N,N
CASE001861,20260102,ST001,2026-01-02 18:47:00,,Ticketing / Refund,Open,Low,Station Desk,,48,N,N
CASE001862,20260102,ST001,2026-01-02 17:18:00,2026-01-08 05:18:00,Cleanliness Complaint,Resolved,High,Email,132,36,Y,N
CASE001863,20260103,ST011,2026-01-03 22:09:00,2026-01-05 15:09:00,Service Disruption Complaint,Resolved,Medium,Station Desk,41,72,N,N
CASE001864,20260103,ST001,2026-01-03 19:55:00,2026-01-05 13:55:00,Lost Property,Resolved,Low,Contact Centre,42,72,N,N
CASE001865,20260103,ST010,2026-01-03 19:49:00,2026-01-08 02:49:00,Delay Compensation,Resolved,Medium,Station Desk,103,96,Y,N
CASE001866,20260103,ST006,2026-01-03 20:34:00,2026-01-07 03:34:00,Staff Conduct,Resolved,Medium,Station Desk,79,72,Y,Y
CASE001867,20260103,ST006,2026-01-03 20:30:00,2026-01-09 18:30:00,Staff Conduct,Resolved,Low,Email,142,72,Y,N
CASE001868,20260103,ST015,2026-01-03 08:26:00,2026-01-03 09:26:00,Ticketing / Refund,Resolved,High,Web Form,1,48,N,N
CASE001869,20260104,ST006,2026-01-04 19:52:00,,Cleanliness Complaint,Pending Customer,Medium,Web Form,,36,N,N
CASE001870,20260104,ST003,2026-01-04 21:21:00,,Delay Compensation,Open,High,Station Desk,,96,N,N
CASE001871,20260104,ST002,2026-01-04 17:28:00,,Service Disruption Complaint,Pending Customer,Medium,Station Desk,,72,N,Y
CASE001872,20260104,ST009,2026-01-04 17:20:00,2026-01-07 23:20:00,Ticketing / Refund,Resolved,Medium,Mobile App,78,48,Y,Y
CASE001873,20260105,ST001,2026-01-05 09:43:00,2026-01-07 12:43:00,Cleanliness Complaint,Resolved,Low,Contact Centre,51,36,Y,N
CASE001874,20260105,ST009,2026-01-05 09:15:00,2026-01-07 04:15:00,Delay Compensation,Resolved,Medium,Web Form,43,96,N,N
CASE001875,20260105,ST014,2026-01-05 21:36:00,2026-01-06 18:36:00,Cleanliness Complaint,Resolved,Medium,Contact Centre,21,36,N,N
CASE001876,20260105,ST002,2026-01-05 07:04:00,2026-01-06 13:04:00,Information Request,Resolved,Medium,Station Desk,30,24,Y,N
CASE001877,20260105,ST013,2026-01-05 09:23:00,,Ticketing / Refund,Open,Low,Web Form,,48,N,N
CASE001878,20260106,ST005,2026-01-06 19:13:00,2026-01-07 23:13:00,Cleanliness Complaint,Resolved,Medium,Email,28,36,N,N
CASE001879,20260106,ST015,2026-01-06 10:03:00,,Lost Property,Escalated,Medium,Email,,72,N,N
CASE001880,20260106,ST002,2026-01-06 12:14:00,2026-01-10 07:14:00,Service Disruption Complaint,Resolved,Medium,Email,91,72,Y,N
CASE001881,20260106,ST008,2026-01-06 09:28:00,2026-01-09 21:28:00,Delay Compensation,Resolved,High,Web Form,84,96,N,N
CASE001882,20260106,ST010,2026-01-06 08:43:00,2026-01-08 09:43:00,Information Request,Resolved,High,Contact Centre,49,24,Y,Y
CASE001883,20260107,ST002,2026-01-07 14:09:00,2026-01-07 17:09:00,Accessibility Assistance,Resolved,Medium,Mobile App,3,12,N,N
CASE001884,20260107,ST009,2026-01-07 21:18:00,,Delay Compensation,Open,Medium,Mobile App,,96,N,N
CASE001885,20260108,ST006,2026-01-08 06:30:00,2026-01-12 10:30:00,Service Disruption Complaint,Resolved,Medium,Mobile App,100,72,Y,N
CASE001886,20260108,ST015,2026-01-08 21:55:00,2026-01-10 06:55:00,Ticketing / Refund,Resolved,Low,Mobile App,33,48,N,N
CASE001887,20260109,ST001,2026-01-09 15:12:00,2026-01-11 21:12:00,Delay Compensation,Resolved,Medium,Contact Centre,54,96,N,N
CASE001888,20260109,ST007,2026-01-09 09:22:00,2026-01-13 00:22:00,Service Disruption Complaint,Resolved,High,Email,87,72,Y,N
CASE001889,20260109,ST007,2026-01-09 08:35:00,2026-01-09 18:35:00,Accessibility Assistance,Resolved,High,Email,10,12,N,Y
CASE001890,20260109,ST010,2026-01-09 12:59:00,2026-01-10 18:59:00,Service Disruption Complaint,Resolved,High,Contact Centre,30,72,N,Y
CASE001891,20260109,ST007,2026-01-09 07:25:00,2026-01-15 11:25:00,Information Request,Resolved,Low,Mobile App,148,24,Y,Y
CASE001892,20260110,ST001,2026-01-10 15:57:00,2026-01-14 02:57:00,Delay Compensation,Resolved,Urgent,Station Desk,83,96,N,N
CASE001893,20260110,ST012,2026-01-10 11:34:00,2026-01-13 09:34:00,Cleanliness Complaint,Resolved,Medium,Web Form,70,36,Y,N
CASE001894,20260110,ST003,2026-01-10 15:02:00,2026-01-11 13:02:00,Service Disruption Complaint,Resolved,High,Mobile App,22,72,N,N
CASE001895,20260110,ST014,2026-01-10 14:55:00,,Information Request,Pending Customer,High,Email,,24,N,N
CASE001896,20260111,ST004,2026-01-11 09:08:00,2026-01-12 10:08:00,Cleanliness Complaint,Resolved,High,Mobile App,25,36,N,Y
CASE001897,20260111,ST006,2026-01-11 11:59:00,2026-01-12 17:59:00,Ticketing / Refund,Resolved,High,Web Form,30,48,N,N
CASE001898,20260111,ST002,2026-01-11 15:18:00,,Information Request,Open,Medium,Station Desk,,24,N,Y
CASE001899,20260112,ST007,2026-01-12 10:44:00,2026-01-13 03:44:00,Cleanliness Complaint,Resolved,Medium,Station Desk,17,36,N,N
CASE001900,20260112,ST010,2026-01-12 12:37:00,,Service Disruption Complaint,Pending Customer,Medium,Email,,72,N,N
CASE001901,20260112,ST010,2026-01-12 22:41:00,2026-01-16 03:41:00,Service Disruption Complaint,Resolved,Urgent,Mobile App,77,72,Y,N
CASE001902,20260112,ST001,2026-01-12 13:53:00,2026-01-14 18:53:00,Service Disruption Complaint,Resolved,Medium,Web Form,53,72,N,N
CASE001903,20260112,ST001,2026-01-12 15:57:00,2026-01-14 04:57:00,Ticketing / Refund,Resolved,High,Web Form,37,48,N,N
CASE001904,20260112,ST001,2026-01-12 12:57:00,2026-01-16 09:57:00,Lost Property,Resolved,High,Contact Centre,93,72,Y,N
CASE001905,20260112,ST013,2026-01-12 08:26:00,2026-01-14 03:26:00,Ticketing / Refund,Resolved,Medium,Email,43,48,N,N
CASE001906,20260112,ST010,2026-01-12 06:01:00,,Service Disruption Complaint,Open,Low,Station Desk,,72,N,Y
CASE001907,20260112,ST004,2026-01-12 21:47:00,2026-01-14 00:47:00,Delay Compensation,Resolved,Medium,Email,27,96,N,N
CASE001908,20260112,ST011,2026-01-12 06:01:00,2026-01-12 07:01:00,Accessibility Assistance,Resolved,Low,Mobile App,1,12,N,N
CASE001909,20260113,ST004,2026-01-13 19:50:00,2026-01-17 09:50:00,Service Disruption Complaint,Resolved,Low,Web Form,86,72,Y,N
CASE001910,20260113,ST004,2026-01-13 21:43:00,2026-01-15 00:43:00,Information Request,Resolved,Low,Email,27,24,Y,N
CASE001911,20260113,ST001,2026-01-13 08:50:00,2026-01-18 21:50:00,Service Disruption Complaint,Resolved,Medium,Station Desk,133,72,Y,Y
CASE001912,20260114,ST015,2026-01-14 09:04:00,2026-01-20 15:04:00,Service Disruption Complaint,Resolved,High,Email,150,72,Y,N
CASE001913,20260114,ST009,2026-01-14 21:33:00,,Information Request,Pending Customer,Medium,Email,,24,N,N
CASE001914,20260114,ST006,2026-01-14 21:19:00,2026-01-15 05:19:00,Information Request,Resolved,High,Mobile App,8,24,N,N
CASE001915,20260114,ST005,2026-01-14 22:46:00,2026-01-16 11:46:00,Cleanliness Complaint,Resolved,Medium,Station Desk,37,36,Y,Y
CASE001916,20260115,ST002,2026-01-15 08:12:00,2026-01-22 21:12:00,Staff Conduct,Resolved,Low,Contact Centre,181,72,Y,N
CASE001917,20260115,ST004,2026-01-15 14:59:00,2026-01-19 17:59:00,Lost Property,Resolved,High,Contact Centre,99,72,Y,N
CASE001918,20260116,ST003,2026-01-16 10:32:00,2026-01-16 11:32:00,Ticketing / Refund,Resolved,Medium,Web Form,1,48,N,Y
CASE001919,20260116,ST008,2026-01-16 11:15:00,,Delay Compensation,Open,Low,Contact Centre,,96,N,Y
CASE001920,20260116,ST011,2026-01-16 11:42:00,2026-01-26 22:42:00,Delay Compensation,Resolved,Medium,Mobile App,251,96,Y,Y
CASE001921,20260116,ST005,2026-01-16 17:22:00,2026-01-17 02:22:00,Accessibility Assistance,Resolved,Medium,Contact Centre,9,12,N,Y
CASE001922,20260116,ST012,2026-01-16 08:54:00,2026-01-18 05:54:00,Ticketing / Refund,Resolved,Low,Mobile App,45,48,N,Y
CASE001923,20260116,ST006,2026-01-16 12:05:00,2026-01-19 14:05:00,Cleanliness Complaint,Resolved,High,Email,74,36,Y,N
CASE001924,20260116,ST008,2026-01-16 17:33:00,2026-01-17 17:33:00,Ticketing / Refund,Resolved,Low,Web Form,24,48,N,N
CASE001925,20260117,ST002,2026-01-17 21:12:00,2026-01-20 15:12:00,Ticketing / Refund,Resolved,Medium,Email,66,48,Y,N
CASE001926,20260117,ST012,2026-01-17 19:21:00,2026-01-19 16:21:00,Lost Property,Resolved,Medium,Contact Centre,45,72,N,N
CASE001927,20260117,ST005,2026-01-17 07:46:00,2026-01-17 08:46:00,Service Disruption Complaint,Resolved,Low,Contact Centre,1,72,N,Y
CASE001928,20260117,ST010,2026-01-17 21:53:00,2026-01-19 02:53:00,Cleanliness Complaint,Resolved,Medium,Station Desk,29,36,N,N
CASE001929,20260117,ST013,2026-01-17 13:06:00,2026-01-20 21:06:00,Delay Compensation,Resolved,Low,Station Desk,80,96,N,N
CASE001930,20260117,ST003,2026-01-17 18:42:00,,Service Disruption Complaint,Open,Medium,Contact Centre,,72,N,N
CASE001931,20260118,ST006,2026-01-18 20:13:00,2026-01-18 21:13:00,Service Disruption Complaint,Resolved,High,Mobile App,1,72,N,N
CASE001932,20260118,ST006,2026-01-18 18:24:00,2026-01-19 07:24:00,Information Request,Resolved,Medium,Contact Centre,13,24,N,N
CASE001933,20260118,ST013,2026-01-18 15:16:00,2026-01-24 17:16:00,Lost Property,Resolved,Medium,Contact Centre,146,72,Y,N
CASE001934,20260118,ST002,2026-01-18 10:33:00,,Ticketing / Refund,Pending Customer,Medium,Mobile App,,48,N,N
CASE001935,20260118,ST010,2026-01-18 15:58:00,2026-01-19 19:58:00,Information Request,Resolved,Medium,Web Form,28,24,Y,Y
CASE001936,20260119,ST012,2026-01-19 15:36:00,2026-01-26 17:36:00,Information Request,Resolved,High,Web Form,170,24,Y,N
CASE001937,20260119,ST015,2026-01-19 13:43:00,2026-01-21 20:43:00,Lost Property,Resolved,Medium,Contact Centre,55,72,N,N
CASE001938,20260119,ST004,2026-01-19 11:49:00,,Cleanliness Complaint,Open,Medium,Mobile App,,36,N,N
CASE001939,20260119,ST010,2026-01-19 22:43:00,2026-01-20 08:43:00,Accessibility Assistance,Resolved,High,Station Desk,10,12,N,N
CASE001940,20260119,ST004,2026-01-19 08:26:00,2026-01-21 07:26:00,Staff Conduct,Resolved,Medium,Web Form,47,72,N,N
CASE001941,20260119,ST009,2026-01-19 21:08:00,,Staff Conduct,Open,High,Web Form,,72,N,N
CASE001942,20260120,ST007,2026-01-20 14:08:00,,Staff Conduct,Pending Customer,Medium,Station Desk,,72,N,N
CASE001943,20260120,ST010,2026-01-20 06:01:00,,Ticketing / Refund,Pending Customer,High,Web Form,,48,N,N
CASE001944,20260120,ST002,2026-01-20 18:22:00,2026-01-30 07:22:00,Staff Conduct,Resolved,Low,Web Form,229,72,Y,N
CASE001945,20260120,ST001,2026-01-20 19:57:00,2026-01-26 11:57:00,Service Disruption Complaint,Resolved,Medium,Web Form,136,72,Y,N
CASE001946,20260120,ST002,2026-01-20 12:06:00,,Delay Compensation,Escalated,Medium,Station Desk,,96,N,N
CASE001947,20260120,ST015,2026-01-20 16:03:00,2026-01-22 05:03:00,Cleanliness Complaint,Resolved,Medium,Mobile App,37,36,Y,N
CASE001948,20260121,ST004,2026-01-21 11:04:00,,Lost Property,Escalated,Low,Mobile App,,72,N,N
CASE001949,20260121,ST001,2026-01-21 20:28:00,,Accessibility Assistance,Open,Medium,Email,,12,N,N
CASE001950,20260121,ST013,2026-01-21 21:36:00,,Cleanliness Complaint,Open,Medium,Station Desk,,36,N,N
CASE001951,20260122,ST008,2026-01-22 18:46:00,2026-01-28 05:46:00,Delay Compensation,Resolved,Medium,Station Desk,131,96,Y,N
CASE001952,20260122,ST015,2026-01-22 09:34:00,2026-01-22 10:34:00,Lost Property,Resolved,Medium,Contact Centre,1,72,N,N
CASE001953,20260122,ST004,2026-01-22 11:00:00,,Information Request,Pending Customer,Medium,Contact Centre,,24,N,N
CASE001954,20260122,ST008,2026-01-22 06:53:00,,Delay Compensation,Pending Customer,High,Email,,96,N,N
CASE001955,20260122,ST014,2026-01-22 06:32:00,2026-01-23 20:32:00,Delay Compensation,Resolved,Medium,Email,38,96,N,N
CASE001956,20260122,ST003,2026-01-22 20:37:00,,Cleanliness Complaint,Open,Low,Email,,36,N,N
CASE001957,20260122,ST007,2026-01-22 19:44:00,2026-01-27 04:44:00,Ticketing / Refund,Resolved,Low,Mobile App,105,48,Y,N
CASE001958,20260122,ST010,2026-01-22 16:35:00,2026-01-23 02:35:00,Accessibility Assistance,Resolved,Medium,Contact Centre,10,12,N,N
CASE001959,20260123,ST003,2026-01-23 16:01:00,,Accessibility Assistance,Open,High,Mobile App,,12,N,N
CASE001960,20260123,ST012,2026-01-23 22:04:00,2026-01-26 21:04:00,Lost Property,Resolved,Medium,Mobile App,71,72,N,N
CASE001961,20260123,ST016,2026-01-23 19:01:00,2026-01-26 13:01:00,Delay Compensation,Resolved,Urgent,Contact Centre,66,96,N,N
CASE001962,20260123,ST013,2026-01-23 13:45:00,2026-01-25 05:45:00,Service Disruption Complaint,Resolved,Medium,Mobile App,40,72,N,N
CASE001963,20260124,ST011,2026-01-24 22:36:00,2026-01-25 17:36:00,Information Request,Resolved,Medium,Station Desk,19,24,N,N
CASE001964,20260124,ST010,2026-01-24 21:52:00,2026-01-28 11:52:00,Lost Property,Resolved,High,Station Desk,86,72,Y,N
CASE001965,20260124,ST001,2026-01-24 11:22:00,2026-01-24 12:22:00,Information Request,Resolved,Low,Web Form,1,24,N,N
CASE001966,20260125,ST003,2026-01-25 12:55:00,2026-01-27 14:55:00,Ticketing / Refund,Resolved,Low,Mobile App,50,48,Y,N
CASE001967,20260125,ST015,2026-01-25 07:10:00,2026-01-27 22:10:00,Lost Property,Resolved,Medium,Contact Centre,63,72,N,N
CASE001968,20260125,ST004,2026-01-25 06:21:00,2026-01-27 05:21:00,Ticketing / Refund,Resolved,High,Web Form,47,48,N,Y
CASE001969,20260125,ST003,2026-01-25 12:35:00,2026-01-29 06:35:00,Delay Compensation,Resolved,Medium,Web Form,90,96,N,N
CASE001970,20260125,ST014,2026-01-25 19:47:00,2026-01-27 09:47:00,Cleanliness Complaint,Resolved,Low,Contact Centre,38,36,Y,N
CASE001971,20260126,ST016,2026-01-26 22:41:00,2026-01-26 23:41:00,Information Request,Resolved,Low,Contact Centre,1,24,N,N
CASE001972,20260126,ST001,2026-01-26 16:30:00,2026-02-03 06:30:00,Delay Compensation,Resolved,High,Web Form,182,96,Y,N
CASE001973,20260126,ST003,2026-01-26 12:48:00,2026-01-30 14:48:00,Service Disruption Complaint,Resolved,Urgent,Contact Centre,98,72,Y,N
CASE001974,20260126,ST014,2026-01-26 13:47:00,,Service Disruption Complaint,Pending Customer,Urgent,Contact Centre,,72,N,N
CASE001975,20260126,ST002,2026-01-26 19:18:00,2026-01-27 07:18:00,Information Request,Resolved,Urgent,Mobile App,12,24,N,N
CASE001976,20260126,ST009,2026-01-26 17:16:00,,Staff Conduct,Pending Customer,Medium,Contact Centre,,72,N,N
CASE001977,20260127,ST003,2026-01-27 14:39:00,2026-02-01 09:39:00,Lost Property,Resolved,Low,Station Desk,115,72,Y,N
CASE001978,20260127,ST003,2026-01-27 14:13:00,2026-01-29 08:13:00,Ticketing / Refund,Resolved,High,Contact Centre,42,48,N,N
CASE001979,20260127,ST016,2026-01-27 09:59:00,2026-01-29 01:59:00,Service Disruption Complaint,Resolved,Medium,Web Form,40,72,N,N
CASE001980,20260127,ST001,2026-01-27 17:27:00,2026-01-27 18:27:00,Lost Property,Resolved,Low,Email,1,72,N,Y
CASE001981,20260127,ST013,2026-01-27 20:34:00,2026-01-31 01:34:00,Delay Compensation,Resolved,Urgent,Mobile App,77,96,N,N
CASE001982,20260128,ST001,2026-01-28 09:08:00,,Service Disruption Complaint,Escalated,Medium,Web Form,,72,N,N
CASE001983,20260128,ST012,2026-01-28 15:22:00,2026-01-29 00:22:00,Service Disruption Complaint,Resolved,Urgent,Station Desk,9,72,N,N
CASE001984,20260128,ST002,2026-01-28 06:32:00,2026-01-28 09:32:00,Ticketing / Refund,Resolved,High,Web Form,3,48,N,N
CASE001985,20260128,ST013,2026-01-28 10:12:00,2026-02-01 14:12:00,Service Disruption Complaint,Resolved,High,Mobile App,100,72,Y,N
CASE001986,20260128,ST010,2026-01-28 12:20:00,2026-01-29 03:20:00,Ticketing / Refund,Resolved,High,Station Desk,15,48,N,Y
CASE001987,20260128,ST001,2026-01-28 07:21:00,2026-01-28 16:21:00,Cleanliness Complaint,Resolved,Urgent,Mobile App,9,36,N,N
CASE001988,20260128,ST008,2026-01-28 15:59:00,2026-01-31 21:59:00,Service Disruption Complaint,Resolved,Low,Web Form,78,72,Y,N
CASE001989,20260129,ST008,2026-01-29 06:17:00,2026-02-03 03:17:00,Information Request,Resolved,Medium,Station Desk,117,24,Y,N
CASE001990,20260129,ST001,2026-01-29 17:12:00,2026-01-30 18:12:00,Service Disruption Complaint,Resolved,Medium,Mobile App,25,72,N,N
CASE001991,20260129,ST010,2026-01-29 19:11:00,2026-01-29 22:11:00,Service Disruption Complaint,Resolved,Medium,Web Form,3,72,N,Y
CASE001992,20260129,ST003,2026-01-29 22:50:00,2026-02-07 13:50:00,Ticketing / Refund,Resolved,Medium,Contact Centre,207,48,Y,N
CASE001993,20260130,ST002,2026-01-30 22:03:00,2026-02-02 21:03:00,Ticketing / Refund,Resolved,High,Contact Centre,71,48,Y,N
CASE001994,20260130,ST006,2026-01-30 12:33:00,2026-01-30 19:33:00,Information Request,Resolved,High,Station Desk,7,24,N,Y
CASE001995,20260130,ST009,2026-01-30 10:09:00,2026-02-04 19:09:00,Lost Property,Resolved,Medium,Email,129,72,Y,N
CASE001996,20260130,ST006,2026-01-30 18:23:00,,Lost Property,Escalated,Low,Web Form,,72,N,N
CASE001997,20260130,ST001,2026-01-30 21:57:00,,Ticketing / Refund,Open,Medium,Web Form,,48,N,N
CASE001998,20260130,ST014,2026-01-30 16:03:00,2026-02-01 22:03:00,Cleanliness Complaint,Resolved,Low,Contact Centre,54,36,Y,N
CASE001999,20260130,ST014,2026-01-30 16:34:00,,Ticketing / Refund,Pending Customer,Low,Station Desk,,48,N,N
CASE002000,20260131,ST016,2026-01-31 09:58:00,,Lost Property,Open,High,Contact Centre,,72,N,N
CASE002001,20260131,ST004,2026-01-31 07:17:00,2026-01-31 10:17:00,Delay Compensation,Resolved,Low,Web Form,3,96,N,N
CASE002002,20260131,ST007,2026-01-31 19:59:00,2026-02-03 18:59:00,Ticketing / Refund,Resolved,Medium,Station Desk,71,48,Y,N
CASE002003,20260201,ST010,2026-02-01 20:05:00,2026-02-05 23:05:00,Lost Property,Resolved,Low,Station Desk,99,72,Y,N
CASE002004,20260201,ST007,2026-02-01 06:56:00,2026-02-04 09:56:00,Delay Compensation,Resolved,Medium,Contact Centre,75,96,N,N
CASE002005,20260201,ST009,2026-02-01 14:06:00,2026-02-04 16:06:00,Information Request,Resolved,Medium,Contact Centre,74,24,Y,N
CASE002006,20260201,ST001,2026-02-01 16:03:00,,Service Disruption Complaint,Pending Customer,Medium,Email,,72,N,N
CASE002007,20260201,ST001,2026-02-01 15:11:00,2026-02-02 03:11:00,Accessibility Assistance,Resolved,High,Web Form,12,12,N,N
CASE002008,20260202,ST001,2026-02-02 14:42:00,,Delay Compensation,Open,Low,Email,,96,N,N
CASE002009,20260202,ST014,2026-02-02 14:21:00,2026-02-03 11:21:00,Information Request,Resolved,High,Web Form,21,24,N,N
CASE002010,20260202,ST006,2026-02-02 21:05:00,2026-02-05 04:05:00,Accessibility Assistance,Resolved,High,Mobile App,55,12,Y,N
CASE002011,20260202,ST010,2026-02-02 17:32:00,,Accessibility Assistance,Open,High,Email,,12,N,Y
CASE002012,20260202,ST001,2026-02-02 09:48:00,2026-02-03 14:48:00,Ticketing / Refund,Resolved,High,Email,29,48,N,Y
CASE002013,20260203,ST010,2026-02-03 19:18:00,2026-02-03 21:18:00,Service Disruption Complaint,Resolved,Medium,Station Desk,2,72,N,N
CASE002014,20260203,ST001,2026-02-03 17:28:00,,Cleanliness Complaint,Escalated,High,Contact Centre,,36,N,Y
CASE002015,20260203,ST014,2026-02-03 12:34:00,2026-02-06 15:34:00,Lost Property,Resolved,Medium,Contact Centre,75,72,Y,N
CASE002016,20260203,ST002,2026-02-03 18:09:00,2026-02-05 09:09:00,Service Disruption Complaint,Resolved,Medium,Web Form,39,72,N,N
CASE002017,20260204,ST009,2026-02-04 06:54:00,2026-02-05 19:54:00,Service Disruption Complaint,Resolved,High,Station Desk,37,72,N,N
CASE002018,20260204,ST007,2026-02-04 10:08:00,2026-02-04 11:08:00,Accessibility Assistance,Resolved,Low,Email,1,12,N,N
CASE002019,20260204,ST002,2026-02-04 08:52:00,2026-02-04 23:52:00,Information Request,Resolved,Medium,Contact Centre,15,24,N,N
CASE002020,20260205,ST012,2026-02-05 16:10:00,2026-02-09 14:10:00,Delay Compensation,Resolved,Urgent,Contact Centre,94,96,N,Y
CASE002021,20260205,ST013,2026-02-05 15:24:00,2026-02-06 05:24:00,Ticketing / Refund,Resolved,High,Web Form,14,48,N,N
CASE002022,20260205,ST010,2026-02-05 14:20:00,2026-02-10 03:20:00,Service Disruption Complaint,Resolved,Low,Web Form,109,72,Y,N
CASE002023,20260205,ST006,2026-02-05 22:30:00,2026-02-06 18:30:00,Lost Property,Resolved,Medium,Contact Centre,20,72,N,Y
CASE002024,20260205,ST013,2026-02-05 18:57:00,,Lost Property,Pending Customer,Medium,Web Form,,72,N,N
CASE002025,20260205,ST004,2026-02-05 17:10:00,2026-02-09 22:10:00,Service Disruption Complaint,Resolved,Low,Mobile App,101,72,Y,N
CASE002026,20260206,ST001,2026-02-06 10:05:00,2026-02-09 08:05:00,Lost Property,Resolved,Medium,Web Form,70,72,N,N
CASE002027,20260206,ST010,2026-02-06 20:28:00,2026-02-08 01:28:00,Information Request,Resolved,High,Contact Centre,29,24,Y,N
CASE002028,20260206,ST015,2026-02-06 08:15:00,2026-02-08 01:15:00,Lost Property,Resolved,Low,Contact Centre,41,72,N,Y
CASE002029,20260207,ST015,2026-02-07 09:28:00,,Accessibility Assistance,Open,High,Web Form,,12,N,N
CASE002030,20260207,ST008,2026-02-07 09:35:00,2026-02-14 07:35:00,Service Disruption Complaint,Resolved,Low,Mobile App,166,72,Y,N
CASE002031,20260207,ST010,2026-02-07 15:36:00,2026-02-10 16:36:00,Service Disruption Complaint,Resolved,Low,Mobile App,73,72,Y,N
CASE002032,20260207,ST007,2026-02-07 18:31:00,,Accessibility Assistance,Pending Customer,Medium,Mobile App,,12,N,N
CASE002033,20260207,ST003,2026-02-07 21:14:00,,Ticketing / Refund,Pending Customer,Medium,Email,,48,N,N
CASE002034,20260207,ST012,2026-02-07 18:40:00,2026-02-08 14:40:00,Accessibility Assistance,Resolved,High,Web Form,20,12,Y,N
CASE002035,20260207,ST001,2026-02-07 21:28:00,,Ticketing / Refund,Pending Customer,Low,Web Form,,48,N,N
CASE002036,20260208,ST012,2026-02-08 12:31:00,2026-02-09 03:31:00,Accessibility Assistance,Resolved,Medium,Station Desk,15,12,Y,N
CASE002037,20260208,ST010,2026-02-08 16:02:00,2026-02-09 02:02:00,Information Request,Resolved,Medium,Contact Centre,10,24,N,N
CASE002038,20260208,ST004,2026-02-08 22:31:00,,Delay Compensation,Escalated,High,Station Desk,,96,N,N
CASE002039,20260208,ST014,2026-02-08 09:10:00,2026-02-14 11:10:00,Ticketing / Refund,Resolved,Low,Mobile App,146,48,Y,N
CASE002040,20260209,ST007,2026-02-09 20:35:00,2026-02-09 21:35:00,Lost Property,Resolved,Medium,Web Form,1,72,N,N
CASE002041,20260209,ST002,2026-02-09 06:09:00,2026-02-13 18:09:00,Delay Compensation,Resolved,Low,Contact Centre,108,96,Y,N
CASE002042,20260209,ST004,2026-02-09 19:47:00,2026-02-10 05:47:00,Lost Property,Resolved,Low,Station Desk,10,72,N,N
CASE002043,20260209,ST010,2026-02-09 16:27:00,2026-02-10 15:27:00,Ticketing / Refund,Resolved,Medium,Contact Centre,23,48,N,N
CASE002044,20260209,ST008,2026-02-09 20:49:00,2026-02-11 11:49:00,Ticketing / Refund,Resolved,Low,Contact Centre,39,48,N,N
CASE002045,20260209,ST006,2026-02-09 06:04:00,,Delay Compensation,Open,Medium,Web Form,,96,N,Y
CASE002046,20260209,ST002,2026-02-09 13:06:00,2026-02-10 18:06:00,Staff Conduct,Resolved,Low,Web Form,29,72,N,N
CASE002047,20260209,ST001,2026-02-09 21:18:00,2026-02-11 01:18:00,Ticketing / Refund,Resolved,High,Contact Centre,28,48,N,N
CASE002048,20260210,ST005,2026-02-10 16:14:00,,Information Request,Open,Low,Email,,24,N,Y
CASE002049,20260210,ST003,2026-02-10 10:17:00,,Staff Conduct,Open,Medium,Web Form,,72,N,N
CASE002050,20260211,ST011,2026-02-11 11:25:00,2026-02-14 18:25:00,Lost Property,Resolved,High,Contact Centre,79,72,Y,N
CASE002051,20260211,ST001,2026-02-11 20:09:00,,Delay Compensation,Escalated,Low,Mobile App,,96,N,N
CASE002052,20260211,ST011,2026-02-11 12:40:00,,Service Disruption Complaint,Pending Customer,Medium,Web Form,,72,N,N
CASE002053,20260212,ST003,2026-02-12 14:33:00,2026-02-15 00:33:00,Ticketing / Refund,Resolved,Medium,Contact Centre,58,48,Y,N
CASE002054,20260212,ST002,2026-02-12 21:00:00,2026-02-15 08:00:00,Delay Compensation,Resolved,Medium,Station Desk,59,96,N,N
CASE002055,20260212,ST002,2026-02-12 16:11:00,,Ticketing / Refund,Open,Low,Mobile App,,48,N,N
CASE002056,20260212,ST013,2026-02-12 13:50:00,2026-02-13 15:50:00,Service Disruption Complaint,Resolved,Medium,Email,26,72,N,N
CASE002057,20260212,ST002,2026-02-12 13:14:00,2026-02-13 07:14:00,Delay Compensation,Resolved,Medium,Contact Centre,18,96,N,N
CASE002058,20260213,ST007,2026-02-13 12:14:00,2026-02-15 18:14:00,Ticketing / Refund,Resolved,Low,Contact Centre,54,48,Y,N
CASE002059,20260213,ST010,2026-02-13 12:45:00,,Accessibility Assistance,Escalated,High,Contact Centre,,12,N,N
CASE002060,20260213,ST001,2026-02-13 14:45:00,2026-02-15 13:45:00,Service Disruption Complaint,Resolved,High,Station Desk,47,72,N,N
CASE002061,20260214,ST001,2026-02-14 22:34:00,,Service Disruption Complaint,Pending Customer,High,Contact Centre,,72,N,N
CASE002062,20260214,ST015,2026-02-14 13:03:00,2026-02-15 05:03:00,Information Request,Resolved,Medium,Mobile App,16,24,N,N
CASE002063,20260215,ST009,2026-02-15 07:35:00,,Lost Property,Open,Urgent,Contact Centre,,72,N,N
CASE002064,20260215,ST002,2026-02-15 13:57:00,,Delay Compensation,Pending Customer,Low,Mobile App,,96,N,Y
CASE002065,20260215,ST001,2026-02-15 06:10:00,2026-02-15 18:10:00,Cleanliness Complaint,Resolved,Low,Mobile App,12,36,N,N
CASE002066,20260215,ST006,2026-02-15 11:59:00,2026-02-17 16:59:00,Lost Property,Resolved,Low,Web Form,53,72,N,Y
CASE002067,20260216,ST013,2026-02-16 19:37:00,2026-02-17 12:37:00,Accessibility Assistance,Resolved,Medium,Mobile App,17,12,Y,N
CASE002068,20260216,ST001,2026-02-16 12:14:00,,Cleanliness Complaint,Open,High,Station Desk,,36,N,Y
CASE002069,20260216,ST003,2026-02-16 18:44:00,2026-02-16 19:44:00,Ticketing / Refund,Resolved,Medium,Web Form,1,48,N,N
CASE002070,20260216,ST013,2026-02-16 11:37:00,2026-02-19 13:37:00,Service Disruption Complaint,Resolved,High,Email,74,72,Y,N
CASE002071,20260216,ST013,2026-02-16 16:09:00,2026-02-18 22:09:00,Service Disruption Complaint,Resolved,Medium,Mobile App,54,72,N,N
CASE002072,20260217,ST006,2026-02-17 21:16:00,,Accessibility Assistance,Open,Medium,Contact Centre,,12,N,N
CASE002073,20260217,ST008,2026-02-17 07:45:00,,Service Disruption Complaint,Open,Medium,Email,,72,N,N
CASE002074,20260217,ST008,2026-02-17 18:36:00,2026-02-24 14:36:00,Service Disruption Complaint,Resolved,High,Web Form,164,72,Y,Y
CASE002075,20260217,ST002,2026-02-17 11:30:00,2026-02-18 12:30:00,Ticketing / Refund,Resolved,Medium,Email,25,48,N,N
CASE002076,20260217,ST005,2026-02-17 11:32:00,2026-02-17 12:32:00,Ticketing / Refund,Resolved,Medium,Station Desk,1,48,N,N
CASE002077,20260217,ST016,2026-02-17 22:18:00,2026-02-19 18:18:00,Ticketing / Refund,Resolved,Medium,Contact Centre,44,48,N,N
CASE002078,20260217,ST010,2026-02-17 15:23:00,2026-02-18 02:23:00,Accessibility Assistance,Resolved,Low,Mobile App,11,12,N,Y
CASE002079,20260217,ST013,2026-02-17 08:00:00,2026-02-19 08:00:00,Service Disruption Complaint,Resolved,Low,Web Form,48,72,N,N
CASE002080,20260218,ST007,2026-02-18 10:17:00,2026-02-21 06:17:00,Lost Property,Resolved,Medium,Email,68,72,N,N
CASE002081,20260218,ST003,2026-02-18 18:44:00,,Information Request,Open,Medium,Email,,24,N,N
CASE002082,20260218,ST014,2026-02-18 14:54:00,2026-02-19 01:54:00,Delay Compensation,Resolved,Low,Email,11,96,N,Y
CASE002083,20260218,ST003,2026-02-18 15:30:00,2026-02-18 21:30:00,Information Request,Resolved,Medium,Mobile App,6,24,N,Y
CASE002084,20260218,ST013,2026-02-18 18:25:00,2026-02-18 20:25:00,Accessibility Assistance,Resolved,Medium,Mobile App,2,12,N,Y
CASE002085,20260219,ST005,2026-02-19 08:13:00,2026-02-21 10:13:00,Information Request,Resolved,Medium,Station Desk,50,24,Y,N
CASE002086,20260219,ST013,2026-02-19 19:48:00,2026-02-22 11:48:00,Ticketing / Refund,Resolved,Low,Email,64,48,Y,N
CASE002087,20260219,ST013,2026-02-19 08:01:00,2026-02-23 06:01:00,Delay Compensation,Resolved,Medium,Web Form,94,96,N,N
CASE002088,20260220,ST004,2026-02-20 22:54:00,2026-02-23 14:54:00,Service Disruption Complaint,Resolved,Medium,Email,64,72,N,N
CASE002089,20260220,ST001,2026-02-20 15:01:00,2026-02-22 04:01:00,Cleanliness Complaint,Resolved,Medium,Mobile App,37,36,Y,Y
CASE002090,20260221,ST016,2026-02-21 08:44:00,2026-02-26 08:44:00,Delay Compensation,Resolved,Low,Web Form,120,96,Y,N
CASE002091,20260221,ST006,2026-02-21 06:27:00,2026-02-24 01:27:00,Service Disruption Complaint,Resolved,High,Station Desk,67,72,N,Y
CASE002092,20260221,ST015,2026-02-21 17:05:00,,Information Request,Open,Medium,Web Form,,24,N,N
CASE002093,20260221,ST001,2026-02-21 09:16:00,2026-02-21 16:16:00,Accessibility Assistance,Resolved,Low,Station Desk,7,12,N,N
CASE002094,20260221,ST004,2026-02-21 07:59:00,2026-02-21 08:59:00,Information Request,Resolved,Low,Web Form,1,24,N,N
CASE002095,20260221,ST004,2026-02-21 10:58:00,2026-02-22 10:58:00,Ticketing / Refund,Resolved,Medium,Web Form,24,48,N,N
CASE002096,20260222,ST009,2026-02-22 06:00:00,2026-02-22 07:00:00,Delay Compensation,Resolved,Medium,Web Form,1,96,N,N
CASE002097,20260222,ST007,2026-02-22 11:51:00,2026-02-24 14:51:00,Ticketing / Refund,Resolved,Medium,Contact Centre,51,48,Y,N
CASE002098,20260222,ST013,2026-02-22 09:19:00,2026-02-26 03:19:00,Service Disruption Complaint,Resolved,Low,Station Desk,90,72,Y,Y
CASE002099,20260222,ST009,2026-02-22 08:37:00,,Ticketing / Refund,Open,Low,Station Desk,,48,N,N
CASE002100,20260222,ST001,2026-02-22 11:14:00,2026-02-25 13:14:00,Ticketing / Refund,Resolved,Medium,Contact Centre,74,48,Y,N
CASE002101,20260222,ST010,2026-02-22 15:47:00,2026-02-23 19:47:00,Cleanliness Complaint,Resolved,Low,Station Desk,28,36,N,N
CASE002102,20260222,ST009,2026-02-22 19:58:00,,Lost Property,Open,High,Mobile App,,72,N,N
CASE002103,20260223,ST007,2026-02-23 20:39:00,2026-02-23 21:39:00,Information Request,Resolved,Low,Web Form,1,24,N,N
CASE002104,20260223,ST003,2026-02-23 13:58:00,,Lost Property,Open,Medium,Mobile App,,72,N,N
CASE002105,20260223,ST002,2026-02-23 10:50:00,2026-02-26 21:50:00,Staff Conduct,Resolved,High,Mobile App,83,72,Y,N
CASE002106,20260223,ST011,2026-02-23 10:23:00,2026-02-25 14:23:00,Delay Compensation,Resolved,High,Contact Centre,52,96,N,N
CASE002107,20260223,ST003,2026-02-23 08:23:00,,Delay Compensation,Escalated,Medium,Contact Centre,,96,N,N
CASE002108,20260224,ST013,2026-02-24 22:38:00,,Delay Compensation,Pending Customer,Medium,Email,,96,N,N
CASE002109,20260224,ST007,2026-02-24 18:54:00,2026-02-25 07:54:00,Accessibility Assistance,Resolved,Medium,Email,13,12,Y,N
CASE002110,20260224,ST003,2026-02-24 14:04:00,,Information Request,Pending Customer,Medium,Contact Centre,,24,N,N
CASE002111,20260225,ST003,2026-02-25 16:46:00,2026-03-01 14:46:00,Ticketing / Refund,Resolved,Low,Email,94,48,Y,N
CASE002112,20260225,ST007,2026-02-25 06:08:00,2026-02-27 11:08:00,Cleanliness Complaint,Resolved,Medium,Station Desk,53,36,Y,N
CASE002113,20260225,ST001,2026-02-25 17:11:00,,Ticketing / Refund,Open,Medium,Station Desk,,48,N,N
CASE002114,20260226,ST011,2026-02-26 14:04:00,2026-02-27 16:04:00,Ticketing / Refund,Resolved,Urgent,Station Desk,26,48,N,N
CASE002115,20260226,ST010,2026-02-26 21:00:00,,Information Request,Open,Low,Email,,24,N,Y
CASE002116,20260226,ST001,2026-02-26 22:08:00,2026-02-28 04:08:00,Ticketing / Refund,Resolved,Medium,Email,30,48,N,N
CASE002117,20260226,ST011,2026-02-26 06:36:00,2026-02-27 13:36:00,Information Request,Resolved,Medium,Web Form,31,24,Y,N
CASE002118,20260227,ST003,2026-02-27 11:43:00,,Information Request,Open,Medium,Web Form,,24,N,N
CASE002119,20260227,ST004,2026-02-27 09:16:00,2026-02-27 18:16:00,Ticketing / Refund,Resolved,Medium,Station Desk,9,48,N,Y
CASE002120,20260227,ST003,2026-02-27 20:10:00,,Accessibility Assistance,Open,Low,Web Form,,12,N,N
CASE002121,20260228,ST012,2026-02-28 22:50:00,2026-03-01 10:50:00,Ticketing / Refund,Resolved,Low,Station Desk,12,48,N,Y
CASE002122,20260228,ST002,2026-02-28 09:47:00,2026-03-01 18:47:00,Lost Property,Resolved,Medium,Web Form,33,72,N,N
CASE002123,20260228,ST016,2026-02-28 09:31:00,,Delay Compensation,Pending Customer,Medium,Station Desk,,96,N,Y
CASE002124,20260228,ST002,2026-02-28 13:07:00,2026-03-01 17:07:00,Lost Property,Resolved,Low,Web Form,28,72,N,Y
CASE002125,20260228,ST003,2026-02-28 19:14:00,,Information Request,Open,Medium,Station Desk,,24,N,N
CASE002126,20260301,ST014,2026-03-01 06:01:00,2026-03-01 23:01:00,Information Request,Resolved,Low,Mobile App,17,24,N,N
CASE002127,20260301,ST002,2026-03-01 07:55:00,2026-03-01 18:55:00,Accessibility Assistance,Resolved,Medium,Station Desk,11,12,N,N
CASE002128,20260301,ST004,2026-03-01 19:44:00,2026-03-02 09:44:00,Accessibility Assistance,Resolved,Medium,Contact Centre,14,12,Y,N
CASE002129,20260301,ST006,2026-03-01 10:53:00,2026-03-05 03:53:00,Delay Compensation,Resolved,Medium,Mobile App,89,96,N,N
CASE002130,20260301,ST010,2026-03-01 18:30:00,2026-03-02 02:30:00,Accessibility Assistance,Resolved,High,Web Form,8,12,N,Y
CASE002131,20260301,ST002,2026-03-01 11:38:00,2026-03-06 14:38:00,Service Disruption Complaint,Resolved,High,Station Desk,123,72,Y,Y
CASE002132,20260302,ST015,2026-03-02 21:19:00,2026-03-07 05:19:00,Delay Compensation,Resolved,Medium,Contact Centre,104,96,Y,N
CASE002133,20260302,ST002,2026-03-02 17:31:00,2026-03-03 16:31:00,Ticketing / Refund,Resolved,High,Contact Centre,23,48,N,N
CASE002134,20260302,ST010,2026-03-02 14:29:00,2026-03-05 08:29:00,Ticketing / Refund,Resolved,High,Email,66,48,Y,N
CASE002135,20260302,ST014,2026-03-02 22:22:00,,Delay Compensation,Open,Medium,Email,,96,N,Y
CASE002136,20260302,ST001,2026-03-02 12:26:00,2026-03-03 07:26:00,Accessibility Assistance,Resolved,High,Mobile App,19,12,Y,N
CASE002137,20260302,ST006,2026-03-02 12:52:00,2026-03-03 14:52:00,Cleanliness Complaint,Resolved,High,Email,26,36,N,Y
CASE002138,20260302,ST009,2026-03-02 15:26:00,2026-03-05 22:26:00,Staff Conduct,Resolved,Medium,Email,79,72,Y,Y
CASE002139,20260302,ST003,2026-03-02 18:20:00,2026-03-03 01:20:00,Accessibility Assistance,Resolved,Medium,Contact Centre,7,12,N,Y
CASE002140,20260303,ST002,2026-03-03 22:16:00,2026-03-05 11:16:00,Ticketing / Refund,Resolved,Medium,Contact Centre,37,48,N,N
CASE002141,20260303,ST003,2026-03-03 12:42:00,2026-03-03 17:42:00,Service Disruption Complaint,Resolved,High,Contact Centre,5,72,N,N
CASE002142,20260303,ST005,2026-03-03 11:44:00,2026-03-05 01:44:00,Information Request,Resolved,Low,Email,38,24,Y,N
CASE002143,20260303,ST013,2026-03-03 08:08:00,,Ticketing / Refund,Pending Customer,Medium,Email,,48,N,N
CASE002144,20260303,ST005,2026-03-03 10:50:00,2026-03-05 06:50:00,Ticketing / Refund,Resolved,High,Station Desk,44,48,N,N
CASE002145,20260304,ST008,2026-03-04 22:19:00,2026-03-10 20:19:00,Ticketing / Refund,Resolved,Low,Mobile App,142,48,Y,N
CASE002146,20260304,ST006,2026-03-04 09:37:00,,Accessibility Assistance,Escalated,Medium,Station Desk,,12,N,N
CASE002147,20260304,ST002,2026-03-04 07:15:00,,Ticketing / Refund,Escalated,Low,Mobile App,,48,N,N
CASE002148,20260304,ST013,2026-03-04 22:53:00,,Information Request,Escalated,High,Email,,24,N,N
CASE002149,20260304,ST008,2026-03-04 07:05:00,2026-03-10 07:05:00,Service Disruption Complaint,Resolved,Medium,Contact Centre,144,72,Y,Y
CASE002150,20260304,ST002,2026-03-04 08:02:00,2026-03-05 21:02:00,Service Disruption Complaint,Resolved,Medium,Email,37,72,N,N
CASE002151,20260304,ST006,2026-03-04 07:03:00,2026-03-08 00:03:00,Delay Compensation,Resolved,Medium,Web Form,89,96,N,N
CASE002152,20260305,ST004,2026-03-05 21:29:00,2026-03-10 03:29:00,Service Disruption Complaint,Resolved,High,Mobile App,102,72,Y,N
CASE002153,20260305,ST006,2026-03-05 21:45:00,2026-03-07 01:45:00,Service Disruption Complaint,Resolved,Medium,Web Form,28,72,N,N
CASE002154,20260305,ST002,2026-03-05 13:52:00,,Lost Property,Open,Low,Mobile App,,72,N,N
CASE002155,20260305,ST010,2026-03-05 15:33:00,,Information Request,Escalated,Medium,Station Desk,,24,N,N
CASE002156,20260305,ST012,2026-03-05 09:28:00,,Lost Property,Pending Customer,Medium,Mobile App,,72,N,N
CASE002157,20260306,ST015,2026-03-06 19:10:00,2026-03-10 12:10:00,Ticketing / Refund,Resolved,Medium,Contact Centre,89,48,Y,Y
CASE002158,20260306,ST003,2026-03-06 15:52:00,2026-03-09 19:52:00,Staff Conduct,Resolved,Low,Contact Centre,76,72,Y,N
CASE002159,20260306,ST014,2026-03-06 11:48:00,,Accessibility Assistance,Escalated,Medium,Contact Centre,,12,N,N
CASE002160,20260306,ST004,2026-03-06 19:53:00,,Accessibility Assistance,Open,High,Email,,12,N,N
CASE002161,20260306,ST003,2026-03-06 22:44:00,,Accessibility Assistance,Escalated,Urgent,Station Desk,,12,N,Y
CASE002162,20260306,ST001,2026-03-06 16:45:00,2026-03-08 06:45:00,Ticketing / Refund,Resolved,Low,Web Form,38,48,N,N
CASE002163,20260306,ST010,2026-03-06 08:51:00,2026-03-06 11:51:00,Accessibility Assistance,Resolved,Low,Contact Centre,3,12,N,Y
CASE002164,20260306,ST010,2026-03-06 08:57:00,2026-03-06 15:57:00,Accessibility Assistance,Resolved,Low,Email,7,12,N,N
CASE002165,20260307,ST006,2026-03-07 15:51:00,2026-03-07 20:51:00,Staff Conduct,Resolved,Medium,Web Form,5,72,N,N
CASE002166,20260307,ST002,2026-03-07 18:12:00,2026-03-08 18:12:00,Information Request,Resolved,High,Web Form,24,24,N,N
CASE002167,20260307,ST001,2026-03-07 14:16:00,2026-03-10 15:16:00,Lost Property,Resolved,Medium,Mobile App,73,72,Y,Y
CASE002168,20260308,ST001,2026-03-08 21:41:00,2026-03-12 06:41:00,Delay Compensation,Resolved,Urgent,Email,81,96,N,N
CASE002169,20260308,ST010,2026-03-08 20:07:00,2026-03-10 00:07:00,Lost Property,Resolved,Medium,Email,28,72,N,N
CASE002170,20260308,ST001,2026-03-08 12:58:00,2026-03-09 03:58:00,Information Request,Resolved,High,Contact Centre,15,24,N,Y
CASE002171,20260308,ST014,2026-03-08 12:18:00,,Service Disruption Complaint,Open,Low,Station Desk,,72,N,N
CASE002172,20260309,ST003,2026-03-09 20:17:00,,Delay Compensation,Escalated,Low,Contact Centre,,96,N,N
CASE002173,20260309,ST007,2026-03-09 09:56:00,2026-03-13 18:56:00,Service Disruption Complaint,Resolved,Low,Mobile App,105,72,Y,Y
CASE002174,20260309,ST002,2026-03-09 18:28:00,2026-03-11 11:28:00,Ticketing / Refund,Resolved,Medium,Email,41,48,N,N
CASE002175,20260309,ST006,2026-03-09 22:48:00,,Ticketing / Refund,Open,Medium,Web Form,,48,N,N
CASE002176,20260310,ST010,2026-03-10 16:40:00,2026-03-11 07:40:00,Information Request,Resolved,Medium,Email,15,24,N,N
CASE002177,20260310,ST014,2026-03-10 15:50:00,2026-03-11 02:50:00,Accessibility Assistance,Resolved,Low,Mobile App,11,12,N,Y
CASE002178,20260310,ST014,2026-03-10 16:33:00,2026-03-12 01:33:00,Ticketing / Refund,Resolved,Medium,Station Desk,33,48,N,N
CASE002179,20260310,ST007,2026-03-10 09:49:00,2026-03-13 02:49:00,Service Disruption Complaint,Resolved,High,Web Form,65,72,N,Y
CASE002180,20260310,ST003,2026-03-10 11:41:00,,Service Disruption Complaint,Escalated,High,Station Desk,,72,N,N
CASE002181,20260311,ST013,2026-03-11 17:23:00,2026-03-12 05:23:00,Accessibility Assistance,Resolved,Medium,Mobile App,12,12,N,N
CASE002182,20260311,ST010,2026-03-11 22:44:00,2026-03-12 04:44:00,Accessibility Assistance,Resolved,Medium,Email,6,12,N,Y
CASE002183,20260311,ST015,2026-03-11 10:04:00,2026-03-13 02:04:00,Delay Compensation,Resolved,High,Email,40,96,N,N
CASE002184,20260312,ST010,2026-03-12 09:17:00,2026-03-15 09:17:00,Staff Conduct,Resolved,Medium,Station Desk,72,72,N,N
CASE002185,20260312,ST001,2026-03-12 22:48:00,,Lost Property,Open,High,Contact Centre,,72,N,N
CASE002186,20260312,ST012,2026-03-12 22:33:00,2026-03-13 07:33:00,Accessibility Assistance,Resolved,Medium,Web Form,9,12,N,N
CASE002187,20260313,ST004,2026-03-13 21:31:00,2026-03-17 08:31:00,Lost Property,Resolved,High,Email,83,72,Y,N
CASE002188,20260313,ST009,2026-03-13 08:35:00,2026-03-15 01:35:00,Cleanliness Complaint,Resolved,Medium,Email,41,36,Y,Y
CASE002189,20260313,ST003,2026-03-13 10:35:00,2026-03-14 09:35:00,Information Request,Resolved,High,Email,23,24,N,N
CASE002190,20260313,ST006,2026-03-13 12:36:00,2026-03-15 05:36:00,Lost Property,Resolved,Medium,Mobile App,41,72,N,N
CASE002191,20260313,ST010,2026-03-13 20:56:00,2026-03-13 21:56:00,Ticketing / Refund,Resolved,Low,Contact Centre,1,48,N,N
CASE002192,20260313,ST008,2026-03-13 20:36:00,2026-03-14 03:36:00,Delay Compensation,Resolved,Medium,Mobile App,7,96,N,Y
CASE002193,20260313,ST010,2026-03-13 07:29:00,2026-03-13 20:29:00,Information Request,Resolved,Medium,Web Form,13,24,N,Y
CASE002194,20260313,ST002,2026-03-13 14:06:00,,Service Disruption Complaint,Escalated,Low,Web Form,,72,N,N
CASE002195,20260314,ST011,2026-03-14 14:35:00,2026-03-18 16:35:00,Accessibility Assistance,Resolved,Low,Mobile App,98,12,Y,N
CASE002196,20260314,ST015,2026-03-14 10:18:00,2026-03-22 21:18:00,Cleanliness Complaint,Resolved,Medium,Contact Centre,203,36,Y,Y
CASE002197,20260314,ST001,2026-03-14 19:52:00,2026-03-20 08:52:00,Delay Compensation,Resolved,Low,Mobile App,133,96,Y,N
CASE002198,20260314,ST003,2026-03-14 20:06:00,2026-03-19 04:06:00,Service Disruption Complaint,Resolved,Urgent,Email,104,72,Y,N
CASE002199,20260314,ST004,2026-03-14 16:02:00,2026-03-15 03:02:00,Accessibility Assistance,Resolved,Medium,Web Form,11,12,N,Y
CASE002200,20260314,ST009,2026-03-14 11:15:00,2026-03-16 20:15:00,Ticketing / Refund,Resolved,Medium,Mobile App,57,48,Y,N
CASE002201,20260315,ST005,2026-03-15 15:27:00,2026-03-18 09:27:00,Staff Conduct,Resolved,Medium,Contact Centre,66,72,N,N
CASE002202,20260315,ST016,2026-03-15 09:52:00,2026-03-18 20:52:00,Ticketing / Refund,Resolved,High,Contact Centre,83,48,Y,N
CASE002203,20260315,ST013,2026-03-15 16:37:00,2026-03-17 17:37:00,Ticketing / Refund,Resolved,Low,Station Desk,49,48,Y,Y
CASE002204,20260315,ST010,2026-03-15 08:12:00,2026-03-19 06:12:00,Staff Conduct,Resolved,Medium,Web Form,94,72,Y,N
CASE002205,20260315,ST007,2026-03-15 18:17:00,,Delay Compensation,Escalated,High,Web Form,,96,N,Y
CASE002206,20260315,ST012,2026-03-15 22:17:00,2026-03-18 03:17:00,Lost Property,Resolved,High,Contact Centre,53,72,N,Y
CASE002207,20260316,ST012,2026-03-16 08:18:00,2026-03-16 18:18:00,Information Request,Resolved,Medium,Web Form,10,24,N,N
CASE002208,20260316,ST003,2026-03-16 10:37:00,2026-03-16 23:37:00,Ticketing / Refund,Resolved,High,Station Desk,13,48,N,N
CASE002209,20260316,ST004,2026-03-16 10:03:00,2026-03-18 09:03:00,Ticketing / Refund,Resolved,Medium,Mobile App,47,48,N,N
CASE002210,20260316,ST015,2026-03-16 07:56:00,2026-03-21 11:56:00,Ticketing / Refund,Resolved,Low,Contact Centre,124,48,Y,N
CASE002211,20260316,ST016,2026-03-16 15:15:00,2026-03-16 16:15:00,Lost Property,Resolved,Medium,Web Form,1,72,N,N
CASE002212,20260316,ST003,2026-03-16 22:10:00,2026-03-17 06:10:00,Accessibility Assistance,Resolved,Medium,Web Form,8,12,N,N
CASE002213,20260316,ST004,2026-03-16 08:25:00,2026-03-16 09:25:00,Delay Compensation,Resolved,Low,Email,1,96,N,N
CASE002214,20260316,ST013,2026-03-16 11:17:00,2026-03-18 08:17:00,Information Request,Resolved,High,Contact Centre,45,24,Y,N
CASE002215,20260316,ST009,2026-03-16 10:24:00,2026-03-17 07:24:00,Information Request,Resolved,Medium,Contact Centre,21,24,N,N
CASE002216,20260317,ST013,2026-03-17 08:06:00,2026-03-21 02:06:00,Service Disruption Complaint,Resolved,Medium,Contact Centre,90,72,Y,N
CASE002217,20260317,ST016,2026-03-17 18:34:00,2026-03-19 05:34:00,Cleanliness Complaint,Resolved,Medium,Web Form,35,36,N,N
CASE002218,20260317,ST010,2026-03-17 12:10:00,,Information Request,Pending Customer,Medium,Station Desk,,24,N,N
CASE002219,20260317,ST008,2026-03-17 18:10:00,2026-03-18 14:10:00,Accessibility Assistance,Resolved,High,Email,20,12,Y,Y
CASE002220,20260317,ST007,2026-03-17 13:32:00,2026-03-18 04:32:00,Accessibility Assistance,Resolved,Medium,Email,15,12,Y,N
CASE002221,20260317,ST007,2026-03-17 14:41:00,2026-03-21 02:41:00,Staff Conduct,Resolved,High,Mobile App,84,72,Y,N
CASE002222,20260317,ST009,2026-03-17 09:17:00,2026-03-21 05:17:00,Lost Property,Resolved,High,Email,92,72,Y,N
CASE002223,20260318,ST013,2026-03-18 11:28:00,2026-03-19 01:28:00,Accessibility Assistance,Resolved,Medium,Station Desk,14,12,Y,Y
CASE002224,20260318,ST012,2026-03-18 10:24:00,2026-03-19 06:24:00,Accessibility Assistance,Resolved,Medium,Station Desk,20,12,Y,N
CASE002225,20260318,ST015,2026-03-18 19:22:00,2026-03-22 02:22:00,Delay Compensation,Resolved,Low,Mobile App,79,96,N,N
CASE002226,20260318,ST013,2026-03-18 09:58:00,2026-03-20 09:58:00,Cleanliness Complaint,Resolved,Medium,Contact Centre,48,36,Y,N
CASE002227,20260319,ST007,2026-03-19 16:15:00,2026-03-21 17:15:00,Cleanliness Complaint,Resolved,High,Web Form,49,36,Y,N
CASE002228,20260319,ST014,2026-03-19 22:34:00,2026-03-23 08:34:00,Delay Compensation,Resolved,Low,Web Form,82,96,N,N
CASE002229,20260319,ST001,2026-03-19 06:21:00,2026-03-19 12:21:00,Information Request,Resolved,Urgent,Web Form,6,24,N,Y
CASE002230,20260319,ST005,2026-03-19 19:56:00,2026-03-22 11:56:00,Lost Property,Resolved,Medium,Contact Centre,64,72,N,N
CASE002231,20260319,ST014,2026-03-19 10:59:00,2026-03-22 07:59:00,Accessibility Assistance,Resolved,High,Web Form,69,12,Y,N
CASE002232,20260320,ST003,2026-03-20 14:37:00,2026-03-20 19:37:00,Information Request,Resolved,Low,Station Desk,5,24,N,N
CASE002233,20260320,ST004,2026-03-20 14:23:00,2026-03-22 17:23:00,Delay Compensation,Resolved,High,Station Desk,51,96,N,N
CASE002234,20260321,ST004,2026-03-21 16:03:00,2026-03-24 00:03:00,Ticketing / Refund,Resolved,Medium,Web Form,56,48,Y,N
CASE002235,20260321,ST014,2026-03-21 15:33:00,2026-03-26 09:33:00,Delay Compensation,Resolved,Low,Mobile App,114,96,Y,N
CASE002236,20260322,ST007,2026-03-22 22:03:00,2026-03-26 21:03:00,Lost Property,Resolved,Low,Web Form,95,72,Y,N
CASE002237,20260322,ST010,2026-03-22 21:35:00,2026-03-23 13:35:00,Accessibility Assistance,Resolved,Low,Station Desk,16,12,Y,N
CASE002238,20260322,ST002,2026-03-22 19:42:00,,Information Request,Pending Customer,Medium,Web Form,,24,N,N
CASE002239,20260322,ST006,2026-03-22 09:01:00,2026-03-25 06:01:00,Delay Compensation,Resolved,High,Mobile App,69,96,N,N
CASE002240,20260322,ST002,2026-03-22 09:29:00,2026-03-27 18:29:00,Ticketing / Refund,Resolved,Medium,Email,129,48,Y,N
CASE002241,20260323,ST003,2026-03-23 15:17:00,2026-03-24 21:17:00,Information Request,Resolved,Urgent,Web Form,30,24,Y,Y
CASE002242,20260323,ST006,2026-03-23 08:38:00,2026-03-23 09:38:00,Service Disruption Complaint,Resolved,Medium,Contact Centre,1,72,N,N
CASE002243,20260323,ST001,2026-03-23 20:56:00,2026-03-25 17:56:00,Lost Property,Resolved,Medium,Station Desk,45,72,N,N
CASE002244,20260323,ST004,2026-03-23 07:32:00,2026-03-25 21:32:00,Service Disruption Complaint,Resolved,High,Mobile App,62,72,N,Y
CASE002245,20260323,ST001,2026-03-23 10:00:00,,Ticketing / Refund,Pending Customer,Urgent,Email,,48,N,Y
CASE002246,20260323,ST007,2026-03-23 14:07:00,2026-03-25 21:07:00,Lost Property,Resolved,Low,Station Desk,55,72,N,N
CASE002247,20260323,ST015,2026-03-23 06:57:00,,Lost Property,Open,Medium,Web Form,,72,N,N
CASE002248,20260324,ST010,2026-03-24 19:00:00,2026-03-26 11:00:00,Ticketing / Refund,Resolved,High,Station Desk,40,48,N,N
CASE002249,20260324,ST002,2026-03-24 18:36:00,2026-03-26 23:36:00,Ticketing / Refund,Resolved,High,Mobile App,53,48,Y,N
CASE002250,20260324,ST006,2026-03-24 20:00:00,,Cleanliness Complaint,Pending Customer,Medium,Web Form,,36,N,Y
CASE002251,20260324,ST014,2026-03-24 10:42:00,,Lost Property,Pending Customer,Medium,Email,,72,N,N
CASE002252,20260324,ST011,2026-03-24 14:31:00,2026-03-25 13:31:00,Cleanliness Complaint,Resolved,Medium,Contact Centre,23,36,N,N
CASE002253,20260325,ST002,2026-03-25 15:08:00,,Ticketing / Refund,Pending Customer,Medium,Email,,48,N,N
CASE002254,20260325,ST001,2026-03-25 15:17:00,2026-03-26 21:17:00,Ticketing / Refund,Resolved,Low,Email,30,48,N,N
CASE002255,20260325,ST002,2026-03-25 10:32:00,2026-03-28 15:32:00,Delay Compensation,Resolved,High,Contact Centre,77,96,N,N
CASE002256,20260325,ST006,2026-03-25 21:30:00,2026-04-01 15:30:00,Delay Compensation,Resolved,High,Email,162,96,Y,N
CASE002257,20260325,ST001,2026-03-25 20:50:00,2026-03-26 07:50:00,Lost Property,Resolved,Low,Email,11,72,N,N
CASE002258,20260325,ST010,2026-03-25 20:00:00,,Ticketing / Refund,Pending Customer,Urgent,Email,,48,N,N
CASE002259,20260325,ST010,2026-03-25 06:14:00,,Ticketing / Refund,Escalated,Medium,Email,,48,N,Y
CASE002260,20260326,ST004,2026-03-26 17:30:00,2026-04-01 06:30:00,Service Disruption Complaint,Resolved,Medium,Web Form,133,72,Y,N
CASE002261,20260326,ST003,2026-03-26 19:56:00,,Ticketing / Refund,Open,Low,Email,,48,N,N
CASE002262,20260326,ST013,2026-03-26 09:19:00,2026-03-29 02:19:00,Service Disruption Complaint,Resolved,High,Email,65,72,N,Y
CASE002263,20260327,ST004,2026-03-27 07:03:00,2026-03-29 17:03:00,Ticketing / Refund,Resolved,Low,Contact Centre,58,48,Y,N
CASE002264,20260327,ST004,2026-03-27 17:49:00,2026-03-28 08:49:00,Information Request,Resolved,Medium,Web Form,15,24,N,N
CASE002265,20260327,ST003,2026-03-27 20:35:00,2026-03-31 17:35:00,Lost Property,Resolved,Medium,Contact Centre,93,72,Y,N
CASE002266,20260327,ST006,2026-03-27 15:49:00,2026-03-31 13:49:00,Staff Conduct,Resolved,Low,Email,94,72,Y,N
CASE002267,20260327,ST016,2026-03-27 09:22:00,2026-03-28 01:22:00,Ticketing / Refund,Resolved,Urgent,Email,16,48,N,N
CASE002268,20260327,ST005,2026-03-27 17:19:00,2026-04-05 00:19:00,Cleanliness Complaint,Resolved,Medium,Contact Centre,199,36,Y,N
CASE002269,20260327,ST011,2026-03-27 17:54:00,2026-03-29 07:54:00,Lost Property,Resolved,Medium,Email,38,72,N,N
CASE002270,20260328,ST006,2026-03-28 10:15:00,2026-03-29 19:15:00,Service Disruption Complaint,Resolved,Medium,Email,33,72,N,N
CASE002271,20260328,ST010,2026-03-28 16:47:00,2026-04-01 16:47:00,Information Request,Resolved,Medium,Web Form,96,24,Y,N
CASE002272,20260328,ST003,2026-03-28 07:34:00,,Delay Compensation,Pending Customer,High,Email,,96,N,N
CASE002273,20260329,ST016,2026-03-29 13:27:00,,Lost Property,Open,Medium,Web Form,,72,N,N
CASE002274,20260329,ST001,2026-03-29 09:26:00,2026-04-02 22:26:00,Staff Conduct,Resolved,Low,Station Desk,109,72,Y,N
CASE002275,20260329,ST012,2026-03-29 12:57:00,2026-03-31 22:57:00,Delay Compensation,Resolved,Medium,Email,58,96,N,N
CASE002276,20260329,ST010,2026-03-29 11:06:00,2026-04-06 00:06:00,Service Disruption Complaint,Resolved,Medium,Contact Centre,181,72,Y,Y
CASE002277,20260330,ST008,2026-03-30 16:38:00,2026-03-31 00:38:00,Information Request,Resolved,Low,Web Form,8,24,N,N
CASE002278,20260330,ST014,2026-03-30 11:18:00,2026-03-30 21:18:00,Accessibility Assistance,Resolved,Medium,Contact Centre,10,12,N,N
CASE002279,20260330,ST007,2026-03-30 19:01:00,,Accessibility Assistance,Pending Customer,Low,Web Form,,12,N,N
CASE002280,20260330,ST004,2026-03-30 07:59:00,,Ticketing / Refund,Pending Customer,Medium,Station Desk,,48,N,Y
CASE002281,20260330,ST010,2026-03-30 15:04:00,2026-04-01 18:04:00,Ticketing / Refund,Resolved,Medium,Mobile App,51,48,Y,N
CASE002282,20260330,ST012,2026-03-30 08:01:00,,Delay Compensation,Escalated,Medium,Contact Centre,,96,N,Y
CASE002283,20260330,ST010,2026-03-30 16:23:00,2026-03-31 16:23:00,Lost Property,Resolved,Low,Contact Centre,24,72,N,N
CASE002284,20260331,ST007,2026-03-31 07:03:00,2026-04-02 23:03:00,Ticketing / Refund,Resolved,High,Station Desk,64,48,Y,N
CASE002285,20260331,ST007,2026-03-31 21:21:00,2026-04-03 03:21:00,Delay Compensation,Resolved,Medium,Contact Centre,54,96,N,N
CASE002286,20260331,ST008,2026-03-31 13:25:00,2026-03-31 17:25:00,Lost Property,Resolved,Medium,Contact Centre,4,72,N,N
CASE002287,20260331,ST011,2026-03-31 17:26:00,,Lost Property,Open,Medium,Contact Centre,,72,N,N
CASE002288,20260401,ST004,2026-04-01 06:33:00,2026-04-01 15:33:00,Accessibility Assistance,Resolved,Medium,Web Form,9,12,N,N
CASE002289,20260401,ST003,2026-04-01 10:26:00,,Cleanliness Complaint,Open,Low,Station Desk,,36,N,N
CASE002290,20260401,ST014,2026-04-01 22:21:00,2026-04-03 21:21:00,Service Disruption Complaint,Resolved,Medium,Mobile App,47,72,N,N
CASE002291,20260401,ST007,2026-04-01 13:26:00,2026-04-02 01:26:00,Staff Conduct,Resolved,High,Mobile App,12,72,N,N
CASE002292,20260401,ST003,2026-04-01 19:07:00,2026-04-03 14:07:00,Lost Property,Resolved,Medium,Email,43,72,N,N
CASE002293,20260401,ST009,2026-04-01 14:07:00,2026-04-02 05:07:00,Service Disruption Complaint,Resolved,Low,Contact Centre,15,72,N,N
CASE002294,20260401,ST013,2026-04-01 19:44:00,,Ticketing / Refund,Pending Customer,High,Web Form,,48,N,Y
CASE002295,20260402,ST009,2026-04-02 09:21:00,2026-04-02 19:21:00,Accessibility Assistance,Resolved,Low,Web Form,10,12,N,N
CASE002296,20260402,ST007,2026-04-02 16:23:00,,Staff Conduct,Escalated,Medium,Contact Centre,,72,N,N
CASE002297,20260402,ST004,2026-04-02 07:10:00,2026-04-04 07:10:00,Ticketing / Refund,Resolved,High,Email,48,48,N,N
CASE002298,20260402,ST001,2026-04-02 15:34:00,2026-04-06 23:34:00,Delay Compensation,Resolved,Medium,Web Form,104,96,Y,N
CASE002299,20260402,ST004,2026-04-02 17:32:00,2026-04-09 00:32:00,Cleanliness Complaint,Resolved,Urgent,Web Form,151,36,Y,Y
CASE002300,20260402,ST006,2026-04-02 09:15:00,2026-04-03 09:15:00,Delay Compensation,Resolved,Medium,Email,24,96,N,N
CASE002301,20260402,ST008,2026-04-02 11:08:00,2026-04-06 23:08:00,Service Disruption Complaint,Resolved,High,Email,108,72,Y,N
CASE002302,20260402,ST010,2026-04-02 17:23:00,,Accessibility Assistance,Pending Customer,High,Mobile App,,12,N,N
CASE002303,20260403,ST016,2026-04-03 16:09:00,,Ticketing / Refund,Open,Low,Contact Centre,,48,N,Y
CASE002304,20260403,ST001,2026-04-03 07:10:00,2026-04-05 02:10:00,Ticketing / Refund,Resolved,High,Email,43,48,N,N
CASE002305,20260403,ST014,2026-04-03 17:41:00,,Accessibility Assistance,Escalated,Medium,Contact Centre,,12,N,Y
CASE002306,20260403,ST002,2026-04-03 06:32:00,2026-04-06 05:32:00,Lost Property,Resolved,High,Contact Centre,71,72,N,N
CASE002307,20260404,ST010,2026-04-04 14:41:00,2026-04-05 00:41:00,Accessibility Assistance,Resolved,Medium,Mobile App,10,12,N,N
CASE002308,20260404,ST016,2026-04-04 17:20:00,2026-04-06 10:20:00,Service Disruption Complaint,Resolved,High,Contact Centre,41,72,N,N
CASE002309,20260404,ST001,2026-04-04 14:38:00,,Service Disruption Complaint,Pending Customer,Low,Mobile App,,72,N,Y
CASE002310,20260404,ST015,2026-04-04 06:13:00,,Delay Compensation,Escalated,Low,Email,,96,N,N
CASE002311,20260405,ST009,2026-04-05 11:55:00,2026-04-05 12:55:00,Lost Property,Resolved,Urgent,Email,1,72,N,Y
CASE002312,20260405,ST006,2026-04-05 06:39:00,2026-04-06 10:39:00,Ticketing / Refund,Resolved,Low,Web Form,28,48,N,N
CASE002313,20260405,ST012,2026-04-05 10:48:00,,Cleanliness Complaint,Pending Customer,Low,Mobile App,,36,N,Y
CASE002314,20260406,ST015,2026-04-06 06:23:00,2026-04-07 02:23:00,Information Request,Resolved,Urgent,Web Form,20,24,N,Y
CASE002315,20260406,ST015,2026-04-06 17:57:00,2026-04-10 19:57:00,Delay Compensation,Resolved,Low,Web Form,98,96,Y,N
CASE002316,20260406,ST006,2026-04-06 09:37:00,2026-04-09 01:37:00,Service Disruption Complaint,Resolved,Medium,Mobile App,64,72,N,N
CASE002317,20260406,ST006,2026-04-06 19:13:00,2026-04-06 22:13:00,Accessibility Assistance,Resolved,Low,Mobile App,3,12,N,N
CASE002318,20260406,ST007,2026-04-06 12:25:00,2026-04-07 02:25:00,Information Request,Resolved,Low,Station Desk,14,24,N,N
CASE002319,20260406,ST001,2026-04-06 13:46:00,2026-04-07 01:46:00,Accessibility Assistance,Resolved,Low,Web Form,12,12,N,N
CASE002320,20260406,ST006,2026-04-06 20:27:00,2026-04-09 21:27:00,Lost Property,Resolved,Medium,Mobile App,73,72,Y,N
CASE002321,20260406,ST015,2026-04-06 16:20:00,,Ticketing / Refund,Escalated,Medium,Station Desk,,48,N,N
CASE002322,20260406,ST016,2026-04-06 08:52:00,2026-04-11 14:52:00,Lost Property,Resolved,Medium,Web Form,126,72,Y,N
CASE002323,20260406,ST010,2026-04-06 12:01:00,,Service Disruption Complaint,Escalated,Low,Station Desk,,72,N,Y
CASE002324,20260407,ST004,2026-04-07 08:44:00,,Ticketing / Refund,Pending Customer,Medium,Contact Centre,,48,N,N
CASE002325,20260407,ST012,2026-04-07 18:00:00,2026-04-09 22:00:00,Ticketing / Refund,Resolved,Low,Contact Centre,52,48,Y,N
CASE002326,20260407,ST003,2026-04-07 20:05:00,,Ticketing / Refund,Escalated,Medium,Email,,48,N,N
CASE002327,20260408,ST010,2026-04-08 09:18:00,2026-04-12 14:18:00,Lost Property,Resolved,Urgent,Web Form,101,72,Y,N
CASE002328,20260408,ST006,2026-04-08 12:57:00,2026-04-10 20:57:00,Ticketing / Refund,Resolved,Low,Email,56,48,Y,Y
CASE002329,20260408,ST008,2026-04-08 21:47:00,2026-04-11 14:47:00,Ticketing / Refund,Resolved,Medium,Station Desk,65,48,Y,N
CASE002330,20260408,ST001,2026-04-08 22:14:00,2026-04-10 12:14:00,Delay Compensation,Resolved,Medium,Contact Centre,38,96,N,N
CASE002331,20260409,ST001,2026-04-09 06:53:00,2026-04-11 15:53:00,Delay Compensation,Resolved,High,Mobile App,57,96,N,N
CASE002332,20260409,ST006,2026-04-09 16:02:00,2026-04-10 12:02:00,Information Request,Resolved,Medium,Email,20,24,N,N
CASE002333,20260409,ST002,2026-04-09 21:41:00,2026-04-13 00:41:00,Lost Property,Resolved,Medium,Contact Centre,75,72,Y,Y
CASE002334,20260409,ST002,2026-04-09 08:05:00,2026-04-10 01:05:00,Information Request,Resolved,High,Contact Centre,17,24,N,N
CASE002335,20260409,ST012,2026-04-09 17:09:00,2026-04-17 12:09:00,Service Disruption Complaint,Resolved,Medium,Mobile App,187,72,Y,N
CASE002336,20260409,ST003,2026-04-09 13:14:00,2026-04-12 00:14:00,Delay Compensation,Resolved,Low,Mobile App,59,96,N,Y
CASE002337,20260409,ST009,2026-04-09 16:22:00,2026-04-11 09:22:00,Ticketing / Refund,Resolved,High,Email,41,48,N,N
CASE002338,20260410,ST013,2026-04-10 11:51:00,,Service Disruption Complaint,Open,Low,Contact Centre,,72,N,N
CASE002339,20260410,ST016,2026-04-10 09:24:00,2026-04-10 19:24:00,Ticketing / Refund,Resolved,Medium,Contact Centre,10,48,N,N
CASE002340,20260410,ST001,2026-04-10 12:25:00,,Ticketing / Refund,Pending Customer,Low,Web Form,,48,N,N
CASE002341,20260410,ST008,2026-04-10 21:51:00,2026-04-15 02:51:00,Service Disruption Complaint,Resolved,High,Email,101,72,Y,N
CASE002342,20260410,ST007,2026-04-10 07:43:00,2026-04-11 11:43:00,Delay Compensation,Resolved,Low,Station Desk,28,96,N,Y
CASE002343,20260410,ST010,2026-04-10 22:08:00,2026-04-11 02:08:00,Accessibility Assistance,Resolved,High,Mobile App,4,12,N,N
CASE002344,20260411,ST016,2026-04-11 13:03:00,2026-04-14 02:03:00,Service Disruption Complaint,Resolved,Low,Mobile App,61,72,N,N
CASE002345,20260411,ST013,2026-04-11 20:41:00,2026-04-12 05:41:00,Accessibility Assistance,Resolved,Medium,Email,9,12,N,N
CASE002346,20260411,ST002,2026-04-11 10:39:00,2026-04-13 07:39:00,Ticketing / Refund,Resolved,Medium,Email,45,48,N,N
CASE002347,20260411,ST004,2026-04-11 06:55:00,,Accessibility Assistance,Pending Customer,Medium,Contact Centre,,12,N,N
CASE002348,20260411,ST015,2026-04-11 10:23:00,2026-04-13 01:23:00,Ticketing / Refund,Resolved,Medium,Web Form,39,48,N,Y
CASE002349,20260412,ST015,2026-04-12 06:44:00,2026-04-12 21:44:00,Ticketing / Refund,Resolved,High,Contact Centre,15,48,N,N
CASE002350,20260412,ST008,2026-04-12 20:01:00,2026-04-14 06:01:00,Lost Property,Resolved,Medium,Web Form,34,72,N,Y
CASE002351,20260412,ST006,2026-04-12 12:01:00,2026-04-12 21:01:00,Accessibility Assistance,Resolved,Low,Station Desk,9,12,N,N
CASE002352,20260412,ST001,2026-04-12 20:05:00,,Service Disruption Complaint,Pending Customer,Medium,Mobile App,,72,N,Y
CASE002353,20260413,ST008,2026-04-13 21:55:00,2026-04-14 21:55:00,Information Request,Resolved,High,Contact Centre,24,24,N,Y
CASE002354,20260413,ST006,2026-04-13 12:20:00,2026-04-16 07:20:00,Ticketing / Refund,Resolved,Medium,Contact Centre,67,48,Y,N
CASE002355,20260413,ST004,2026-04-13 09:56:00,2026-04-15 12:56:00,Delay Compensation,Resolved,High,Station Desk,51,96,N,N
CASE002356,20260413,ST006,2026-04-13 14:58:00,2026-04-20 17:58:00,Lost Property,Resolved,High,Station Desk,171,72,Y,N
CASE002357,20260413,ST003,2026-04-13 17:58:00,2026-04-15 14:58:00,Ticketing / Refund,Resolved,Medium,Station Desk,45,48,N,N
CASE002358,20260413,ST016,2026-04-13 11:48:00,2026-04-18 21:48:00,Delay Compensation,Resolved,High,Contact Centre,130,96,Y,N
CASE002359,20260413,ST013,2026-04-13 20:29:00,2026-04-17 20:29:00,Delay Compensation,Resolved,Medium,Station Desk,96,96,N,N
CASE002360,20260414,ST010,2026-04-14 13:16:00,,Accessibility Assistance,Pending Customer,Medium,Email,,12,N,N
CASE002361,20260414,ST008,2026-04-14 10:14:00,2026-04-17 03:14:00,Service Disruption Complaint,Resolved,Low,Contact Centre,65,72,N,N
CASE002362,20260414,ST006,2026-04-14 08:49:00,2026-04-14 09:49:00,Information Request,Resolved,Medium,Contact Centre,1,24,N,N
CASE002363,20260414,ST016,2026-04-14 16:41:00,2026-04-15 19:41:00,Information Request,Resolved,Medium,Email,27,24,Y,N
CASE002364,20260414,ST007,2026-04-14 18:18:00,2026-04-17 03:18:00,Lost Property,Resolved,Low,Station Desk,57,72,N,N
CASE002365,20260415,ST008,2026-04-15 12:22:00,2026-04-15 20:22:00,Information Request,Resolved,Medium,Web Form,8,24,N,Y
CASE002366,20260415,ST015,2026-04-15 09:22:00,2026-04-19 01:22:00,Ticketing / Refund,Resolved,Low,Email,88,48,Y,N
CASE002367,20260415,ST001,2026-04-15 06:35:00,,Lost Property,Pending Customer,Medium,Contact Centre,,72,N,N
CASE002368,20260415,ST014,2026-04-15 15:24:00,2026-04-15 22:24:00,Accessibility Assistance,Resolved,Medium,Station Desk,7,12,N,N
CASE002369,20260415,ST007,2026-04-15 17:08:00,2026-04-17 13:08:00,Service Disruption Complaint,Resolved,Medium,Contact Centre,44,72,N,Y
CASE002370,20260415,ST006,2026-04-15 08:53:00,2026-04-16 22:53:00,Ticketing / Refund,Resolved,High,Email,38,48,N,N
CASE002371,20260416,ST015,2026-04-16 15:23:00,2026-04-18 20:23:00,Delay Compensation,Resolved,High,Station Desk,53,96,N,Y
CASE002372,20260416,ST008,2026-04-16 14:58:00,2026-04-17 01:58:00,Accessibility Assistance,Resolved,Medium,Contact Centre,11,12,N,Y
CASE002373,20260416,ST003,2026-04-16 07:57:00,2026-04-16 20:57:00,Accessibility Assistance,Resolved,Low,Email,13,12,Y,N
CASE002374,20260416,ST006,2026-04-16 17:21:00,,Ticketing / Refund,Open,High,Contact Centre,,48,N,N
CASE002375,20260416,ST004,2026-04-16 08:52:00,,Delay Compensation,Pending Customer,Medium,Web Form,,96,N,N
CASE002376,20260417,ST002,2026-04-17 18:14:00,2026-04-19 11:14:00,Ticketing / Refund,Resolved,Medium,Email,41,48,N,N
CASE002377,20260417,ST010,2026-04-17 16:39:00,2026-04-18 13:39:00,Cleanliness Complaint,Resolved,Medium,Station Desk,21,36,N,N
CASE002378,20260417,ST014,2026-04-17 19:04:00,,Ticketing / Refund,Open,Medium,Web Form,,48,N,N
CASE002379,20260417,ST002,2026-04-17 12:52:00,2026-04-17 20:52:00,Accessibility Assistance,Resolved,Medium,Mobile App,8,12,N,N
CASE002380,20260417,ST002,2026-04-17 08:21:00,2026-04-19 21:21:00,Ticketing / Refund,Resolved,Medium,Web Form,61,48,Y,N
CASE002381,20260418,ST002,2026-04-18 08:45:00,2026-04-19 17:45:00,Ticketing / Refund,Resolved,High,Email,33,48,N,N
CASE002382,20260418,ST010,2026-04-18 15:44:00,2026-04-22 19:44:00,Delay Compensation,Resolved,Medium,Contact Centre,100,96,Y,Y
CASE002383,20260419,ST001,2026-04-19 11:25:00,2026-04-19 21:25:00,Information Request,Resolved,Medium,Mobile App,10,24,N,N
CASE002384,20260419,ST014,2026-04-19 08:21:00,,Staff Conduct,Open,Urgent,Web Form,,72,N,N
CASE002385,20260419,ST010,2026-04-19 12:47:00,2026-04-21 14:47:00,Staff Conduct,Resolved,Low,Contact Centre,50,72,N,Y
CASE002386,20260419,ST013,2026-04-19 19:25:00,2026-04-26 00:25:00,Staff Conduct,Resolved,High,Contact Centre,149,72,Y,Y
CASE002387,20260419,ST012,2026-04-19 16:41:00,,Ticketing / Refund,Open,Medium,Contact Centre,,48,N,N
CASE002388,20260419,ST003,2026-04-19 07:50:00,2026-04-20 11:50:00,Ticketing / Refund,Resolved,Medium,Station Desk,28,48,N,N
CASE002389,20260419,ST010,2026-04-19 07:06:00,2026-04-28 01:06:00,Lost Property,Resolved,High,Email,210,72,Y,N
CASE002390,20260420,ST013,2026-04-20 14:34:00,2026-04-28 00:34:00,Delay Compensation,Resolved,Low,Station Desk,178,96,Y,N
CASE002391,20260420,ST006,2026-04-20 19:36:00,,Service Disruption Complaint,Open,Low,Mobile App,,72,N,Y
CASE002392,20260420,ST008,2026-04-20 12:56:00,2026-04-20 20:56:00,Accessibility Assistance,Resolved,High,Contact Centre,8,12,N,N
CASE002393,20260420,ST015,2026-04-20 12:33:00,2026-04-27 12:33:00,Staff Conduct,Resolved,Low,Contact Centre,168,72,Y,N
CASE002394,20260420,ST010,2026-04-20 09:39:00,,Ticketing / Refund,Pending Customer,Medium,Web Form,,48,N,N
CASE002395,20260420,ST006,2026-04-20 14:31:00,2026-04-27 07:31:00,Ticketing / Refund,Resolved,Medium,Web Form,161,48,Y,Y
CASE002396,20260420,ST001,2026-04-20 19:40:00,,Service Disruption Complaint,Open,Medium,Contact Centre,,72,N,N
CASE002397,20260421,ST004,2026-04-21 13:21:00,2026-04-25 08:21:00,Service Disruption Complaint,Resolved,High,Web Form,91,72,Y,N
CASE002398,20260421,ST015,2026-04-21 10:33:00,,Ticketing / Refund,Open,High,Web Form,,48,N,Y
CASE002399,20260421,ST005,2026-04-21 13:52:00,2026-04-21 20:52:00,Information Request,Resolved,Low,Mobile App,7,24,N,N
CASE002400,20260421,ST016,2026-04-21 06:51:00,,Information Request,Pending Customer,High,Mobile App,,24,N,N
CASE002401,20260421,ST010,2026-04-21 20:22:00,2026-04-25 04:22:00,Delay Compensation,Resolved,Medium,Web Form,80,96,N,N
CASE002402,20260421,ST010,2026-04-21 13:46:00,,Accessibility Assistance,Pending Customer,Low,Station Desk,,12,N,Y
CASE002403,20260421,ST004,2026-04-21 06:15:00,2026-04-22 22:15:00,Ticketing / Refund,Resolved,Medium,Station Desk,40,48,N,N
CASE002404,20260422,ST008,2026-04-22 07:00:00,,Delay Compensation,Open,Low,Station Desk,,96,N,N
CASE002405,20260422,ST006,2026-04-22 09:36:00,,Information Request,Escalated,High,Station Desk,,24,N,N
CASE002406,20260422,ST001,2026-04-22 19:19:00,2026-04-23 16:19:00,Information Request,Resolved,Low,Contact Centre,21,24,N,N
CASE002407,20260422,ST011,2026-04-22 09:13:00,,Accessibility Assistance,Open,Medium,Web Form,,12,N,N
CASE002408,20260423,ST009,2026-04-23 22:40:00,2026-04-27 04:40:00,Ticketing / Refund,Resolved,Medium,Station Desk,78,48,Y,N
CASE002409,20260423,ST016,2026-04-23 18:47:00,,Information Request,Open,Low,Mobile App,,24,N,Y
CASE002410,20260423,ST012,2026-04-23 07:19:00,2026-04-23 16:19:00,Lost Property,Resolved,High,Web Form,9,72,N,N
CASE002411,20260423,ST003,2026-04-23 16:13:00,2026-04-24 03:13:00,Ticketing / Refund,Resolved,Medium,Contact Centre,11,48,N,N
CASE002412,20260423,ST006,2026-04-23 13:27:00,2026-04-24 15:27:00,Staff Conduct,Resolved,Low,Mobile App,26,72,N,N
CASE002413,20260424,ST005,2026-04-24 21:36:00,2026-04-26 20:36:00,Ticketing / Refund,Resolved,High,Email,47,48,N,N
CASE002414,20260424,ST011,2026-04-24 22:03:00,,Information Request,Escalated,Medium,Mobile App,,24,N,Y
CASE002415,20260424,ST001,2026-04-24 13:17:00,2026-04-25 16:17:00,Information Request,Resolved,Medium,Station Desk,27,24,Y,N
CASE002416,20260425,ST015,2026-04-25 21:11:00,2026-04-29 11:11:00,Delay Compensation,Resolved,Medium,Station Desk,86,96,N,N
CASE002417,20260425,ST016,2026-04-25 06:04:00,2026-04-27 21:04:00,Service Disruption Complaint,Resolved,Low,Station Desk,63,72,N,Y
CASE002418,20260425,ST006,2026-04-25 09:04:00,2026-05-01 05:04:00,Delay Compensation,Resolved,Low,Contact Centre,140,96,Y,N
CASE002419,20260425,ST010,2026-04-25 15:29:00,2026-05-03 04:29:00,Delay Compensation,Resolved,High,Station Desk,181,96,Y,N
CASE002420,20260425,ST002,2026-04-25 11:40:00,,Accessibility Assistance,Open,Urgent,Contact Centre,,12,N,N
CASE002421,20260426,ST001,2026-04-26 14:56:00,2026-05-02 03:56:00,Lost Property,Resolved,Medium,Mobile App,133,72,Y,N
CASE002422,20260426,ST003,2026-04-26 11:15:00,2026-04-27 13:15:00,Ticketing / Refund,Resolved,High,Contact Centre,26,48,N,N
CASE002423,20260426,ST009,2026-04-26 12:30:00,2026-05-05 14:30:00,Lost Property,Resolved,Medium,Station Desk,218,72,Y,N
CASE002424,20260426,ST008,2026-04-26 10:33:00,2026-05-02 06:33:00,Lost Property,Resolved,Medium,Web Form,140,72,Y,N
CASE002425,20260427,ST007,2026-04-27 18:59:00,2026-05-04 03:59:00,Service Disruption Complaint,Resolved,Low,Contact Centre,153,72,Y,N
CASE002426,20260427,ST006,2026-04-27 22:27:00,2026-05-03 10:27:00,Delay Compensation,Resolved,Low,Station Desk,132,96,Y,Y
CASE002427,20260427,ST003,2026-04-27 10:23:00,2026-05-02 09:23:00,Delay Compensation,Resolved,Low,Email,119,96,Y,N
CASE002428,20260427,ST010,2026-04-27 08:17:00,2026-04-27 13:17:00,Service Disruption Complaint,Resolved,Low,Contact Centre,5,72,N,Y
CASE002429,20260427,ST004,2026-04-27 14:51:00,,Ticketing / Refund,Open,Low,Contact Centre,,48,N,N
CASE002430,20260427,ST009,2026-04-27 11:15:00,2026-04-28 02:15:00,Accessibility Assistance,Resolved,Low,Mobile App,15,12,Y,N
CASE002431,20260427,ST002,2026-04-27 07:31:00,,Delay Compensation,Open,Medium,Email,,96,N,N
CASE002432,20260428,ST015,2026-04-28 18:49:00,,Information Request,Open,Low,Station Desk,,24,N,N
CASE002433,20260428,ST008,2026-04-28 21:28:00,2026-05-04 06:28:00,Service Disruption Complaint,Resolved,Medium,Email,129,72,Y,N
CASE002434,20260428,ST006,2026-04-28 16:20:00,,Service Disruption Complaint,Pending Customer,Medium,Contact Centre,,72,N,N
CASE002435,20260428,ST008,2026-04-28 14:18:00,,Service Disruption Complaint,Escalated,High,Email,,72,N,N
CASE002436,20260429,ST001,2026-04-29 16:01:00,2026-05-01 03:01:00,Service Disruption Complaint,Resolved,Medium,Mobile App,35,72,N,Y
CASE002437,20260429,ST009,2026-04-29 11:09:00,2026-04-29 15:09:00,Accessibility Assistance,Resolved,High,Station Desk,4,12,N,N
CASE002438,20260429,ST015,2026-04-29 10:02:00,2026-05-01 18:02:00,Delay Compensation,Resolved,Medium,Mobile App,56,96,N,N
CASE002439,20260430,ST001,2026-04-30 11:08:00,2026-05-02 07:08:00,Service Disruption Complaint,Resolved,Medium,Web Form,44,72,N,N
CASE002440,20260430,ST005,2026-04-30 21:59:00,2026-05-03 09:59:00,Ticketing / Refund,Resolved,Low,Station Desk,60,48,Y,N
CASE002441,20260430,ST013,2026-04-30 07:39:00,2026-05-01 01:39:00,Information Request,Resolved,High,Station Desk,18,24,N,N
